CREATE DATABASE  IF NOT EXISTS `urdido_engomado` /*!40100 DEFAULT CHARACTER SET utf8 COLLATE utf8_spanish2_ci */;
USE `urdido_engomado`;
-- MySQL dump 10.13  Distrib 5.7.17, for Win64 (x86_64)
--
-- Host: 127.0.0.1    Database: urdido_engomado
-- ------------------------------------------------------
-- Server version	5.5.5-10.1.38-MariaDB

/*!40101 SET @OLD_CHARACTER_SET_CLIENT=@@CHARACTER_SET_CLIENT */;
/*!40101 SET @OLD_CHARACTER_SET_RESULTS=@@CHARACTER_SET_RESULTS */;
/*!40101 SET @OLD_COLLATION_CONNECTION=@@COLLATION_CONNECTION */;
/*!40101 SET NAMES utf8 */;
/*!40103 SET @OLD_TIME_ZONE=@@TIME_ZONE */;
/*!40103 SET TIME_ZONE='+00:00' */;
/*!40014 SET @OLD_UNIQUE_CHECKS=@@UNIQUE_CHECKS, UNIQUE_CHECKS=0 */;
/*!40014 SET @OLD_FOREIGN_KEY_CHECKS=@@FOREIGN_KEY_CHECKS, FOREIGN_KEY_CHECKS=0 */;
/*!40101 SET @OLD_SQL_MODE=@@SQL_MODE, SQL_MODE='NO_AUTO_VALUE_ON_ZERO' */;
/*!40111 SET @OLD_SQL_NOTES=@@SQL_NOTES, SQL_NOTES=0 */;

--
-- Table structure for table `acceso`
--

DROP TABLE IF EXISTS `acceso`;
/*!40101 SET @saved_cs_client     = @@character_set_client */;
/*!40101 SET character_set_client = utf8 */;
CREATE TABLE `acceso` (
  `idacceso` int(11) NOT NULL AUTO_INCREMENT,
  `tope` date NOT NULL,
  `guar` date NOT NULL,
  PRIMARY KEY (`idacceso`)
) ENGINE=InnoDB AUTO_INCREMENT=2 DEFAULT CHARSET=utf8 COLLATE=utf8_spanish2_ci;
/*!40101 SET character_set_client = @saved_cs_client */;

--
-- Dumping data for table `acceso`
--

LOCK TABLES `acceso` WRITE;
/*!40000 ALTER TABLE `acceso` DISABLE KEYS */;
INSERT INTO `acceso` VALUES (1,'2019-03-31','2019-04-15');
/*!40000 ALTER TABLE `acceso` ENABLE KEYS */;
UNLOCK TABLES;

--
-- Table structure for table `articulo`
--

DROP TABLE IF EXISTS `articulo`;
/*!40101 SET @saved_cs_client     = @@character_set_client */;
/*!40101 SET character_set_client = utf8 */;
CREATE TABLE `articulo` (
  `hilo` decimal(5,2) NOT NULL,
  `descripcion` varchar(35) COLLATE utf8_spanish2_ci NOT NULL,
  `h_practico` decimal(10,2) NOT NULL,
  `prod_neta` decimal(8,2) DEFAULT NULL,
  `generico` varchar(35) COLLATE utf8_spanish2_ci NOT NULL,
  PRIMARY KEY (`hilo`)
) ENGINE=InnoDB DEFAULT CHARSET=utf8 COLLATE=utf8_spanish2_ci;
/*!40101 SET character_set_client = @saved_cs_client */;

--
-- Dumping data for table `articulo`
--

LOCK TABLES `articulo` WRITE;
/*!40000 ALTER TABLE `articulo` DISABLE KEYS */;
INSERT INTO `articulo` VALUES (4.00,'Hilo 4, 100% Algodón          ',4.00,0.96,'4         '),(4.10,'Hilo 4, Algodón Poliéster PYT ',4.00,0.00,'4 P/AP    '),(4.30,'Hilo 12/3 torzal camello      ',4.00,0.00,'12/3  TCAM'),(4.40,'Hilo 8/2 algodón PYT          ',4.00,0.00,'8/2 PYT   '),(5.00,'Hilo 10/2 Torzal 100% Algodón ',5.10,0.96,'10/2 TORFM'),(5.10,'Hilo 10/2 100% Algodón PYT    ',5.00,0.00,'10/2 PYT  '),(5.20,'Hilo 10/2 MAQUILA             ',5.00,0.00,'10/2MAQ   '),(7.10,'Hilo 7 colores alg. 100% organ',7.00,-0.10,'7 COLORES '),(8.00,'Hilo 8, 100% Algodón          ',8.00,0.96,'8         '),(8.10,'Hilo 16/2 Torzal              ',8.00,0.00,'8-T       '),(8.40,'Hilo 8/1 melón los Angeles    ',8.00,0.00,'8 MELON   '),(8.70,'Hilo 8/1 Algodón Jaspe PYT    ',8.00,0.00,'8 PYTJ    '),(8.90,'Hilo 8/1 Alg organic natural  ',8.00,-0.10,'8/1 ORGANI'),(9.20,'Hilo 9, Alg. Preteñido Rojo   ',9.00,0.00,'9 ROJO    '),(10.00,'Hilo 10, 100% Algodón         ',10.00,0.96,'10        '),(10.30,'Hilo 20/2 Torzal 100% Algodón ',10.00,0.96,'20/2 TORFM'),(11.40,'Hilo 12/1 100% Algodón ZAGIS  ',12.00,0.00,'12 ZAG ALG'),(11.50,'Hilo 10/1 100% Alg ROMAMILS   ',10.00,0.00,'10 ROMA M '),(12.00,'Hilo 12, 100% Algodón         ',12.00,0.96,'12        '),(12.10,'Hilo 12, Poliéster-Algodón    ',12.00,0.96,'12 P/A    '),(12.30,'Hilo 12/1 Rosa Mexicano       ',12.00,0.00,'12 ROSA   '),(12.40,'Hilo 12,  A/P (80-20) PYT     ',12.00,0.00,'12 P/AP   '),(12.70,'Hilo 12 P/A Zagis             ',12.00,0.00,'12 P/A Z  '),(12.90,'Hilo 12/2 A/P Lote limón E    ',6.00,0.00,'12/2 LIM  '),(13.20,'Hilo 12/1 preteñido camello   ',12.00,0.00,'12 CAM    '),(13.50,'Hilo 12/1 Fiusha              ',12.00,0.00,'12 FIUSHA '),(13.80,'Hilo 12/1 Color               ',12.00,0.00,'12 COLOR  '),(14.30,'Hilo 12/1 Azul rey            ',12.00,0.00,'12 AZULREY'),(14.40,'Hilo 12/1 Verde Agua          ',12.00,0.00,'12 VERAGUA'),(14.50,'Hilo 12/1 Rojo                ',12.00,0.00,'12 ROJO   '),(14.60,'Hilo 12/1 Morado              ',12.00,0.00,'12 MORADO '),(14.80,'Hilo 12/1 café PYT            ',12.00,0.00,'12/1 CAFE '),(14.90,'Hilo 12/1 Azul Marino         ',12.00,0.00,'12/1 MAR  '),(15.40,'Hilo 20/2 Rivertex            ',10.00,-0.10,'20/2 RIVER'),(15.60,'Hilo 12/1 AP negro Los Angeles',12.00,0.00,'12 NEG LA '),(16.10,'Hilo 16/2 Pol. Algodón PYT    ',8.00,0.00,'16/2 P/AP '),(16.20,'Hilo 16/1 algodón peinado     ',16.00,-0.10,'16/1 A PEI'),(16.30,'16 Filamento 150/2 (180/2)    ',15.80,0.00,'16FIL150/2'),(16.40,'Hilo 16/4 Orgánico            ',4.00,-0.10,'16/4 ORG  '),(16.50,'Hilo 16/1 A/P Naranja         ',16.00,0.00,'16 NAR    '),(16.60,'Hilo 16/1 A/P Rojo            ',16.00,0.00,'16 APROJO '),(16.80,'Hilo 16/1 orgánico            ',16.00,-0.10,'16 ORGAN  '),(16.90,'Hilo 16/1 orgánico colores    ',16.00,-0.10,'16 ORGCOL '),(18.00,'Hilo 18/1 65-35 F. María      ',18.00,0.96,'18 MARIA  '),(18.40,'Hilo 18/1 65-35 P/A open end  ',17.70,0.00,'18P/A 6535'),(19.10,'Hilo 19,  Poliéster Alg. PYT  ',19.00,0.00,'19 P/AP   '),(20.00,'Hilo 20, 100% Algodón         ',20.00,0.96,'20        '),(20.20,'Hilo 20, 50% Pol 50% Alg Zagis',20.00,0.00,'20 P/AZ   '),(20.30,'Hilo 20/2 MAQUILA 2 cabos     ',10.00,0.00,'20/2 MAQ  '),(20.70,'Hilo 20/1 P/A  PYT            ',20.00,0.00,'20/1PYT   '),(20.80,'Hilo 20, 100% Algodón ZAGIS   ',20.00,0.00,'20ZAG     '),(20.90,'Hilo 20/1 AP negro Los Angeles',20.00,0.00,'20 NEG LA '),(21.00,'Hilo 20/1 50/50 Pol/Alg ROM   ',20.00,0.00,'20/1 ROMA '),(21.10,'Hilo 8/1 organico colores     ',8.00,-0.10,'8 ORG COL '),(21.20,'Hilo 20/1 100% Alg. Anillo Pie',20.00,0.00,'20 ANI ZAG'),(21.30,'Hilo 12/1 Blanco Los Angeles  ',12.00,0.00,'12/1 BCO  '),(21.40,'Hilo 12/1 50/50 Pol/Alg ROMAMI',12.00,0.00,'12/1 ROMA '),(21.50,'Hilo 20/1 Algodón Tritón      ',20.00,0.00,'20 TRITON '),(21.60,'Hilo 20/2 P/A Hilvitex        ',10.00,0.00,'20/2 HILV '),(21.70,'Hilo 20/2 P/A PYT             ',10.00,0.00,'20/2 PYT  '),(21.80,'Hilo 20/1 Openend Akaltex     ',20.00,0.00,'20/1 AKAL '),(21.90,'Hilo 20/1 AP negro Angeles MQ ',20.00,-0.10,'20NEGMA   '),(22.10,'Hilo 12/3 fiusha PYT          ',4.00,0.00,'12/3FIU   '),(22.20,'Hilo 12/3 marino PYT          ',4.00,0.00,'12/3MAR   '),(22.30,'Hilo 12/3 morado PYT          ',4.00,0.00,'12/3MOR   '),(22.40,'Hilo 12/3 lila PYT            ',4.00,0.00,'12/3LILA  '),(22.50,'Hilo 12/3 cemento PYT         ',4.00,0.00,'12/3CEM   '),(22.60,'Hilo 12/3 verde militar PYT   ',4.00,0.00,'12/3VMI   '),(22.70,'Hilo 12/1 gris claro          ',12.00,0.00,'12 GRIS   '),(22.80,'Hilo 12/1 kaky                ',12.00,0.00,'12 KAKY   '),(22.90,'Hilo 12/1 gris oxford         ',12.00,0.00,'12 OXFORD '),(23.00,'Hilo 12/1 camello claro       ',12.00,0.00,'12 CAMCLA '),(23.10,'Hilo 24/2  Alg. 100% Hilvitex ',12.00,0.00,'24/2 HILVI'),(23.20,'Hilo 16/2 alg. orgánico       ',8.00,-0.10,'16/2 ORGAN'),(23.30,'Hilo 22/2 Orgánico            ',11.00,-0.10,'22/2 ORG  '),(23.40,'Hilo 26/2 Orgánico            ',13.00,-0.10,'26/2 ORG  '),(23.50,'Hilo 20/1 AP azul rey Ang MQ  ',20.00,-0.10,'20 AR MA  '),(23.60,'Hilo 20/1 AP rojo  Angeles MQ ',20.00,-0.10,'20 ROJ MA '),(23.70,'Hilo 20/1 AP Amarillo  Ang MQ ',20.00,-0.10,'20 AMA MA '),(23.80,'Hilo 20/2 Algodón Torzal VICZA',10.00,0.00,'20/2 VICZA'),(24.00,'Hilo 24 100% Algodón          ',24.00,0.96,'24 ALG    '),(24.10,'Hilo 24/2 Torzal 100% Algodón ',12.00,0.96,'24/2 TORFM'),(24.60,'Hilo 24/2 Torzal 100% Alg. Zag',12.00,0.00,'24 T-Z ALG'),(24.70,'Hilo 24/2 80-20 acrílico vis. ',12.00,-0.10,'24/2 ACRIL'),(24.80,'Hilo 24/2 peinado algodón 100%',12.00,-0.10,'24/2 PEI  '),(24.90,'Hilo perfil 825 (24/2)        ',12.00,-0.10,'PERFIL825 '),(28.30,'Hilo 28/1 Algodón orgánico    ',28.00,-0.10,'28 ORGANIC'),(30.10,'Hilo 30/1 95% Algodón 5% Elast',30.00,0.00,'30/1      '),(30.20,'Hilo 30/1 Uechitl 97-3 Alg/Vis',30.00,0.00,'30 UECHITL'),(30.30,'Hilo 30/1 P/A F. María        ',30.00,0.96,'30/1 P/AFM'),(30.70,'Hilo 30/1 50% Alg 50% Pol Zagi',30.00,0.00,'30 50-50 Z'),(30.80,'Hilo 30/1 P/A 50-50 Tritón    ',30.00,0.00,'30 TRITON '),(30.90,'Hilo 30/1 jaspe 90/10 TAURO   ',30.00,0.00,'30 J TAURO'),(31.20,'Hilo 30/1 50-50 Jet Spinner   ',30.00,0.00,'30 JETSPI '),(31.30,'Hilo 20/1 AP Amarillo         ',20.00,0.00,'20/1AP AMA'),(31.40,'Hilo 20/1 AP Azul Turqueza    ',20.00,0.00,'20/1AP TUR'),(31.50,'Hilo 20/1 AP Coral            ',20.00,0.00,'20/1AP COR'),(31.60,'Hilo 20/1 AP Fiusha           ',20.00,0.00,'20/1AP FIU'),(31.70,'Hilo 20/1 AP Rojo             ',20.00,0.00,'20/1AP ROJ'),(31.80,'Hilo 20/1 AP Verde            ',20.00,0.00,'20/1AP VER'),(31.90,'Hilo 24/1 AP Negro            ',24.00,0.00,'24/1APNEGR'),(32.10,'Hilo 20/1 AP Azul Rey         ',20.00,0.00,'20/1AP REY'),(32.20,'Hilo 19/1 A/P MQ              ',19.00,-0.10,'19 P/A MAQ'),(32.30,'Hilo 20/2 Torzal P/A (C)      ',10.00,0.96,'20/2 PATOR'),(32.40,'Hilo 20/1 Marie Lou P/A       ',20.00,0.00,'20/1 MARIE'),(32.50,'Hilo 20/1 AP COLORES          ',20.00,0.00,'20/1 APCOL'),(32.60,'Hilo 20/1 Alg. MAQUILA U/E    ',20.00,0.00,'20/1 MAQUE'),(36.00,'Hilo 36, 100%  Algodón        ',36.00,0.00,'36        '),(36.20,'Hilo 36/2 orgánico            ',18.10,-0.10,'36/2 ORG  '),(36.30,'HIlo 36/1 VF VORTEX ZAGIS     ',36.00,0.00,'36VORTEX  '),(40.10,'Hilo 40/1  Algodón orgánico   ',40.00,-0.10,'40 ORGANIC'),(40.20,'Hilo 40/1 alg. orgánico café  ',40.00,-0.10,'40 CAFE OR'),(40.40,'Hilo 40/2 Doblado Alg. orgánic',20.00,-0.10,'40/2 ORGAN'),(40.50,'Hilo 40/2 peinado algodón 100%',20.00,-0.10,'40/2 PEI  '),(40.60,'Hilo 424 Dtex Antiestático    ',0.00,-0.10,'424 ANTIES'),(48.10,'Hilo 20/2 Oro                 ',50.00,0.00,'48 O      '),(90.00,'Hilo 12/1 Alg. MAQUILA café   ',12.00,0.00,'12MAQCAF  '),(90.10,'Hilo 20/1 Alg. MAQUILA café   ',20.00,0.00,'20MAQCAF  '),(96.00,'Filamento 180/96/3 P/A        ',12.00,0.00,'96FIL180  ');
/*!40000 ALTER TABLE `articulo` ENABLE KEYS */;
UNLOCK TABLES;

--
-- Table structure for table `articulo_inventario`
--

DROP TABLE IF EXISTS `articulo_inventario`;
/*!40101 SET @saved_cs_client     = @@character_set_client */;
/*!40101 SET character_set_client = utf8 */;
CREATE TABLE `articulo_inventario` (
  `idarticulo_inventario` int(11) NOT NULL AUTO_INCREMENT,
  `hilo` decimal(5,2) NOT NULL,
  `cantidad` int(11) NOT NULL,
  `idpresenta` int(11) NOT NULL,
  `bobinas` int(11) NOT NULL,
  `peso` decimal(15,5) NOT NULL,
  `inv` varchar(2) COLLATE utf8_spanish2_ci NOT NULL,
  PRIMARY KEY (`idarticulo_inventario`),
  KEY `fk_id_presenta_inv_idx` (`idpresenta`),
  KEY `fk_hilo_inv_idx` (`hilo`),
  CONSTRAINT `fk_hilo_inv` FOREIGN KEY (`hilo`) REFERENCES `articulo` (`hilo`) ON DELETE NO ACTION ON UPDATE NO ACTION,
  CONSTRAINT `fk_id_presenta_inv` FOREIGN KEY (`idpresenta`) REFERENCES `presentacion` (`idpresentacion`) ON DELETE NO ACTION ON UPDATE NO ACTION
) ENGINE=InnoDB AUTO_INCREMENT=21 DEFAULT CHARSET=utf8 COLLATE=utf8_spanish2_ci;
/*!40101 SET character_set_client = @saved_cs_client */;

--
-- Dumping data for table `articulo_inventario`
--

LOCK TABLES `articulo_inventario` WRITE;
/*!40000 ALTER TABLE `articulo_inventario` DISABLE KEYS */;
INSERT INTO `articulo_inventario` VALUES (1,4.00,0,1,1280,4232.32000,'IF'),(2,8.00,0,1,320,1230.18000,'IF'),(3,10.00,0,1,984,3357.49000,'IF'),(4,10.30,0,1,250,85.00000,'IF'),(5,12.00,0,1,-182,-109.21000,'IF'),(6,12.10,0,1,122,389.00000,'IF'),(7,13.80,1,3,11,21.50000,'IF'),(8,16.30,20,3,216,1086.15000,'IF'),(9,18.40,46,2,566,1580.43000,'IF'),(10,20.00,0,1,791,2140.24000,'IF'),(11,20.70,42,2,504,1633.93000,'IF'),(12,21.00,25,3,620,1989.19000,'IF'),(13,21.10,1,3,32,41.00000,'IF'),(14,24.00,0,1,-117,-211.84000,'IF'),(15,24.10,0,1,160,410.79000,'IF'),(16,30.20,1,3,11,36.00000,'IF'),(17,40.40,1,3,43,47.04270,'IF'),(18,40.40,1,4,74,80.95730,'IF'),(19,32.50,1,2,11,8.06560,'IF'),(20,32.50,6,3,276,202.37440,'IF');
/*!40000 ALTER TABLE `articulo_inventario` ENABLE KEYS */;
UNLOCK TABLES;

--
-- Table structure for table `entradash`
--

DROP TABLE IF EXISTS `entradash`;
/*!40101 SET @saved_cs_client     = @@character_set_client */;
/*!40101 SET character_set_client = utf8 */;
CREATE TABLE `entradash` (
  `identradash` int(11) NOT NULL AUTO_INCREMENT,
  `fecha` date NOT NULL,
  `hilo` decimal(5,2) NOT NULL,
  `lote` decimal(5,0) NOT NULL DEFAULT '0',
  `turno` tinyint(4) NOT NULL DEFAULT '0',
  `origen` int(11) DEFAULT NULL,
  `estatus` tinyint(4) NOT NULL DEFAULT '1',
  `bobinas` decimal(7,0) NOT NULL DEFAULT '0',
  `pesoneto` decimal(15,5) NOT NULL,
  `numero` int(11) NOT NULL DEFAULT '0',
  `id_presenta` int(11) NOT NULL,
  `quienpeso` varchar(1) COLLATE utf8_spanish2_ci DEFAULT 'A',
  `pesobruto` decimal(15,5) DEFAULT '0.00000',
  `hora` datetime NOT NULL DEFAULT CURRENT_TIMESTAMP,
  `recibido_u1e` tinyint(4) NOT NULL DEFAULT '0',
  `id_ent` int(11) NOT NULL DEFAULT '0',
  `separador` int(11) NOT NULL DEFAULT '0',
  PRIMARY KEY (`identradash`),
  KEY `fk_entrada_hilo_idx` (`hilo`),
  KEY `fk_entrada_presenta_idx` (`id_presenta`),
  KEY `fk_entrada_origen_idx` (`origen`),
  CONSTRAINT `fk_entrada_hilo` FOREIGN KEY (`hilo`) REFERENCES `articulo` (`hilo`) ON DELETE NO ACTION ON UPDATE NO ACTION,
  CONSTRAINT `fk_entrada_origen` FOREIGN KEY (`origen`) REFERENCES `origen` (`idorigen`) ON DELETE NO ACTION ON UPDATE NO ACTION,
  CONSTRAINT `fk_entrada_presenta` FOREIGN KEY (`id_presenta`) REFERENCES `presentacion` (`idpresentacion`) ON DELETE NO ACTION ON UPDATE NO ACTION
) ENGINE=InnoDB AUTO_INCREMENT=1074 DEFAULT CHARSET=utf8 COLLATE=utf8_spanish2_ci;
/*!40101 SET character_set_client = @saved_cs_client */;

--
-- Dumping data for table `entradash`
--

LOCK TABLES `entradash` WRITE;
/*!40000 ALTER TABLE `entradash` DISABLE KEYS */;
INSERT INTO `entradash` VALUES (1,'2018-09-07',12.10,6,1,2,2,32,144.00000,213,1,' ',0.00000,'2019-06-14 11:52:31',1,11883,0),(2,'2018-10-23',5.00,7,1,2,2,64,134.40000,200,1,' ',0.00000,'2019-06-14 11:52:31',0,12106,0),(3,'2018-11-09',24.00,9,1,1,2,160,269.99000,30,1,'A',316.90000,'2019-06-14 11:52:31',0,12226,9),(4,'2018-11-23',4.00,9,3,1,2,160,563.39000,92,1,'A',610.30000,'2019-06-14 11:52:31',0,12290,9),(5,'2018-12-01',12.00,9,1,1,2,160,592.59000,2,1,'A',639.50000,'2019-06-14 11:52:31',0,12338,9),(6,'2018-12-05',8.00,10,2,1,2,160,642.57000,19,1,'A',706.70000,'2019-06-14 11:52:31',0,12356,15),(7,'2018-12-05',10.00,10,2,1,2,160,595.19000,20,1,'A',642.10000,'2019-06-14 11:52:31',0,12357,9),(8,'2018-12-05',10.00,10,3,1,2,160,599.89000,22,1,'A',646.80000,'2019-06-14 11:52:31',0,12359,9),(9,'2018-12-06',8.00,10,1,1,2,160,644.89000,24,1,'A',691.80000,'2019-06-14 11:52:31',0,12361,9),(10,'2018-12-06',10.00,10,1,1,2,160,599.59000,26,1,'A',646.50000,'2019-06-14 11:52:31',0,12363,9),(11,'2018-12-06',8.00,10,2,1,2,160,644.09000,29,1,'A',691.00000,'2019-06-14 11:52:31',0,12366,9),(12,'2018-12-06',10.00,10,2,1,2,160,597.19000,30,1,'A',644.10000,'2019-06-14 11:52:31',0,12367,9),(13,'2018-12-06',8.00,10,3,1,2,87,327.87000,31,1,'A',355.10000,'2019-06-14 11:52:31',0,12368,4),(14,'2018-12-06',10.00,10,3,1,2,160,599.09000,32,1,'A',646.00000,'2019-06-14 11:52:31',0,12369,9),(15,'2018-12-13',12.00,10,2,1,2,160,575.89000,51,1,'A',622.80000,'2019-06-14 11:52:31',0,12388,9),(16,'2018-12-13',12.00,10,3,1,2,160,573.59000,53,1,'A',620.50000,'2019-06-14 11:52:31',0,12390,9),(17,'2018-12-14',12.00,10,1,1,2,160,572.99000,55,1,'A',619.90000,'2019-06-14 11:52:31',0,12392,9),(18,'2018-12-14',12.00,10,2,1,2,160,570.79000,57,1,'A',617.70000,'2019-06-14 11:52:31',0,12394,9),(19,'2018-12-14',12.00,10,3,1,2,160,570.79000,61,1,'A',617.70000,'2019-06-14 11:52:31',0,12398,9),(20,'2018-12-14',12.00,10,3,1,2,157,525.01000,62,1,'A',571.70000,'2019-06-14 11:52:32',0,12399,9),(21,'2018-12-17',4.00,10,3,1,2,160,528.99000,68,1,'A',575.90000,'2019-06-14 11:52:32',0,12405,9),(22,'2018-12-18',4.00,10,2,1,2,160,521.89000,74,1,'A',568.80000,'2019-06-14 11:52:32',0,12411,9),(23,'2018-12-18',4.00,10,3,1,2,160,522.39000,77,1,'A',569.30000,'2019-06-14 11:52:32',0,12414,9),(24,'2018-12-19',10.00,10,2,1,2,160,584.19000,79,1,'A',631.10000,'2019-06-14 11:52:32',0,12416,9),(25,'2018-12-19',20.00,10,2,1,2,160,520.45000,81,1,'A',601.80000,'2019-06-14 11:52:32',0,12418,21),(26,'2018-12-20',4.00,10,3,1,2,160,513.19000,83,1,'A',560.10000,'2019-06-14 11:52:32',0,12420,9),(27,'2018-12-20',10.00,10,3,1,2,160,581.39000,84,1,'A',628.30000,'2019-06-14 11:52:32',0,12421,9),(28,'2018-12-20',4.00,10,1,1,2,159,446.16000,85,1,'A',493.00000,'2019-06-14 11:52:32',0,12423,9),(29,'2018-12-20',10.00,10,2,1,2,160,568.89000,87,1,'A',615.80000,'2019-06-14 11:52:32',0,12425,9),(30,'2018-12-21',10.00,10,2,1,2,160,571.69000,92,1,'A',618.60000,'2019-06-14 11:52:32',0,12430,9),(31,'2018-12-21',10.00,10,2,1,2,160,574.89000,93,1,'A',621.80000,'2019-06-14 11:52:32',0,12431,9),(32,'2018-12-21',30.30,10,2,1,2,160,472.29000,94,1,'A',519.20000,'2019-06-14 11:52:32',0,12432,9),(33,'2018-12-21',10.00,10,3,1,2,160,570.69000,95,1,'A',617.60000,'2019-06-14 11:52:32',0,12433,9),(34,'2018-12-21',10.00,10,3,1,2,160,566.39000,96,1,'A',613.30000,'2019-06-14 11:52:32',0,12434,9),(35,'2018-12-21',10.00,10,3,1,2,240,456.25000,97,1,'A',509.00000,'2019-06-14 11:52:32',0,12435,9),(36,'2018-12-21',20.00,10,3,1,2,160,506.09000,98,1,'A',553.00000,'2019-06-14 11:52:32',0,12436,9),(37,'2018-12-21',20.00,10,3,1,2,160,468.09000,99,1,'A',515.00000,'2019-06-14 11:52:32',0,12437,9),(38,'2018-12-21',20.00,10,3,1,2,125,186.75000,100,1,'A',231.10000,'2019-06-14 11:52:32',0,12438,9),(39,'2018-12-21',20.00,10,3,1,2,160,345.57000,101,1,'A',409.70000,'2019-06-14 11:52:32',0,12439,15),(40,'2018-12-21',20.00,10,3,1,2,55,31.05000,102,1,'A',50.20000,'2019-06-14 11:52:32',0,12440,2),(41,'2018-12-21',30.30,10,3,1,2,160,421.49000,103,1,'D',468.40000,'2019-06-14 11:52:32',0,12441,9),(42,'2018-12-21',30.30,10,3,1,2,138,153.58000,104,1,'D',187.40000,'2019-06-14 11:52:32',0,12442,5),(43,'2019-01-03',10.00,10,2,1,2,160,580.59000,1,1,'A',627.50000,'2019-06-14 11:52:32',0,12443,9),(44,'2019-01-03',20.00,10,2,1,2,160,509.19000,2,1,'A',556.10000,'2019-06-14 11:52:32',0,12444,9),(45,'2019-01-03',30.30,10,2,1,2,144,377.63000,3,1,'D',420.50000,'2019-06-14 11:52:32',0,12445,8),(46,'2019-01-03',10.00,10,3,1,2,160,580.49000,4,1,'A',627.40000,'2019-06-14 11:52:32',0,12446,9),(47,'2019-01-04',10.00,10,1,1,2,160,583.99000,5,1,'A',630.90000,'2019-06-14 11:52:32',0,12447,9),(48,'2019-01-04',20.00,10,1,1,2,160,517.29000,6,1,'A',564.20000,'2019-06-14 11:52:32',0,12448,9),(49,'2019-01-04',10.00,10,2,1,2,160,561.49000,7,1,'A',608.40000,'2019-06-14 11:52:32',0,12449,9),(50,'2019-01-04',20.00,10,2,1,2,160,516.59000,8,1,'A',563.50000,'2019-06-14 11:52:32',0,12450,9),(51,'2019-01-04',8.00,10,3,1,2,160,578.99000,9,1,'A',625.90000,'2019-06-14 11:52:32',0,12451,9),(52,'2019-01-04',10.00,10,3,1,2,160,526.29000,10,1,'A',573.20000,'2019-06-14 11:52:32',0,12452,9),(53,'2019-01-05',10.00,10,1,1,2,160,583.49000,11,1,'A',630.40000,'2019-06-14 11:52:32',0,12453,9),(54,'2019-01-05',10.00,10,1,1,2,160,580.19000,12,1,'A',627.10000,'2019-06-14 11:52:32',0,12454,9),(55,'2019-01-05',20.00,10,1,1,2,160,514.19000,13,1,'D',561.10000,'2019-06-14 11:52:32',0,12455,9),(56,'2019-01-05',20.00,10,1,1,2,160,515.39000,14,1,'D',562.30000,'2019-06-14 11:52:32',0,12456,9),(57,'2019-01-07',20.00,10,1,1,2,160,516.29000,15,1,'A',563.20000,'2019-06-14 11:52:32',0,12457,9),(58,'2019-01-07',20.00,10,1,1,2,160,493.39000,16,1,'A',540.30000,'2019-06-14 11:52:32',0,12458,9),(59,'2019-01-07',30.30,10,1,1,2,160,475.39000,17,1,'A',522.30000,'2019-06-14 11:52:33',0,12459,9),(60,'2019-01-07',5.00,9,1,2,2,40,91.60000,200,1,' ',0.00000,'2019-06-14 11:52:33',0,12460,0),(61,'2019-01-07',18.40,0,1,2,2,83,169.00000,1,4,' ',0.00000,'2019-06-14 11:52:33',1,12461,0),(62,'2019-01-07',21.80,0,1,2,2,365,221.40000,1,4,' ',0.00000,'2019-06-14 11:52:33',1,12462,0),(63,'2019-01-07',10.00,10,1,1,2,160,569.59000,18,1,'A',616.50000,'2019-06-14 11:52:33',0,12463,9),(64,'2019-01-07',20.00,10,1,1,2,160,507.59000,19,1,'A',554.50000,'2019-06-14 11:52:33',0,12464,9),(65,'2019-01-07',10.00,10,2,1,2,160,566.49000,20,1,'A',613.40000,'2019-06-14 11:52:33',0,12465,9),(66,'2019-01-07',10.00,10,3,1,2,160,573.49000,21,1,'A',620.40000,'2019-06-14 11:52:33',0,12466,9),(67,'2019-01-07',20.00,10,3,1,2,160,523.19000,22,1,'A',570.10000,'2019-06-14 11:52:33',0,12467,9),(68,'2019-01-07',24.10,10,1,1,2,143,241.85000,23,1,'A',270.30000,'2019-06-14 11:52:33',0,12468,3),(69,'2019-01-08',10.00,10,1,1,2,160,576.59000,24,1,'A',623.50000,'2019-06-14 11:52:33',0,12469,9),(70,'2019-01-08',30.30,10,1,1,2,160,465.69000,25,1,'A',512.60000,'2019-06-14 11:52:33',0,12470,9),(71,'2019-01-08',24.10,10,1,1,2,162,171.45000,26,1,'D',209.90000,'2019-06-14 11:52:33',0,12471,6),(72,'2019-01-08',8.00,10,1,1,2,160,542.39000,27,1,'D',589.30000,'2019-06-14 11:52:33',0,12472,9),(73,'2019-01-08',8.00,10,1,1,2,32,70.69000,28,1,'D',85.30000,'2019-06-14 11:52:33',0,12473,1),(74,'2019-01-08',24.10,10,1,1,2,80,132.49000,29,1,'A',150.60000,'2019-06-14 11:52:33',0,12474,1),(75,'2019-01-08',10.00,10,2,1,2,160,544.19000,30,1,'A',591.10000,'2019-06-14 11:52:33',0,12475,9),(76,'2019-01-08',20.00,10,2,1,2,160,512.49000,31,1,'A',559.40000,'2019-06-14 11:52:33',0,12476,9),(77,'2019-01-08',10.00,10,3,1,2,160,574.49000,32,1,'A',621.40000,'2019-06-14 11:52:33',0,12477,9),(78,'2019-01-08',20.00,10,3,1,2,160,519.15000,33,1,'A',600.50000,'2019-06-14 11:52:33',0,12478,21),(79,'2018-12-31',8.40,0,1,3,2,6,10.90000,1,2,' ',0.00000,'2019-06-14 11:52:33',0,-981,0),(80,'2018-12-31',13.80,0,1,10,2,12,19.69000,1,2,' ',0.00000,'2019-06-14 11:52:33',0,-985,0),(81,'2018-12-31',13.80,0,1,10,2,89,151.18000,10,2,' ',0.00000,'2019-06-14 11:52:33',0,-986,0),(82,'2018-12-31',13.80,0,1,10,2,11,20.50000,1,2,' ',0.00000,'2019-06-14 11:52:33',0,-988,0),(83,'2018-12-31',13.80,0,1,10,2,34,57.15000,3,2,' ',0.00000,'2019-06-14 11:52:33',0,-987,0),(84,'2018-12-31',15.60,0,0,10,2,210,366.01000,14,2,' ',0.00000,'2019-06-14 11:52:33',0,-980,0),(85,'2018-12-31',16.30,0,0,10,2,156,776.47000,13,3,' ',0.00000,'2019-06-14 11:52:33',0,-979,0),(86,'2018-12-31',18.40,0,1,2,2,684,2029.40000,57,2,' ',0.00000,'2019-06-14 11:52:33',1,-994,0),(87,'2018-12-31',19.10,0,0,10,2,238,687.99000,2,4,' ',0.00000,'2019-06-14 11:52:33',0,-1000,0),(88,'2018-12-31',20.30,0,1,3,2,30,54.79000,2,2,' ',0.00000,'2019-06-14 11:52:33',0,-992,0),(89,'2018-12-31',21.00,0,0,10,2,168,450.66000,14,3,' ',0.00000,'2019-06-14 11:52:33',0,-995,0),(90,'2018-12-31',30.20,0,0,10,2,18,57.00000,1,3,' ',0.00000,'2019-06-14 11:52:33',0,-993,0),(91,'2018-12-31',31.20,0,0,10,2,198,544.79000,11,3,' ',0.00000,'2019-06-14 11:52:33',0,-999,0),(92,'2018-12-31',32.50,0,1,3,2,554,1037.57000,37,2,' ',0.00000,'2019-06-14 11:52:33',0,-998,0),(93,'2018-12-31',32.50,0,1,3,2,784,1490.93000,53,2,' ',0.00000,'2019-06-14 11:52:33',0,-997,0),(94,'2018-12-31',31.90,0,0,10,2,536,1016.11000,36,2,' ',0.00000,'2019-06-14 11:52:33',0,-996,0),(95,'2018-12-31',90.10,0,1,2,2,127,92.70000,4,2,' ',0.00000,'2019-06-14 11:52:33',0,-989,0),(96,'2018-12-31',7.10,0,1,6,2,33,79.46000,3,2,' ',0.00000,'2019-06-14 11:52:33',0,-984,0),(97,'2018-12-31',16.40,0,1,3,2,272,588.00000,17,2,' ',0.00000,'2019-06-14 11:52:34',0,-983,0),(98,'2018-12-31',16.90,0,0,3,2,272,179.95000,14,2,' ',0.00000,'2019-06-14 11:52:34',0,-978,0),(99,'2018-12-31',23.20,0,1,10,2,72,150.40000,5,2,' ',0.00000,'2019-06-14 11:52:34',0,-991,0),(100,'2018-12-31',40.20,0,1,3,2,278,44.41000,1,2,' ',0.00000,'2019-06-14 11:52:34',0,-990,0),(101,'2019-01-09',10.00,10,1,1,2,119,323.02000,34,1,'A',361.20000,'2019-06-14 11:52:34',0,12479,7),(102,'2019-01-09',10.00,10,1,1,2,160,555.09000,35,1,'A',602.00000,'2019-06-14 11:52:34',0,12480,9),(103,'2019-01-09',20.00,10,1,1,2,160,506.39000,36,1,'A',553.30000,'2019-06-14 11:52:34',0,12481,9),(104,'2019-01-09',30.30,10,3,1,2,160,472.79000,37,1,'A',519.70000,'2019-06-14 11:52:34',0,12482,9),(105,'2019-01-09',20.00,10,3,1,2,160,517.69000,38,1,'A',564.60000,'2019-06-14 11:52:34',0,12483,9),(106,'2019-01-09',8.00,10,3,1,2,160,574.39000,39,1,'A',621.30000,'2019-06-14 11:52:34',0,12484,9),(107,'2019-01-10',4.00,9,1,3,2,54,195.25000,201,1,' ',0.00000,'2019-06-14 11:52:34',0,12485,0),(108,'2019-01-10',4.00,9,1,3,2,40,138.81000,202,1,' ',0.00000,'2019-06-14 11:52:34',0,12486,0),(109,'2019-01-10',4.00,9,1,3,2,160,569.09000,203,1,' ',0.00000,'2019-06-14 11:52:34',0,12487,0),(110,'2019-01-10',20.00,10,1,1,2,160,502.59000,40,1,'D',549.50000,'2019-06-14 11:52:34',0,12488,9),(111,'2019-01-10',8.00,10,2,1,2,160,520.19000,41,1,'A',567.10000,'2019-06-14 11:52:34',0,12489,9),(112,'2019-01-10',20.00,10,3,1,2,160,521.79000,42,1,'A',568.70000,'2019-06-14 11:52:34',0,12490,9),(113,'2019-01-10',20.00,10,3,1,2,160,510.69000,43,1,'A',557.60000,'2019-06-14 11:52:34',0,12491,9),(114,'2019-01-11',13.80,0,1,3,2,12,21.00000,1,2,' ',0.00000,'2019-06-14 11:52:34',0,12492,0),(115,'2019-01-11',20.90,0,1,2,2,160,100.00000,0,4,' ',0.00000,'2019-06-14 11:52:34',1,12493,0),(116,'2019-01-11',32.50,0,1,3,1,11,21.40000,1,2,' ',0.00000,'2019-06-14 11:52:34',0,12494,0),(117,'2019-01-11',8.00,10,1,1,2,160,584.59000,44,1,'A',631.50000,'2019-06-14 11:52:34',0,12495,9),(118,'2019-01-11',30.30,10,1,1,2,160,474.99000,45,1,'D',521.90000,'2019-06-14 11:52:34',0,12496,9),(119,'2019-01-11',30.30,10,1,1,2,57,166.43000,46,1,'D',188.60000,'2019-06-14 11:52:34',0,12497,3),(120,'2019-01-11',12.00,10,2,1,2,160,564.09000,47,1,'D',611.00000,'2019-06-14 11:52:34',0,12498,9),(121,'2019-01-11',20.00,10,2,1,2,160,510.89000,48,1,'D',557.80000,'2019-06-14 11:52:34',0,12499,9),(122,'2019-01-11',8.00,10,3,1,2,160,576.19000,49,1,'A',623.10000,'2019-06-14 11:52:34',0,12500,9),(123,'2019-01-11',12.00,10,3,1,2,160,569.19000,50,1,'A',616.10000,'2019-06-14 11:52:34',0,12501,9),(124,'2019-01-11',12.00,10,2,1,2,160,571.49000,51,1,'A',618.40000,'2019-06-14 11:52:34',0,12502,9),(125,'2019-01-11',12.00,10,2,1,2,160,572.59000,52,1,'A',619.50000,'2019-06-14 11:52:34',0,12503,9),(126,'2019-01-11',20.00,10,2,1,2,160,512.69000,53,1,'A',559.60000,'2019-06-14 11:52:34',0,12504,9),(127,'2019-01-11',20.00,10,2,1,2,160,518.79000,54,1,'A',565.70000,'2019-06-14 11:52:34',0,12505,9),(128,'2019-01-14',20.00,10,1,1,2,160,520.19000,55,1,'A',567.10000,'2019-06-14 11:52:34',0,12506,9),(129,'2019-01-14',30.30,10,1,1,2,160,477.79000,56,1,'A',524.70000,'2019-06-14 11:52:34',0,12507,9),(130,'2019-01-14',10.30,0,1,2,2,113,192.50000,204,1,' ',0.00000,'2019-06-14 11:52:34',0,12508,0),(131,'2019-01-14',10.30,0,1,2,2,240,409.00000,205,1,' ',0.00000,'2019-06-14 11:52:34',0,12509,0),(132,'2019-01-14',8.00,10,1,1,2,147,476.84000,57,1,'A',522.80000,'2019-06-14 11:52:34',0,12510,9),(133,'2019-01-14',20.00,10,2,1,2,160,512.99000,58,1,'D',559.90000,'2019-06-14 11:52:34',0,12511,9),(134,'2019-01-14',20.00,10,2,1,2,67,219.30000,59,1,'D',242.20000,'2019-06-14 11:52:35',0,12512,3),(135,'2019-01-14',12.00,10,2,1,2,160,575.09000,60,1,'A',622.00000,'2019-06-14 11:52:35',0,12513,9),(136,'2019-01-14',12.00,10,3,1,2,160,575.89000,61,1,'A',622.80000,'2019-06-14 11:52:35',0,12514,9),(137,'2019-01-15',12.00,10,1,1,2,46,155.10000,62,1,'A',173.60000,'2019-06-14 11:52:35',0,12515,2),(138,'2019-01-15',12.00,10,1,1,2,160,573.29000,63,1,'A',620.20000,'2019-06-14 11:52:35',0,12516,9),(139,'2019-01-15',12.00,1,2,1,2,160,512.59000,64,1,'A',559.50000,'2019-06-14 11:52:35',0,12517,9),(140,'2019-01-15',31.20,0,0,10,2,378,1025.71000,21,3,' ',0.00000,'2019-06-14 11:52:35',0,205,0),(141,'2019-01-16',13.80,0,1,3,2,13,13.00000,1,2,' ',0.00000,'2019-06-14 11:52:35',0,12518,0),(142,'2019-01-16',15.60,0,1,2,2,124,195.99000,8,2,' ',0.00000,'2019-06-14 11:52:35',1,12519,0),(143,'2019-01-15',30.30,10,3,1,2,160,481.09000,69,1,'A',528.00000,'2019-06-14 11:52:35',0,12520,9),(144,'2019-01-16',20.00,10,2,1,2,160,525.59000,65,1,'D',572.50000,'2019-06-14 11:52:35',0,12521,9),(145,'2019-01-16',20.00,10,2,1,2,160,480.89000,66,1,'D',527.80000,'2019-06-14 11:52:35',0,12522,9),(146,'2019-01-16',20.00,10,2,1,2,90,352.28000,67,1,'D',382.60000,'2019-06-14 11:52:35',0,12523,5),(147,'2019-01-16',20.00,10,2,1,2,46,49.94000,68,1,'D',62.70000,'2019-06-14 11:52:35',0,12524,0),(148,'2019-01-16',24.10,10,1,1,2,129,225.84000,70,1,'D',250.40000,'2019-06-14 11:52:35',0,12525,2),(149,'2019-01-16',12.00,1,1,1,2,160,563.19000,71,1,'A',610.10000,'2019-06-14 11:52:35',0,12526,9),(150,'2019-01-16',12.00,1,1,1,2,160,571.99000,72,1,'A',618.90000,'2019-06-14 11:52:35',0,12527,9),(151,'2019-01-16',20.00,10,2,1,2,160,511.29000,73,1,'A',558.20000,'2019-06-14 11:52:35',0,12528,9),(152,'2019-01-16',20.00,10,2,1,2,69,108.62000,74,1,'A',128.80000,'2019-06-14 11:52:35',0,12529,2),(153,'2019-01-16',30.30,10,2,1,2,160,478.39000,75,1,'A',525.30000,'2019-06-14 11:52:35',0,12530,9),(154,'2019-01-16',10.00,1,3,1,2,160,597.99000,76,1,'A',644.90000,'2019-06-14 11:52:35',0,12531,9),(155,'2019-01-16',24.00,10,3,1,2,36,37.30000,77,1,'A',52.20000,'2019-06-14 11:52:35',0,12532,1),(156,'2019-01-17',10.00,1,1,1,2,160,588.09000,78,1,'A',635.00000,'2019-06-14 11:52:35',0,12533,9),(157,'2019-01-17',10.00,1,2,1,2,160,586.79000,79,1,'A',633.70000,'2019-06-14 11:52:35',0,12534,9),(158,'2019-01-17',20.00,1,2,1,2,160,517.89000,80,1,'D',564.80000,'2019-06-14 11:52:35',0,12535,9),(159,'2019-01-17',30.30,10,2,1,2,160,476.69000,81,1,'D',523.60000,'2019-06-14 11:52:35',0,12536,9),(160,'2019-01-18',10.00,1,3,1,2,160,588.09000,82,1,'A',635.00000,'2019-06-14 11:52:35',0,12537,9),(161,'2019-01-18',20.00,1,3,1,2,160,521.89000,83,1,'D',568.80000,'2019-06-14 11:52:35',0,12538,9),(162,'2019-01-18',20.00,1,1,1,2,160,512.29000,84,1,'D',559.20000,'2019-06-14 11:52:35',0,12539,9),(163,'2019-01-18',20.00,1,1,1,2,157,251.05000,85,1,'D',292.00000,'2019-06-14 11:52:35',0,12540,7),(164,'2019-01-18',10.00,1,1,1,2,160,615.29000,86,1,'A',662.20000,'2019-06-14 11:52:35',0,12541,9),(165,'2019-01-18',20.00,10,2,1,2,160,436.46000,87,1,'A',480.50000,'2019-06-14 11:52:35',0,12542,8),(166,'2019-01-18',10.00,1,3,1,2,160,610.69000,88,1,'A',657.60000,'2019-06-14 11:52:35',0,12543,9),(167,'2019-01-18',10.00,1,3,1,2,160,606.19000,89,1,'A',653.10000,'2019-06-14 11:52:35',0,12544,9),(168,'2019-01-18',10.00,1,3,1,2,160,608.19000,90,1,'A',655.10000,'2019-06-14 11:52:35',0,12545,9),(169,'2019-01-19',24.00,10,1,1,2,149,228.69000,91,1,'A',274.80000,'2019-06-14 11:52:35',0,12546,9),(170,'2019-01-19',10.00,1,1,1,2,160,608.29000,92,1,'A',655.20000,'2019-06-14 11:52:36',0,12547,9),(171,'2019-01-19',30.30,1,1,1,2,160,468.19000,93,1,'A',515.10000,'2019-06-14 11:52:36',0,12548,9),(172,'2019-01-21',10.00,1,1,1,2,160,614.09000,94,1,'A',661.00000,'2019-06-14 11:52:36',0,12549,9),(173,'2019-01-21',20.00,1,1,1,2,160,519.59000,95,1,'A',566.50000,'2019-06-14 11:52:36',0,12550,9),(174,'2019-01-21',20.00,1,1,1,2,160,526.69000,96,1,'D',573.60000,'2019-06-14 11:52:36',0,12551,9),(175,'2019-01-21',30.30,10,1,1,2,160,460.49000,97,1,'A',507.40000,'2019-06-14 11:52:36',0,12552,9),(176,'2019-01-21',24.00,1,1,1,2,160,244.69000,98,1,'A',291.60000,'2019-06-14 11:52:36',0,12553,9),(177,'2019-01-21',24.00,1,1,1,2,204,242.08000,99,1,'A',292.20000,'2019-06-14 11:52:36',0,12554,9),(178,'2019-01-21',24.00,1,1,1,2,80,70.65000,100,1,'A',94.50000,'2019-06-14 11:52:36',0,12555,3),(179,'2019-01-21',10.00,1,1,1,2,160,600.99000,101,1,'A',647.90000,'2019-06-14 11:52:36',0,12556,9),(180,'2019-01-21',20.00,10,1,1,2,78,177.20000,102,1,'A',200.90000,'2019-06-14 11:52:36',0,12557,3),(181,'2019-01-21',10.00,10,2,1,2,160,418.89000,103,1,'A',465.80000,'2019-06-14 11:52:36',0,12558,9),(182,'2019-01-21',10.00,10,2,1,2,160,551.99000,104,1,'A',598.90000,'2019-06-14 11:52:36',0,12559,9),(183,'2019-01-21',10.00,10,2,1,2,35,25.55000,105,1,'A',37.50000,'2019-06-14 11:52:36',0,12560,0),(184,'2019-01-21',20.00,1,3,1,2,160,538.89000,106,1,'A',585.80000,'2019-06-14 11:52:36',0,12561,9),(185,'2019-01-21',30.30,10,3,1,2,160,456.19000,107,1,'A',503.10000,'2019-06-14 11:52:36',0,12562,9),(186,'2019-01-22',30.30,1,2,1,2,47,119.43000,108,1,'D',138.00000,'2019-06-14 11:52:36',0,12563,2),(187,'2019-01-22',20.00,1,1,1,2,160,542.49000,109,1,'A',589.40000,'2019-06-14 11:52:36',0,12564,9),(188,'2019-01-22',20.00,1,3,1,2,160,527.99000,110,1,'A',574.90000,'2019-06-14 11:52:36',0,12565,9),(189,'2019-01-22',20.00,1,3,1,2,160,501.99000,111,1,'A',548.90000,'2019-06-14 11:52:36',0,12566,9),(190,'2019-01-22',8.00,1,1,1,2,160,570.09000,112,1,'A',617.00000,'2019-06-14 11:52:36',0,12567,9),(191,'2019-01-22',20.00,1,2,1,2,160,537.59000,113,1,'A',584.50000,'2019-06-14 11:52:36',0,12568,9),(192,'2019-01-22',30.30,9,2,1,2,160,446.79000,114,1,'A',493.70000,'2019-06-14 11:52:36',0,12569,9),(193,'2019-01-23',20.00,1,3,1,2,160,535.29000,115,1,'A',582.20000,'2019-06-14 11:52:36',0,12570,9),(194,'2019-01-23',20.00,1,3,1,2,160,495.39000,116,1,'A',542.30000,'2019-06-14 11:52:36',0,12571,9),(195,'2019-01-23',8.00,1,1,1,2,160,574.09000,117,1,'A',621.00000,'2019-06-14 11:52:36',0,12572,9),(196,'2019-01-23',20.00,1,2,1,2,160,531.59000,118,1,'A',578.50000,'2019-06-14 11:52:36',0,12573,9),(197,'2019-01-23',20.00,1,2,1,2,160,533.19000,119,1,'A',580.10000,'2019-06-14 11:52:36',0,12574,9),(198,'2019-01-24',8.00,1,3,1,2,160,573.79000,120,1,'A',620.70000,'2019-06-14 11:52:36',0,12575,9),(199,'2019-01-24',20.00,1,3,1,2,160,534.49000,121,1,'A',581.40000,'2019-06-14 11:52:37',0,12576,9),(200,'2019-01-24',30.30,1,3,1,2,160,473.09000,122,1,'A',520.00000,'2019-06-14 11:52:37',0,12577,9),(201,'2019-01-24',20.00,1,3,1,2,160,521.49000,123,1,'A',568.40000,'2019-06-14 11:52:37',0,12578,9),(202,'2019-01-25',8.00,1,1,1,2,160,576.29000,124,1,'A',623.20000,'2019-06-14 11:52:37',0,12579,9),(203,'2019-01-25',20.00,1,1,1,2,160,533.69000,125,1,'D',580.60000,'2019-06-14 11:52:37',0,12580,9),(204,'2019-01-25',20.00,1,2,1,2,160,538.99000,126,1,'D',585.90000,'2019-06-14 11:52:37',0,12581,9),(205,'2019-01-25',20.00,1,3,1,2,160,522.49000,127,1,'A',569.40000,'2019-06-14 11:52:37',0,12582,9),(206,'2019-01-25',30.30,1,3,1,2,160,474.09000,128,1,'A',521.00000,'2019-06-14 11:52:37',0,12583,9),(207,'2019-01-26',24.10,1,1,1,2,160,269.59000,129,1,'D',316.50000,'2019-06-14 11:52:37',0,12584,9),(208,'2019-01-26',24.10,1,1,1,2,68,110.66000,130,1,'D',136.50000,'2019-06-14 11:52:37',0,12585,4),(209,'2019-01-26',20.00,1,2,1,2,160,536.49000,131,1,'A',583.40000,'2019-06-14 11:52:37',0,12586,9),(210,'2019-01-26',20.00,1,2,1,2,160,526.39000,132,1,'D',573.30000,'2019-06-14 11:52:37',0,12587,9),(211,'2019-01-26',8.00,1,2,1,2,117,411.24000,133,1,'A',446.40000,'2019-06-14 11:52:37',0,12588,6),(212,'2019-01-28',20.00,1,1,1,2,160,513.39000,134,1,'A',560.30000,'2019-06-14 11:52:37',0,12589,9),(213,'2019-01-28',20.00,1,1,1,2,160,541.89000,135,1,'A',588.80000,'2019-06-14 11:52:37',0,12590,9),(214,'2019-01-28',20.00,1,1,1,2,160,535.95000,136,1,'A',588.60000,'2019-06-14 11:52:37',0,12591,11),(215,'2019-01-28',20.00,1,1,1,2,160,520.39000,137,1,'A',567.30000,'2019-06-14 11:52:37',0,12592,9),(216,'2019-01-28',20.00,1,1,1,2,160,533.09000,138,1,'A',580.00000,'2019-06-14 11:52:37',0,12593,9),(217,'2019-01-28',20.00,1,1,1,2,160,517.99000,139,1,'A',564.90000,'2019-06-14 11:52:37',0,12594,9),(218,'2019-01-28',20.00,1,1,1,2,160,510.49000,140,1,'A',557.40000,'2019-06-14 11:52:37',0,12595,9),(219,'2019-01-28',30.30,1,1,1,2,160,473.69000,141,1,'A',520.60000,'2019-06-14 11:52:37',0,12596,9),(220,'2019-01-28',30.30,1,1,1,2,160,477.79000,142,1,'A',524.70000,'2019-06-14 11:52:37',0,12597,9),(221,'2019-01-28',20.00,1,1,1,2,160,446.89000,143,1,'A',493.80000,'2019-06-14 11:52:37',0,12598,9),(222,'2019-01-28',20.00,1,1,1,2,160,469.09000,144,1,'A',516.00000,'2019-06-14 11:52:37',0,12599,9),(223,'2019-01-28',20.00,1,1,1,2,54,72.89000,145,1,'A',89.10000,'2019-06-14 11:52:37',0,12600,1),(224,'2019-01-28',12.00,1,3,1,2,160,570.09000,146,1,'A',617.00000,'2019-06-14 11:52:37',0,12601,9),(225,'2019-01-28',20.00,1,3,1,2,160,538.29000,147,1,'A',585.20000,'2019-06-14 11:52:37',0,12602,9),(226,'2019-01-28',20.00,1,3,1,2,160,517.29000,148,1,'A',564.20000,'2019-06-14 11:52:37',0,12603,9),(227,'2019-01-28',24.10,1,1,1,2,18,16.59000,149,1,'D',27.30000,'2019-06-14 11:52:37',0,12604,0),(228,'2019-01-28',32.50,0,1,2,1,175,99.44000,4,3,' ',0.00000,'2019-06-14 11:52:37',1,12605,0),(229,'2019-01-28',21.00,0,0,10,2,500,1679.60000,63,3,' ',0.00000,'2019-06-14 11:52:37',0,395,0),(230,'2019-01-28',12.00,1,1,1,2,160,569.29000,150,1,'A',616.20000,'2019-06-14 11:52:37',0,12606,9),(231,'2019-01-28',20.00,1,1,1,2,160,530.79000,151,1,'A',577.70000,'2019-06-14 11:52:37',0,12607,9),(232,'2019-01-28',20.00,1,1,1,2,169,245.83000,152,1,'A',293.40000,'2019-06-14 11:52:37',0,12608,9),(233,'2019-01-28',30.30,1,1,1,2,160,477.89000,153,1,'A',524.80000,'2019-06-14 11:52:38',0,12609,9),(234,'2019-01-28',12.00,1,1,1,2,160,567.49000,154,1,'A',614.40000,'2019-06-14 11:52:38',0,12610,9),(235,'2019-01-29',12.00,1,3,1,2,160,565.39000,155,1,'A',612.30000,'2019-06-14 11:52:38',0,12611,9),(236,'2019-01-29',20.00,1,3,1,2,160,522.69000,156,1,'A',569.60000,'2019-06-14 11:52:38',0,12612,9),(237,'2019-01-29',24.10,1,3,1,2,103,122.46000,157,1,'A',156.60000,'2019-06-14 11:52:38',0,12613,6),(238,'2019-01-29',19.10,0,0,10,2,252,729.11000,21,2,' ',0.00000,'2019-06-14 11:52:38',0,400,0),(239,'2019-01-29',40.40,0,0,10,2,454,1161.00000,26,3,' ',0.00000,'2019-06-14 11:52:38',0,401,0),(240,'2019-01-29',12.00,1,1,1,2,160,567.39000,158,1,'A',614.30000,'2019-06-14 11:52:38',0,12614,9),(241,'2019-01-29',30.30,1,1,1,2,160,477.59000,159,1,'A',524.50000,'2019-06-14 11:52:38',0,12615,9),(242,'2019-01-30',24.00,1,1,1,2,101,148.61000,160,1,'D',182.60000,'2019-06-14 11:52:38',0,12616,6),(243,'2019-01-30',24.10,1,1,1,2,47,73.43000,161,1,'A',92.00000,'2019-06-14 11:52:38',0,12617,2),(244,'2019-01-30',12.00,1,2,1,2,160,568.89000,162,1,'A',615.80000,'2019-06-14 11:52:38',0,12618,9),(245,'2019-01-30',12.00,1,3,1,2,160,566.89000,163,1,'A',613.80000,'2019-06-14 11:52:38',0,12619,9),(246,'2019-01-30',20.00,1,3,1,2,159,519.46000,164,1,'A',566.30000,'2019-06-14 11:52:38',0,12620,9),(247,'2019-01-30',12.00,1,1,1,2,160,566.69000,165,1,'A',613.60000,'2019-06-14 11:52:38',0,12621,9),(248,'2019-01-30',24.00,1,1,1,2,160,252.99000,166,1,'A',299.90000,'2019-06-14 11:52:38',0,12622,9),(249,'2019-01-30',12.00,1,2,1,2,160,444.59000,167,1,'A',491.50000,'2019-06-14 11:52:38',0,12623,9),(250,'2019-01-30',12.00,1,2,1,2,72,235.76000,168,1,'A',261.90000,'2019-06-14 11:52:38',0,12624,4),(251,'2019-01-30',12.00,1,2,1,2,160,565.79000,169,1,'A',612.70000,'2019-06-14 11:52:38',0,12625,9),(252,'2019-01-31',20.00,1,2,1,2,96,306.87000,170,1,'D',340.50000,'2019-06-14 11:52:38',0,12626,6),(253,'2019-01-31',10.00,1,3,1,2,160,586.39000,171,1,'A',633.30000,'2019-06-14 11:52:38',0,12627,9),(254,'2019-01-31',30.30,1,3,1,2,160,474.89000,172,1,'A',521.80000,'2019-06-14 11:52:38',0,12628,9),(255,'2019-02-01',10.00,1,1,1,2,160,593.19000,1,1,'A',640.10000,'2019-06-14 11:52:38',0,12629,9),(256,'2019-02-02',10.00,1,2,1,2,160,602.29000,2,1,'A',649.20000,'2019-06-14 11:52:38',0,12630,9),(257,'2019-02-02',10.00,1,2,1,2,160,591.49000,3,1,'A',638.40000,'2019-06-14 11:52:38',0,12631,9),(258,'2019-02-02',10.00,1,3,1,2,160,588.99000,4,1,'A',635.90000,'2019-06-14 11:52:38',0,12632,9),(259,'2019-02-02',24.00,1,3,1,2,160,237.99000,5,1,'A',284.90000,'2019-06-14 11:52:38',0,12633,9),(260,'2019-02-02',20.00,1,3,1,2,160,517.39000,6,1,'D',564.30000,'2019-06-14 11:52:38',0,12634,9),(261,'2019-02-02',30.30,1,3,1,2,160,481.99000,7,1,'A',528.90000,'2019-06-14 11:52:38',0,12635,9),(262,'2019-02-02',10.00,1,1,1,2,160,595.89000,8,1,'A',642.80000,'2019-06-14 11:52:38',0,12636,9),(263,'2019-02-02',20.00,1,2,1,2,160,515.99000,9,1,'A',562.90000,'2019-06-14 11:52:38',0,12637,9),(264,'2019-02-02',24.00,1,2,1,2,160,178.69000,10,1,'A',225.60000,'2019-06-14 11:52:39',0,12638,9),(265,'2019-02-02',10.00,1,2,1,2,160,583.29000,11,1,'A',630.20000,'2019-06-14 11:52:39',0,12639,9),(266,'2019-02-05',20.00,1,1,1,2,160,505.29000,12,1,'A',552.20000,'2019-06-14 11:52:39',0,12640,9),(267,'2019-02-05',24.00,1,1,1,2,160,237.49000,13,1,'A',284.40000,'2019-06-14 11:52:39',0,12641,9),(268,'2019-02-05',30.30,1,1,1,2,160,482.09000,14,1,'A',529.00000,'2019-06-14 11:52:39',0,12642,9),(269,'2019-02-05',20.00,1,1,1,2,160,490.49000,15,1,'A',537.40000,'2019-06-14 11:52:39',0,12643,9),(270,'2019-02-05',30.30,1,1,1,2,160,482.19000,16,1,'A',529.10000,'2019-06-14 11:52:39',0,12644,9),(271,'2019-02-05',10.00,1,1,1,2,160,587.79000,17,1,'A',634.70000,'2019-06-14 11:52:39',0,12645,9),(272,'2019-02-05',24.00,1,1,1,2,160,215.29000,18,1,'A',262.20000,'2019-06-14 11:52:39',0,12646,9),(273,'2019-02-05',24.00,1,1,1,2,151,89.30000,19,1,'A',121.20000,'2019-06-14 11:52:39',0,12647,4),(274,'2019-02-05',10.00,1,3,1,2,160,597.09000,20,1,'A',644.00000,'2019-06-14 11:52:39',0,12648,9),(275,'2019-02-05',10.00,1,3,1,2,160,597.69000,21,1,'A',644.60000,'2019-06-14 11:52:39',0,12649,9),(276,'2019-02-05',20.00,1,3,1,2,160,500.99000,22,1,'A',547.90000,'2019-06-14 11:52:39',0,12650,9),(277,'2019-02-06',8.00,1,1,1,2,160,614.19000,23,1,'A',661.10000,'2019-06-14 11:52:39',0,12651,9),(278,'2019-02-06',10.00,1,1,1,2,107,318.07000,24,1,'A',352.50000,'2019-06-14 11:52:39',0,12652,6),(279,'2019-02-06',10.00,1,1,1,2,160,512.89000,25,1,'A',559.80000,'2019-06-14 11:52:39',0,12653,9),(280,'2019-02-06',30.30,1,1,1,2,160,481.39000,26,1,'A',528.30000,'2019-06-14 11:52:39',0,12654,9),(281,'2019-02-06',8.00,1,1,1,2,160,613.99000,27,1,'A',660.90000,'2019-06-14 11:52:39',0,12655,9),(282,'2019-02-06',20.00,1,3,1,2,160,523.89000,28,1,'A',570.80000,'2019-06-14 11:52:39',0,12656,9),(283,'2019-02-06',20.00,1,3,1,2,163,520.17000,29,1,'A',567.30000,'2019-06-14 11:52:39',0,12657,9),(284,'2019-01-31',20.00,1,1,1,2,160,527.79000,173,1,'D',574.70000,'2019-06-14 11:52:39',0,12658,9),(285,'2019-01-31',20.00,1,1,1,2,160,538.49000,174,1,'D',585.40000,'2019-06-14 11:52:39',0,12660,9),(286,'2019-01-31',10.00,1,1,1,2,160,603.79000,175,1,'D',650.70000,'2019-06-14 11:52:39',0,12661,9),(287,'2019-02-06',20.00,1,1,1,2,160,540.59000,30,1,'D',587.50000,'2019-06-14 11:52:39',0,12662,9),(288,'2019-02-07',8.00,1,1,1,2,160,615.49000,31,1,'A',662.40000,'2019-06-14 11:52:39',0,12663,9),(289,'2019-02-08',20.00,1,1,1,2,160,522.19000,32,1,'A',569.10000,'2019-06-14 11:52:39',0,12664,9),(290,'2019-02-08',24.10,1,1,1,2,160,266.59000,33,1,'A',313.50000,'2019-06-14 11:52:39',0,12665,9),(291,'2019-02-08',20.00,1,1,1,2,160,512.19000,34,1,'A',559.10000,'2019-06-14 11:52:39',0,12666,9),(292,'2019-02-08',30.30,1,1,1,2,160,478.19000,35,1,'A',525.10000,'2019-06-14 11:52:39',0,12667,9),(293,'2019-02-06',18.40,0,0,10,1,732,2013.40000,61,2,' ',0.00000,'2019-06-14 11:52:39',0,520,0),(294,'2019-02-05',16.30,0,0,10,2,210,1054.35000,20,3,' ',0.00000,'2019-06-14 11:52:39',0,462,0),(295,'2019-02-08',8.00,1,1,1,2,160,610.59000,36,1,'A',657.50000,'2019-06-14 11:52:39',0,12668,9),(296,'2019-02-08',20.00,1,1,1,2,160,539.29000,37,1,'A',586.20000,'2019-06-14 11:52:39',0,12669,9),(297,'2019-02-08',8.00,1,1,1,2,160,602.89000,38,1,'A',649.80000,'2019-06-14 11:52:39',0,12670,9),(298,'2019-02-08',20.00,1,3,1,2,160,531.59000,39,1,'A',578.50000,'2019-06-14 11:52:39',0,12671,9),(299,'2019-02-08',20.00,1,3,1,2,160,479.69000,40,1,'A',526.60000,'2019-06-14 11:52:40',0,12672,9),(300,'2019-02-08',30.30,1,3,1,2,160,483.69000,41,1,'A',530.60000,'2019-06-14 11:52:40',0,12673,9),(301,'2019-02-09',20.00,1,1,1,2,160,539.79000,42,1,'A',586.70000,'2019-06-14 11:52:40',0,12674,9),(302,'2019-02-09',8.00,1,1,1,2,160,605.79000,43,1,'A',652.70000,'2019-06-14 11:52:40',0,12675,9),(303,'2019-02-09',20.00,1,1,1,2,160,539.49000,44,1,'A',586.40000,'2019-06-14 11:52:40',0,12676,9),(304,'2019-02-09',24.10,1,1,1,2,160,265.49000,45,1,'A',312.40000,'2019-06-14 11:52:40',0,12677,9),(305,'2019-02-11',20.00,1,1,1,2,160,535.79000,46,1,'A',582.70000,'2019-06-14 11:52:40',0,12678,9),(306,'2019-02-11',20.00,1,1,1,2,160,534.89000,47,1,'A',581.80000,'2019-06-14 11:52:40',0,12679,9),(307,'2019-02-11',20.00,1,1,1,2,160,516.39000,48,1,'A',563.30000,'2019-06-14 11:52:40',0,12680,9),(308,'2019-02-11',20.00,1,1,1,2,160,504.59000,49,1,'A',551.50000,'2019-06-14 11:52:40',0,12681,9),(309,'2019-02-11',30.30,1,1,1,2,160,483.39000,50,1,'A',530.30000,'2019-06-14 11:52:40',0,12682,9),(310,'2019-02-11',20.00,1,1,1,2,160,523.19000,51,1,'A',570.10000,'2019-06-14 11:52:40',0,12683,9),(311,'2019-02-11',20.00,1,3,1,2,160,533.99000,52,1,'A',580.90000,'2019-06-14 11:52:40',0,12684,9),(312,'2019-02-11',30.30,1,3,1,2,160,480.59000,53,1,'A',527.50000,'2019-06-14 11:52:40',0,12685,9),(313,'2019-02-12',40.40,0,0,10,2,128,136.20000,8,2,' ',0.00000,'2019-06-14 11:52:40',0,555,0),(314,'2019-02-12',20.00,1,1,1,2,160,533.49000,54,1,'A',580.40000,'2019-06-14 11:52:40',0,12686,9),(315,'2019-02-12',20.00,1,1,1,2,160,528.19000,55,1,'A',575.10000,'2019-06-14 11:52:40',0,12687,9),(316,'2019-02-12',8.00,1,2,1,2,160,502.89000,56,1,'A',549.80000,'2019-06-14 11:52:40',0,12688,9),(317,'2019-02-12',20.00,1,2,1,2,160,501.39000,57,1,'A',548.30000,'2019-06-14 11:52:40',0,12689,9),(318,'2019-02-12',20.00,1,3,1,2,160,525.49000,58,1,'A',572.40000,'2019-06-14 11:52:40',0,12690,9),(319,'2019-02-12',30.30,1,3,1,2,160,482.69000,59,1,'A',529.60000,'2019-06-14 11:52:40',0,12691,9),(320,'2019-02-12',13.80,0,0,10,2,180,324.99000,12,2,' ',0.00000,'2019-06-14 11:52:40',0,593,0),(321,'2019-02-13',8.00,1,1,1,2,160,615.69000,60,1,'A',662.60000,'2019-06-14 11:52:40',0,12692,9),(322,'2019-02-13',20.00,1,1,1,2,129,328.39000,61,1,'A',367.30000,'2019-06-14 11:52:40',0,12693,7),(323,'2019-02-13',20.00,1,1,1,2,160,464.29000,62,1,'A',511.20000,'2019-06-14 11:52:40',0,12694,9),(324,'2019-02-13',24.10,1,1,1,2,160,264.39000,63,1,'A',311.30000,'2019-06-14 11:52:40',0,12695,9),(325,'2019-02-13',12.00,1,2,1,2,160,576.39000,64,1,'A',623.30000,'2019-06-14 11:52:40',0,12696,9),(326,'2019-02-13',20.00,1,2,1,2,160,500.09000,65,1,'A',547.00000,'2019-06-14 11:52:40',0,12697,9),(327,'2019-02-13',8.00,1,3,1,2,160,608.09000,66,1,'A',655.00000,'2019-06-14 11:52:40',0,12698,9),(328,'2019-02-13',20.00,1,3,1,2,160,531.09000,67,1,'A',578.00000,'2019-06-14 11:52:40',0,12699,9),(329,'2019-02-14',30.30,1,1,1,2,160,480.09000,68,1,'A',527.00000,'2019-06-14 11:52:40',0,12700,9),(330,'2019-02-14',12.00,1,1,1,2,160,580.99000,69,1,'A',627.90000,'2019-06-14 11:52:41',0,12701,9),(331,'2019-02-14',30.30,1,1,1,2,201,304.30000,70,1,'A',354.20000,'2019-06-14 11:52:41',0,12702,9),(332,'2019-02-14',24.10,1,1,1,2,160,262.79000,71,1,'A',309.70000,'2019-06-14 11:52:41',0,12703,9),(333,'2019-02-13',30.20,0,0,10,2,18,57.00000,1,3,' ',0.00000,'2019-06-14 11:52:41',0,598,0),(334,'2019-02-14',8.00,1,2,1,2,160,607.49000,72,1,'A',654.40000,'2019-06-14 11:52:41',0,12704,9),(335,'2019-02-14',12.00,1,2,1,2,158,575.74000,73,1,'D',622.50000,'2019-06-14 11:52:41',0,12705,9),(336,'2019-02-14',12.10,1,2,1,2,122,428.40000,74,1,'D',466.80000,'2019-06-14 11:52:41',0,12706,7),(337,'2019-02-15',20.00,1,3,1,2,160,519.09000,75,1,'A',566.00000,'2019-06-14 11:52:41',0,12707,9),(338,'2019-02-15',12.00,1,3,1,2,160,580.59000,76,1,'A',627.50000,'2019-06-14 11:52:41',0,12708,9),(339,'2019-02-15',20.00,1,3,1,2,160,529.69000,77,1,'A',576.60000,'2019-06-14 11:52:41',0,12709,9),(340,'2019-02-15',12.00,1,1,1,2,160,569.99000,78,1,'A',616.90000,'2019-06-14 11:52:41',0,12710,9),(341,'2019-02-15',12.10,1,1,1,2,165,459.93000,79,1,'A',507.20000,'2019-06-14 11:52:41',0,12711,9),(342,'2019-02-15',12.10,1,1,1,2,50,132.11000,80,1,'A',150.90000,'2019-06-14 11:52:41',0,12712,2),(343,'2019-02-15',24.10,1,2,1,2,121,183.55000,81,1,'D',219.00000,'2019-06-14 11:52:41',0,12713,6),(344,'2019-02-15',12.00,1,2,1,2,160,519.69000,82,1,'A',566.60000,'2019-06-14 11:52:41',0,12714,9),(345,'2019-02-15',12.00,1,2,1,2,160,571.19000,83,1,'A',618.10000,'2019-06-14 11:52:42',0,12715,9),(346,'2019-02-15',8.00,1,2,1,2,160,519.79000,84,1,'A',566.70000,'2019-06-14 11:52:42',0,12716,9),(347,'2019-02-15',12.00,1,1,1,2,160,579.59000,85,1,'A',626.50000,'2019-06-14 11:52:42',0,12717,9),(348,'2019-02-15',20.00,1,3,1,2,160,533.59000,86,1,'A',580.50000,'2019-06-14 11:52:42',0,12718,9),(349,'2019-02-15',20.00,1,1,1,2,160,518.39000,87,1,'A',565.30000,'2019-06-14 11:52:42',0,12719,9),(350,'2019-02-16',12.00,1,1,1,2,160,520.79000,88,1,'A',567.70000,'2019-06-14 11:52:42',0,12720,9),(351,'2019-02-16',12.00,1,1,1,2,94,197.26000,89,1,'A',225.00000,'2019-06-14 11:52:42',0,12721,4),(352,'2019-02-17',20.00,1,3,1,2,160,516.69000,90,1,'A',563.60000,'2019-06-14 11:52:42',0,12722,9),(353,'2019-02-17',20.00,1,3,1,2,160,529.19000,91,1,'A',576.10000,'2019-06-14 11:52:42',0,12723,9),(354,'2019-02-17',20.00,1,3,1,2,160,532.69000,92,1,'A',579.60000,'2019-06-14 11:52:42',0,12724,9),(355,'2019-02-17',20.00,1,3,1,2,160,527.99000,93,1,'A',574.90000,'2019-06-14 11:52:42',0,12725,9),(356,'2019-02-17',20.00,1,3,1,2,160,527.59000,94,1,'A',574.50000,'2019-06-14 11:52:42',0,12726,9),(357,'2019-02-18',10.00,1,1,1,2,64,241.62000,95,1,'D',264.30000,'2019-06-14 11:52:42',0,12727,3),(358,'2019-02-18',10.00,1,1,1,2,73,273.29000,96,1,'D',299.50000,'2019-06-14 11:52:42',0,12728,4),(359,'2019-02-19',10.00,1,2,1,2,160,602.59000,98,1,'D',649.50000,'2019-06-14 11:52:42',0,12730,9),(360,'2019-02-19',20.00,1,3,1,2,160,534.89000,99,1,'A',581.80000,'2019-06-14 11:52:42',0,12731,9),(361,'2019-02-19',20.00,1,3,1,2,160,531.19000,100,1,'A',578.10000,'2019-06-14 11:52:42',0,12732,9),(362,'2019-02-19',30.30,1,3,1,2,160,478.65000,101,1,'A',531.30000,'2019-06-14 11:52:42',0,12733,11),(363,'2019-02-18',10.00,1,2,1,2,160,621.29000,97,1,'D',668.20000,'2019-06-14 11:52:42',0,12734,9),(364,'2019-02-19',10.00,1,1,1,2,160,598.39000,102,1,'A',645.30000,'2019-06-14 11:52:42',0,12735,9),(365,'2019-02-19',10.00,1,1,1,2,160,602.49000,103,1,'A',649.40000,'2019-06-14 11:52:42',0,12736,9),(366,'2019-02-13',16.30,0,0,10,2,210,1081.85000,20,3,' ',0.00000,'2019-06-14 11:52:42',0,591,0),(367,'2019-02-19',10.00,1,2,1,2,160,600.29000,104,1,'A',647.20000,'2019-06-14 11:52:42',0,12737,9),(368,'2019-02-19',10.00,1,3,1,2,160,591.89000,105,1,'A',638.80000,'2019-06-14 11:52:42',0,12738,9),(369,'2019-02-19',20.00,1,3,1,2,160,530.99000,106,1,'A',577.90000,'2019-06-14 11:52:42',0,12739,9),(370,'2019-02-19',20.00,1,3,1,2,160,521.79000,107,1,'A',568.70000,'2019-06-14 11:52:42',0,12740,9),(371,'2019-02-19',30.30,1,3,1,2,160,474.15000,108,1,'A',555.50000,'2019-06-14 11:52:42',0,12741,21),(372,'2019-02-20',10.00,1,1,1,2,160,589.39000,109,1,'A',636.30000,'2019-06-14 11:52:42',0,12742,9),(373,'2019-02-20',10.00,1,1,1,2,160,594.29000,110,1,'A',641.20000,'2019-06-14 11:52:42',0,12743,9),(374,'2019-02-20',32.20,0,0,10,2,348,1024.87000,29,2,' ',0.00000,'2019-06-14 11:52:42',0,678,0),(375,'2019-02-20',10.00,1,1,1,2,160,601.39000,111,1,'A',648.30000,'2019-06-14 11:52:43',0,12744,9),(376,'2019-02-20',10.00,1,3,1,2,160,589.09000,112,1,'A',636.00000,'2019-06-14 11:52:43',0,12745,9),(377,'2019-02-20',20.00,1,3,1,2,160,534.49000,113,1,'A',581.40000,'2019-06-14 11:52:43',0,12746,9),(378,'2019-02-20',20.00,1,3,1,2,160,514.19000,114,1,'A',561.10000,'2019-06-14 11:52:43',0,12747,9),(379,'2019-02-20',10.00,1,3,1,2,160,589.25000,115,1,'A',641.90000,'2019-06-14 11:52:43',0,12748,11),(380,'2019-02-20',21.00,0,2,2,2,414,337.00000,1,4,' ',0.00000,'2019-06-14 11:52:43',1,12749,0),(381,'2019-02-20',32.30,0,3,1,2,114,220.56000,116,1,'A',255.50000,'2019-06-14 11:52:43',0,12750,6),(382,'2019-02-21',20.00,1,1,1,2,165,199.97000,117,1,'A',241.50000,'2019-06-14 11:52:43',0,12751,7),(383,'2019-02-21',20.00,1,1,1,2,160,504.59000,118,1,'A',551.50000,'2019-06-14 11:52:43',0,12752,9),(384,'2019-02-20',21.00,0,0,10,2,504,1321.08000,42,3,' ',0.00000,'2019-06-14 11:52:43',0,728,0),(385,'2019-02-21',12.10,1,2,3,1,84,297.00000,201,1,' ',0.00000,'2019-06-14 11:52:43',0,12754,0),(386,'2019-02-21',12.10,1,1,3,1,38,92.00000,202,1,' ',0.00000,'2019-06-14 11:52:43',0,12755,0),(387,'2019-02-21',32.50,0,1,3,2,0,81.20000,0,2,' ',0.00000,'2019-06-14 11:52:43',0,12756,0),(388,'2019-02-21',10.00,1,2,1,2,160,591.53000,119,1,'A',661.40000,'2019-06-14 11:52:43',0,12757,17),(389,'2019-02-21',10.00,1,2,1,2,160,594.89000,120,1,'A',641.80000,'2019-06-14 11:52:43',0,12758,9),(390,'2019-02-21',20.00,1,2,1,2,120,381.45000,121,1,'D',419.70000,'2019-06-14 11:52:43',0,12759,7),(391,'2019-02-21',10.00,1,3,1,2,160,592.09000,122,1,'A',639.00000,'2019-06-14 11:52:43',0,12760,9),(392,'2019-02-21',30.30,1,3,1,2,160,480.89000,123,1,'A',527.80000,'2019-06-14 11:52:43',0,12761,9),(393,'2019-02-21',20.90,0,1,2,2,79,145.80000,5,2,' ',0.00000,'2019-06-14 11:52:43',1,12762,0),(394,'2019-02-20',13.80,0,2,3,2,36,59.40000,3,2,' ',0.00000,'2019-06-14 11:52:43',0,12763,0),(395,'2019-02-22',10.00,1,1,1,2,160,591.29000,124,1,'A',638.20000,'2019-06-14 11:52:43',0,12764,9),(396,'2019-02-22',10.00,1,1,1,2,160,594.19000,125,1,'A',641.10000,'2019-06-14 11:52:43',0,12765,9),(397,'2019-02-22',10.00,1,2,1,2,160,601.29000,126,1,'A',648.20000,'2019-06-14 11:52:43',0,12766,9),(398,'2019-02-22',10.00,1,2,1,2,160,604.19000,127,1,'A',651.10000,'2019-06-14 11:52:43',0,12767,9),(399,'2019-02-22',24.00,1,1,1,2,160,232.03000,128,1,'D',330.60000,'2019-06-14 11:52:43',0,12768,27),(400,'2019-02-22',20.00,1,3,1,2,160,512.03000,129,1,'D',610.60000,'2019-06-14 11:52:43',0,12769,27),(401,'2019-02-22',30.30,1,3,1,2,160,476.89000,130,1,'A',523.80000,'2019-06-14 11:52:43',0,12770,9),(402,'2019-02-23',10.00,1,1,1,2,36,81.50000,131,1,'A',96.40000,'2019-06-14 11:52:44',0,12771,1),(403,'2019-02-23',10.00,1,1,1,2,180,430.43000,132,1,'D',478.80000,'2019-06-14 11:52:44',0,12772,9),(404,'2019-02-23',10.00,1,1,1,2,160,593.99000,133,1,'A',640.90000,'2019-06-14 11:52:44',0,12773,9),(405,'2019-02-23',24.00,1,2,1,2,160,229.27000,134,1,'A',293.40000,'2019-06-14 11:52:44',0,12774,15),(406,'2019-02-23',20.00,1,2,1,2,160,436.71000,135,1,'A',495.10000,'2019-06-14 11:52:44',0,12775,13),(407,'2019-02-24',20.00,1,3,1,2,160,541.79000,136,1,'A',588.70000,'2019-06-14 11:52:44',0,12776,9),(408,'2019-02-24',24.00,1,3,1,2,178,255.94000,137,1,'A',309.90000,'2019-06-14 11:52:44',0,12777,11),(409,'2019-02-24',20.00,1,3,1,2,160,492.25000,138,1,'A',544.90000,'2019-06-14 11:52:44',0,12778,11),(410,'2019-02-24',30.30,1,3,1,2,160,479.09000,139,1,'A',526.00000,'2019-06-14 11:52:44',0,12779,9),(411,'2019-02-22',13.80,0,0,10,2,105,179.32000,7,2,' ',0.00000,'2019-06-14 11:52:44',0,751,0),(412,'2019-02-22',21.80,0,0,10,2,774,2022.00000,86,2,' ',0.00000,'2019-06-14 11:52:44',0,752,0),(413,'2019-02-25',20.00,1,1,1,2,160,539.19000,140,1,'A',586.10000,'2019-06-14 11:52:44',0,12780,9),(414,'2019-02-25',20.00,1,1,1,2,160,514.87000,141,1,'A',607.70000,'2019-06-14 11:52:44',0,12781,25),(415,'2019-02-25',30.30,1,2,1,2,160,477.41000,142,1,'A',535.80000,'2019-06-14 11:52:44',0,12782,13),(416,'2019-02-25',20.00,1,3,1,2,160,541.39000,143,1,'A',588.30000,'2019-06-14 11:52:44',0,12783,9),(417,'2019-02-26',20.00,1,1,1,2,160,500.29000,144,1,'A',547.20000,'2019-06-14 11:52:44',0,12784,9),(418,'2019-02-26',24.00,1,1,1,2,160,233.63000,145,1,'A',303.50000,'2019-06-14 11:52:44',0,12785,17),(419,'2019-02-26',24.00,1,1,1,2,160,230.49000,146,1,'A',277.40000,'2019-06-14 11:52:44',0,12786,9),(420,'2019-02-26',32.30,1,1,1,2,154,321.28000,147,1,'A',410.80000,'2019-06-14 11:52:44',0,12787,24),(421,'2019-02-26',24.00,1,2,1,2,160,231.39000,148,1,'A',278.30000,'2019-06-14 11:52:44',0,12788,9),(422,'2019-02-26',20.00,1,2,1,2,160,522.89000,149,1,'A',569.80000,'2019-06-14 11:52:44',0,12789,9),(423,'2019-02-26',8.00,1,3,1,2,160,613.59000,150,1,'A',660.50000,'2019-06-14 11:52:44',0,12790,9),(424,'2019-02-26',20.00,1,3,1,2,161,415.12000,151,1,'A',462.10000,'2019-06-14 11:52:44',0,12791,9),(425,'2019-02-26',20.00,1,3,1,2,105,238.32000,152,1,'A',272.60000,'2019-06-14 11:52:44',0,12792,6),(426,'2019-02-26',30.30,1,3,1,2,160,470.89000,153,1,'A',517.80000,'2019-06-14 11:52:44',0,12793,9),(427,'2019-02-27',12.00,1,1,1,2,160,588.09000,154,1,'A',635.00000,'2019-06-14 11:52:44',0,12794,9),(428,'2019-02-27',24.00,1,1,1,2,160,231.89000,155,1,'A',278.80000,'2019-06-14 11:52:44',0,12795,9),(429,'2019-02-27',24.00,1,1,1,2,175,191.64000,156,1,'A',233.90000,'2019-06-14 11:52:44',0,12796,7),(430,'2019-02-27',24.10,1,2,1,2,160,241.49000,157,1,'D',288.40000,'2019-06-14 11:52:45',0,12797,9),(431,'2019-02-27',8.00,1,1,1,2,160,606.49000,158,1,'A',653.40000,'2019-06-14 11:52:45',0,12798,9),(432,'2019-02-27',12.00,1,1,1,2,160,583.79000,159,1,'A',630.70000,'2019-06-14 11:52:45',0,12799,9),(433,'2019-02-27',20.00,1,3,1,2,160,482.89000,160,1,'A',529.80000,'2019-06-14 11:52:45',0,12800,9),(434,'2019-02-28',21.80,0,1,2,2,443,435.00000,1,4,' ',0.00000,'2019-06-14 11:52:45',1,12801,0),(435,'2019-02-28',24.10,1,1,2,2,95,171.67000,203,1,' ',0.00000,'2019-06-14 11:52:45',1,12802,0),(436,'2019-02-28',30.20,0,1,3,1,11,36.00000,1,3,' ',0.00000,'2019-06-14 11:52:45',0,12803,0),(437,'2019-02-28',12.00,1,1,1,2,160,584.39000,161,1,'A',631.30000,'2019-06-14 11:52:45',0,12804,9),(438,'2019-02-28',12.00,1,1,1,2,160,585.59000,162,1,'A',632.50000,'2019-06-14 11:52:45',0,12805,9),(439,'2019-02-28',20.00,1,2,1,2,160,483.29000,163,1,'A',530.20000,'2019-06-14 11:52:45',0,12806,9),(440,'2019-02-28',20.00,1,2,1,2,160,527.95000,164,1,'A',580.60000,'2019-06-14 11:52:45',0,12807,11),(441,'2019-02-28',12.00,1,3,1,2,160,580.89000,165,1,'A',627.80000,'2019-06-14 11:52:45',0,12808,9),(442,'2019-02-28',12.00,1,3,1,2,160,582.21000,166,1,'A',640.60000,'2019-06-14 11:52:45',0,12809,13),(443,'2019-02-28',30.30,1,3,1,2,160,482.49000,167,1,'A',529.40000,'2019-06-14 11:52:45',0,12810,9),(444,'2019-02-28',20.00,1,1,2,2,160,530.99000,204,1,' ',0.00000,'2019-06-14 11:52:45',1,12811,0),(445,'2019-02-28',21.80,0,0,10,2,1206,3005.80000,134,2,' ',0.00000,'2019-06-14 11:52:45',0,817,0),(446,'2019-02-28',15.60,0,0,10,2,240,425.56000,16,2,' ',0.00000,'2019-06-14 11:52:45',0,816,0),(447,'2019-02-28',20.90,0,0,10,2,270,510.28000,18,2,' ',0.00000,'2019-06-14 11:52:45',0,815,0),(448,'2019-03-01',12.00,1,1,1,2,160,584.89000,1,1,'A',631.80000,'2019-06-14 11:52:45',0,12812,9),(449,'2019-03-01',20.00,1,1,1,2,160,533.89000,2,1,'A',580.80000,'2019-06-14 11:52:45',0,12813,9),(450,'2019-03-01',20.00,1,1,1,2,160,526.39000,3,1,'A',573.30000,'2019-06-14 11:52:45',0,12814,9),(451,'2019-03-01',12.00,1,2,1,2,160,512.79000,4,1,'A',559.70000,'2019-06-14 11:52:45',0,12815,9),(452,'2019-03-01',12.00,1,2,1,2,150,456.42000,5,1,'A',502.60000,'2019-06-14 11:52:45',0,12816,9),(453,'2019-03-02',10.00,1,1,1,2,160,594.19000,6,1,'A',641.10000,'2019-06-14 11:52:45',0,12817,9),(454,'2019-03-02',10.00,1,1,1,2,160,599.09000,7,1,'A',646.00000,'2019-06-14 11:52:45',0,12818,9),(455,'2019-03-02',10.00,1,1,1,2,150,526.12000,8,1,'A',572.30000,'2019-06-14 11:52:45',0,12819,9),(456,'2019-03-02',20.00,1,2,1,2,160,517.29000,9,1,'A',564.20000,'2019-06-14 11:52:45',0,12820,9),(457,'2019-03-02',20.00,1,2,1,2,160,522.67000,10,1,'A',586.80000,'2019-06-14 11:52:45',0,12821,15),(458,'2019-03-02',30.30,1,2,1,2,160,517.79000,11,1,'A',564.70000,'2019-06-14 11:52:46',0,12822,9),(459,'2019-03-03',20.00,2,3,1,2,160,529.09000,12,1,'A',604.70000,'2019-06-14 11:52:46',0,12823,19),(460,'2019-03-03',20.00,1,3,1,2,160,349.83000,13,1,'A',391.00000,'2019-06-14 11:52:46',0,12824,7),(461,'2019-03-03',20.00,1,3,1,2,196,386.65000,14,1,'A',444.80000,'2019-06-14 11:52:46',0,12825,12),(462,'2019-03-03',30.30,1,3,1,2,160,481.89000,15,1,'A',528.80000,'2019-06-14 11:52:46',0,12826,9),(463,'2019-03-03',10.00,1,3,1,2,49,58.28000,16,1,'A',77.00000,'2019-06-14 11:52:46',0,12827,2),(464,'2019-03-04',8.00,1,2,1,2,160,607.79000,17,1,'A',654.70000,'2019-06-14 11:52:46',0,12829,9),(465,'2019-03-04',20.00,2,3,1,2,160,528.69000,18,1,'A',575.60000,'2019-06-14 11:52:46',0,12830,9),(466,'2019-03-04',30.30,1,3,1,2,160,477.73000,19,1,'D',547.60000,'2019-06-14 11:52:46',0,12831,17),(467,'2019-03-04',8.00,1,3,1,2,160,612.19000,20,1,'A',659.10000,'2019-06-14 11:52:46',0,12832,9),(468,'2019-03-05',20.00,2,1,1,2,160,639.69000,21,1,'A',686.60000,'2019-06-14 11:52:46',0,12833,9),(469,'2019-03-05',24.10,1,3,1,2,139,269.39000,22,1,'A',340.60000,'2019-06-14 11:52:46',0,12834,18),(470,'2019-03-06',8.00,2,1,1,2,160,609.09000,23,1,'A',656.00000,'2019-06-14 11:52:46',0,12835,9),(471,'2019-03-06',20.00,2,1,1,2,160,535.89000,24,1,'A',582.80000,'2019-06-14 11:52:46',0,12836,9),(472,'2019-03-06',30.30,1,1,1,2,179,439.50000,25,1,'A',487.80000,'2019-06-14 11:52:46',0,12837,9),(473,'2019-03-01',32.20,0,1,2,2,348,1024.87000,29,2,' ',0.00000,'2019-06-14 11:52:46',1,12838,0),(474,'2019-03-06',8.00,2,2,1,2,86,231.54000,26,1,'A',258.70000,'2019-06-14 11:52:46',0,12839,4),(475,'2019-03-06',8.00,1,2,1,2,140,379.96000,27,1,'A',416.80000,'2019-06-14 11:52:46',0,12840,6),(476,'2019-03-06',32.30,0,2,1,2,100,205.95000,28,1,'A',237.00000,'2019-06-14 11:52:46',0,12841,5),(477,'2019-03-06',20.00,2,2,1,2,160,535.39000,29,1,'A',582.30000,'2019-06-14 11:52:46',0,12842,9),(478,'2019-03-06',20.00,2,3,1,2,160,530.69000,30,1,'A',577.60000,'2019-06-14 11:52:46',0,12843,9),(479,'2019-03-07',20.00,2,2,1,2,160,547.29000,31,1,'A',594.20000,'2019-06-14 11:52:46',0,12844,9),(480,'2019-03-07',4.00,2,2,1,2,160,540.99000,32,1,'A',587.90000,'2019-06-14 11:52:46',0,12845,9),(481,'2019-03-07',20.00,2,3,1,2,160,529.39000,33,1,'A',576.30000,'2019-06-14 11:52:46',0,12846,9),(482,'2019-03-07',20.70,0,0,10,2,468,1396.81000,39,2,' ',0.00000,'2019-06-14 11:52:46',0,889,0),(483,'2019-03-07',13.80,0,0,10,2,179,304.81000,12,2,' ',0.00000,'2019-06-14 11:52:46',0,890,0),(484,'2019-03-08',21.00,0,0,10,2,504,1284.62000,42,3,' ',0.00000,'2019-06-14 11:52:47',0,898,0),(485,'2019-03-08',4.00,2,1,1,2,160,527.49000,34,1,'A',574.40000,'2019-06-14 11:52:47',0,12847,9),(486,'2019-03-08',20.00,2,1,1,2,160,535.79000,35,1,'A',582.70000,'2019-06-14 11:52:47',0,12848,9),(487,'2019-03-08',20.00,2,2,1,2,160,537.29000,36,1,'D',584.20000,'2019-06-14 11:52:47',0,12849,9),(488,'2019-03-08',20.00,2,2,1,2,160,521.39000,37,1,'D',568.30000,'2019-06-14 11:52:47',0,12850,9),(489,'2019-03-08',4.00,2,3,1,2,160,482.19000,38,1,'A',529.10000,'2019-06-14 11:52:47',0,12851,9),(490,'2019-03-09',20.00,2,1,1,2,83,264.79000,39,1,'D',294.60000,'2019-06-14 11:52:47',0,12852,5),(491,'2019-03-09',4.00,2,2,1,2,160,540.99000,40,1,'D',587.90000,'2019-06-14 11:52:47',0,12853,9),(492,'2019-03-09',20.00,2,2,1,2,160,528.39000,41,1,'A',575.30000,'2019-06-14 11:52:47',0,12854,9),(493,'2019-03-10',8.00,2,3,1,2,160,627.39000,42,1,'A',674.30000,'2019-06-14 11:52:47',0,12855,9),(494,'2019-03-10',8.00,2,3,1,2,160,619.49000,43,1,'A',666.40000,'2019-06-14 11:52:47',0,12856,9),(495,'2019-03-10',20.00,2,3,1,2,160,524.59000,44,1,'A',571.50000,'2019-06-14 11:52:47',0,12857,9),(496,'2019-03-10',20.00,2,3,1,2,160,538.19000,45,1,'A',585.10000,'2019-06-14 11:52:47',0,12858,9),(497,'2019-03-10',24.10,1,3,1,2,160,285.19000,46,1,'A',332.10000,'2019-06-14 11:52:47',0,12859,9),(498,'2019-03-10',20.00,2,3,1,2,160,531.79000,47,1,'A',578.70000,'2019-06-14 11:52:47',0,12860,9),(499,'2019-03-10',20.00,2,3,1,2,160,511.99000,48,1,'A',558.90000,'2019-06-14 11:52:47',0,12861,9),(500,'2019-03-10',30.30,1,3,1,2,170,423.46000,49,1,'A',471.10000,'2019-06-14 11:52:47',0,12862,9),(501,'2019-03-10',30.30,2,3,1,2,160,485.69000,50,1,'A',532.60000,'2019-06-14 11:52:47',0,12863,9),(502,'2019-03-10',4.00,1,3,1,2,13,39.45000,51,1,'A',49.80000,'2019-06-14 11:52:47',0,12864,0),(503,'2019-03-10',4.00,2,3,1,2,21,56.20000,52,1,'A',70.00000,'2019-06-14 11:52:47',0,12865,1),(504,'2019-03-11',24.10,1,2,1,2,74,120.82000,53,1,'D',147.10000,'2019-06-14 11:52:47',0,12866,4),(505,'2019-03-11',8.00,2,2,1,2,160,617.79000,54,1,'A',664.70000,'2019-06-14 11:52:47',0,12867,9),(506,'2019-03-11',20.00,2,2,1,2,160,532.19000,55,1,'A',579.10000,'2019-06-14 11:52:47',0,12868,9),(507,'2019-03-11',20.00,2,2,1,2,160,513.89000,56,1,'A',560.80000,'2019-06-14 11:52:47',0,12869,9),(508,'2019-03-11',20.00,2,3,1,2,160,527.29000,57,1,'A',574.20000,'2019-06-14 11:52:47',0,12870,9),(509,'2019-03-12',8.00,2,1,1,2,160,621.39000,58,1,'A',668.30000,'2019-06-14 11:52:47',0,12871,9),(510,'2019-03-12',20.00,2,1,1,2,114,354.29000,59,1,'A',392.10000,'2019-06-14 11:52:47',0,12872,7),(511,'2019-03-12',20.00,2,1,1,2,158,186.12000,60,1,'A',221.40000,'2019-06-14 11:52:47',0,12873,5),(512,'2019-03-12',20.00,2,1,1,2,161,336.12000,61,1,'A',383.10000,'2019-06-14 11:52:47',0,12874,9),(513,'2019-03-12',30.30,2,2,1,2,160,487.59000,62,1,'A',534.50000,'2019-06-14 11:52:48',0,12875,9),(514,'2019-03-12',20.00,2,2,1,2,160,531.39000,63,1,'A',578.30000,'2019-06-14 11:52:48',0,12876,9),(515,'2019-03-12',19.10,0,0,10,2,180,515.80000,15,2,' ',0.00000,'2019-06-14 11:52:48',0,961,0),(516,'2019-03-12',20.70,0,0,10,2,263,745.28000,23,2,' ',0.00000,'2019-06-14 11:52:48',0,962,0),(517,'2019-03-13',8.00,2,1,1,2,160,605.99000,64,1,'A',652.90000,'2019-06-14 11:52:48',0,12877,9),(518,'2019-03-13',20.00,2,1,1,2,147,252.58000,65,1,'A',292.80000,'2019-06-14 11:52:48',0,12878,7),(519,'2019-03-13',8.00,2,1,1,2,57,181.23000,66,1,'A',203.40000,'2019-06-14 11:52:48',0,12879,3),(520,'2019-03-13',20.00,2,1,1,2,160,501.29000,67,1,'A',548.20000,'2019-06-14 11:52:48',0,12880,9),(521,'2019-03-13',10.00,2,1,1,2,130,282.22000,68,1,'A',321.20000,'2019-06-14 11:52:48',0,12881,7),(522,'2019-03-13',20.00,2,1,1,2,131,213.59000,69,1,'A',246.90000,'2019-06-14 11:52:48',0,12882,5),(523,'2019-03-13',8.00,3,3,1,2,160,622.69000,70,1,'A',669.60000,'2019-06-14 11:52:48',0,12883,9),(524,'2019-03-13',10.00,2,3,1,2,160,592.29000,71,1,'A',639.20000,'2019-06-14 11:52:48',0,12884,9),(525,'2019-03-13',20.00,3,3,1,2,160,531.99000,72,1,'A',578.90000,'2019-06-14 11:52:48',0,12885,9),(526,'2019-03-11',16.30,0,0,10,2,210,1050.35000,20,3,' ',0.00000,'2019-06-14 11:52:48',0,901,0),(527,'2019-03-14',10.00,2,1,1,2,166,471.05000,73,1,'A',518.40000,'2019-06-14 11:52:48',0,12886,9),(528,'2019-03-14',10.00,2,1,1,2,160,593.49000,74,1,'A',640.40000,'2019-06-14 11:52:48',0,12887,9),(529,'2019-03-14',30.30,3,1,1,2,160,504.99000,75,1,'A',551.90000,'2019-06-14 11:52:48',0,12888,9),(530,'2019-03-14',10.00,2,1,1,2,49,19.92000,76,1,'A',32.90000,'2019-06-14 11:52:48',0,12889,0),(531,'2019-03-14',12.00,2,2,1,2,115,313.49000,77,1,'D',348.50000,'2019-06-14 11:52:48',0,12890,6),(532,'2019-03-14',8.00,3,2,1,2,94,245.59000,78,1,'A',276.20000,'2019-06-14 11:52:48',0,12891,5),(533,'2019-03-14',20.00,3,3,1,2,160,532.49000,79,1,'A',579.40000,'2019-06-14 11:52:48',0,12892,9),(534,'2019-03-14',4.00,3,3,1,2,160,542.69000,80,1,'A',589.60000,'2019-06-14 11:52:48',0,12893,9),(535,'2019-03-15',30.30,2,1,1,2,76,247.24000,81,1,'D',270.80000,'2019-06-14 11:52:48',0,12894,3),(536,'2019-03-15',12.00,3,1,1,2,160,574.99000,82,1,'D',621.90000,'2019-06-14 11:52:48',0,12895,9),(537,'2019-03-14',15.60,0,0,10,2,165,281.03000,11,2,' ',0.00000,'2019-06-14 11:52:48',0,1027,0),(538,'2019-03-14',20.90,0,0,10,2,300,578.53000,20,2,' ',0.00000,'2019-06-14 11:52:48',0,1026,0),(539,'2019-03-15',12.00,3,1,1,2,160,576.59000,83,1,'A',623.50000,'2019-06-14 11:52:48',0,12896,9),(540,'2019-03-15',4.00,3,2,1,2,160,516.69000,84,1,'A',563.60000,'2019-06-14 11:52:48',0,12897,9),(541,'2019-03-15',30.30,2,2,1,2,85,271.02000,85,1,'D',298.10000,'2019-06-14 11:52:48',0,12898,4),(542,'2019-03-15',12.00,3,3,1,2,160,576.69000,86,1,'A',623.60000,'2019-06-14 11:52:48',0,12899,9),(543,'2019-03-15',20.00,3,3,1,2,160,528.19000,87,1,'A',575.10000,'2019-06-14 11:52:49',0,12900,9),(544,'2019-03-15',20.00,3,3,1,2,160,514.89000,88,1,'A',561.80000,'2019-06-14 11:52:49',0,12901,9),(545,'2019-03-15',32.30,0,3,1,2,160,327.89000,89,1,'A',374.80000,'2019-06-14 11:52:49',0,12902,9),(546,'2019-03-16',4.00,3,1,1,2,160,530.79000,90,1,'A',577.70000,'2019-06-14 11:52:49',0,12903,9),(547,'2019-03-16',12.00,3,1,1,2,160,577.39000,91,1,'A',624.30000,'2019-06-14 11:52:49',0,12904,9),(548,'2019-03-16',12.00,3,2,1,2,160,578.69000,92,1,'A',625.60000,'2019-06-14 11:52:49',0,12905,9),(549,'2019-03-16',20.00,3,2,1,2,160,517.69000,93,1,'A',564.60000,'2019-06-14 11:52:49',0,12906,9),(550,'2019-03-16',4.00,3,2,1,2,160,525.79000,94,1,'A',572.70000,'2019-06-14 11:52:49',0,12907,9),(551,'2019-03-17',12.00,3,3,1,2,160,577.79000,95,1,'A',624.70000,'2019-06-14 11:52:49',0,12908,9),(552,'2019-03-17',20.00,2,3,1,2,160,516.49000,96,1,'A',563.40000,'2019-06-14 11:52:49',0,12909,9),(553,'2019-03-17',20.00,3,3,1,2,160,528.29000,97,1,'A',575.20000,'2019-06-14 11:52:49',0,12910,9),(554,'2019-03-17',20.00,3,3,1,2,160,511.19000,98,1,'A',558.10000,'2019-06-14 11:52:49',0,12911,9),(555,'2019-03-17',30.30,2,3,1,2,180,410.13000,99,1,'A',458.50000,'2019-06-14 11:52:49',0,12912,9),(556,'2019-03-17',24.10,0,3,1,2,165,311.43000,100,1,'A',358.70000,'2019-06-14 11:52:49',0,12913,9),(557,'2019-03-19',12.00,3,1,1,2,160,581.09000,101,1,'A',628.00000,'2019-06-14 11:52:49',0,12914,9),(558,'2019-03-19',12.00,3,2,1,2,160,581.49000,102,1,'A',628.40000,'2019-06-14 11:52:49',0,12915,9),(559,'2019-03-19',4.00,3,2,1,2,160,531.59000,103,1,'A',578.50000,'2019-06-14 11:52:49',0,12916,9),(560,'2019-03-19',12.00,3,3,1,2,160,579.89000,104,1,'A',626.80000,'2019-06-14 11:52:49',0,12917,9),(561,'2019-03-19',20.00,3,3,1,2,160,525.29000,105,1,'A',572.20000,'2019-06-14 11:52:49',0,12918,9),(562,'2019-03-19',23.20,0,0,10,2,216,524.20000,12,3,' ',0.00000,'2019-06-14 11:52:49',0,1036,0),(563,'2019-03-20',12.00,3,1,1,2,160,581.29000,106,1,'A',628.20000,'2019-06-14 11:52:49',0,12919,9),(564,'2019-03-20',12.00,3,1,1,2,139,453.39000,107,1,'A',495.90000,'2019-06-14 11:52:49',0,12920,8),(565,'2019-03-20',30.30,3,1,1,2,160,501.89000,108,1,'A',548.80000,'2019-06-14 11:52:49',0,12921,9),(566,'2019-03-20',4.00,3,2,1,2,176,512.12000,109,1,'A',560.20000,'2019-06-14 11:52:50',0,12922,9),(567,'2019-03-20',10.00,3,3,1,2,160,596.39000,110,1,'A',643.30000,'2019-06-14 11:52:50',0,12923,9),(568,'2019-03-20',32.30,0,3,1,2,67,159.83000,111,1,'D',185.60000,'2019-06-14 11:52:50',0,12924,4),(569,'2019-03-20',32.30,0,3,1,2,160,363.09000,112,1,'D',410.00000,'2019-06-14 11:52:50',0,12925,9),(570,'2019-03-20',20.00,3,3,1,2,160,531.89000,113,1,'A',578.80000,'2019-06-14 11:52:50',0,12926,9),(571,'2019-03-19',21.00,0,0,10,2,504,1292.98000,42,3,' ',0.00000,'2019-06-14 11:52:50',0,1079,0),(572,'2019-03-20',20.00,3,3,1,2,160,538.39000,114,1,'A',585.30000,'2019-06-14 11:52:50',0,12927,9),(573,'2019-03-21',10.00,3,1,1,2,160,598.99000,115,1,'A',645.90000,'2019-06-14 11:52:50',0,12928,9),(574,'2019-03-21',10.00,3,2,1,2,160,604.89000,116,1,'A',651.80000,'2019-06-14 11:52:50',0,12929,9),(575,'2019-03-21',30.30,3,2,1,2,160,448.29000,117,1,'A',495.20000,'2019-06-14 11:52:50',0,12930,9),(576,'2019-03-21',10.00,3,2,1,2,160,597.39000,118,1,'A',644.30000,'2019-06-14 11:52:50',0,12931,9),(577,'2019-03-21',20.00,3,3,1,2,123,433.80000,119,1,'A',469.40000,'2019-06-14 11:52:50',0,12932,6),(578,'2019-03-21',8.00,3,3,1,2,160,632.49000,120,1,'A',679.40000,'2019-06-14 11:52:50',0,12933,9),(579,'2019-03-21',10.00,3,3,1,2,160,605.09000,121,1,'A',652.00000,'2019-06-14 11:52:50',0,12934,9),(580,'2019-03-21',20.00,3,3,1,2,160,538.79000,122,1,'A',585.70000,'2019-06-14 11:52:50',0,12935,9),(581,'2019-03-21',30.30,3,3,1,2,160,391.49000,123,1,'A',438.40000,'2019-06-14 11:52:50',0,12936,9),(582,'2019-03-22',10.00,3,1,1,2,160,604.59000,124,1,'A',651.50000,'2019-06-14 11:52:50',0,12937,9),(583,'2019-03-22',10.00,3,2,1,2,160,601.99000,125,1,'A',648.90000,'2019-06-14 11:52:50',0,12938,9),(584,'2019-03-22',10.00,3,2,1,2,160,606.29000,126,1,'A',653.20000,'2019-06-14 11:52:50',0,12939,9),(585,'2019-03-22',10.00,3,3,1,2,160,605.89000,127,1,'A',652.80000,'2019-06-14 11:52:50',0,12940,9),(586,'2019-03-22',20.00,3,3,1,2,160,535.19000,128,1,'A',582.10000,'2019-06-14 11:52:50',0,12941,9),(587,'2019-03-22',20.00,3,3,1,2,160,533.93000,129,1,'A',603.80000,'2019-06-14 11:52:50',0,12942,17),(588,'2019-03-22',30.30,3,3,1,2,160,257.59000,130,1,'A',304.50000,'2019-06-14 11:52:50',0,12943,9),(589,'2019-03-23',30.30,3,3,1,2,71,115.74000,131,1,'A',141.80000,'2019-06-14 11:52:50',0,12944,4),(590,'2019-03-23',10.00,3,1,1,2,160,608.19000,132,1,'A',655.10000,'2019-06-14 11:52:50',0,12945,9),(591,'2019-03-23',10.00,3,2,1,2,160,606.29000,133,1,'A',653.20000,'2019-06-14 11:52:50',0,12946,9),(592,'2019-03-23',20.00,2,2,1,2,169,451.25000,134,1,'A',510.30000,'2019-06-14 11:52:51',0,12947,13),(593,'2019-03-23',20.00,3,2,1,2,160,540.29000,135,1,'A',587.20000,'2019-06-14 11:52:51',0,12948,9),(594,'2019-03-23',20.00,3,3,1,2,160,533.49000,136,1,'A',580.40000,'2019-06-14 11:52:51',0,12949,9),(595,'2019-03-23',24.10,3,3,1,2,160,287.19000,137,1,'A',334.10000,'2019-06-14 11:52:51',0,12950,9),(596,'2019-03-24',20.00,3,3,1,2,160,548.09000,138,1,'A',595.00000,'2019-06-14 11:52:51',0,12951,9),(597,'2019-03-24',20.00,3,3,1,2,160,530.69000,139,1,'A',577.60000,'2019-06-14 11:52:51',0,12952,9),(598,'2019-03-24',20.00,3,3,1,2,160,536.69000,140,1,'A',583.60000,'2019-06-14 11:52:51',0,12953,9),(599,'2019-03-25',10.00,3,1,1,2,75,129.62000,141,1,'D',153.10000,'2019-06-14 11:52:51',0,12954,3),(600,'2019-03-25',10.00,3,1,1,2,206,512.93000,142,1,'D',563.20000,'2019-06-14 11:52:51',0,12955,9),(601,'2019-03-25',20.00,2,1,1,2,30,80.84000,143,1,'D',95.30000,'2019-06-14 11:52:51',0,12956,1),(602,'2019-03-25',20.00,3,1,1,2,198,326.79000,144,1,'D',373.60000,'2019-06-14 11:52:51',0,12957,8),(603,'2019-03-25',30.30,2,1,1,2,131,281.58000,145,1,'D',323.50000,'2019-06-14 11:52:51',0,12958,8),(604,'2019-03-26',30.30,3,2,1,2,160,508.19000,146,1,'D',555.10000,'2019-06-14 11:52:51',0,12959,9),(605,'2019-03-26',20.00,3,3,1,2,160,545.99000,147,1,'D',592.90000,'2019-06-14 11:52:51',0,12960,9),(606,'2019-03-26',32.30,0,1,1,2,160,356.11000,148,1,'A',414.50000,'2019-06-14 11:52:51',0,12961,13),(607,'2019-03-26',24.00,3,1,1,2,105,185.75000,149,1,'D',222.90000,'2019-06-14 11:52:51',0,12962,7),(608,'2019-03-27',12.00,3,3,1,2,160,563.59000,150,1,'A',610.50000,'2019-06-14 11:52:51',0,12963,9),(609,'2019-03-27',20.00,3,3,1,2,160,533.09000,151,1,'A',580.00000,'2019-06-14 11:52:51',0,12964,9),(610,'2019-03-27',30.30,3,3,1,2,161,483.22000,152,1,'A',530.20000,'2019-06-14 11:52:51',0,12965,9),(611,'2019-03-27',12.00,3,1,1,2,91,61.78000,153,1,'A',89.30000,'2019-06-14 11:52:51',0,12967,4),(612,'2019-03-27',12.00,3,1,1,2,160,526.39000,154,1,'A',573.30000,'2019-06-14 11:52:52',0,12969,9),(613,'2019-03-27',12.00,3,1,1,2,160,560.39000,155,1,'A',607.30000,'2019-06-14 11:52:52',0,12970,9),(614,'2019-03-27',24.00,3,1,1,2,160,278.35000,156,1,'A',331.00000,'2019-06-14 11:52:52',0,12971,11),(615,'2019-03-28',8.00,3,2,1,2,160,630.19000,157,1,'A',677.10000,'2019-06-14 11:52:52',0,12972,9),(616,'2019-03-28',20.00,3,2,1,2,160,542.79000,158,1,'A',589.70000,'2019-06-14 11:52:52',0,12973,9),(617,'2019-03-28',24.00,3,1,1,2,160,277.09000,160,1,'A',324.00000,'2019-06-14 11:52:52',0,12975,9),(618,'2019-03-28',20.00,3,2,1,2,160,545.69000,161,1,'A',592.60000,'2019-06-14 11:52:52',0,12976,9),(619,'2019-03-29',30.30,3,2,1,2,160,494.29000,162,1,'A',541.20000,'2019-06-14 11:52:52',0,12977,9),(620,'2019-03-29',20.00,3,2,1,2,160,525.39000,163,1,'A',572.30000,'2019-06-14 11:52:52',0,12978,9),(621,'2019-03-29',8.00,3,2,1,2,160,522.39000,164,1,'A',569.30000,'2019-06-14 11:52:52',0,12979,9),(622,'2019-03-29',32.30,0,3,1,2,160,371.99000,165,1,'A',418.90000,'2019-06-14 11:52:52',0,12980,9),(623,'2019-03-29',24.00,3,3,1,2,160,276.09000,166,1,'A',323.00000,'2019-06-14 11:52:52',0,12981,9),(624,'2019-03-29',8.00,2,3,1,2,22,80.39000,167,1,'A',91.40000,'2019-06-14 11:52:52',0,12982,0),(625,'2019-03-29',20.00,3,1,1,2,160,485.09000,168,1,'A',532.00000,'2019-06-14 11:52:52',0,12983,9),(626,'2019-03-29',24.10,3,1,1,2,160,283.29000,169,1,'A',330.20000,'2019-06-14 11:52:52',0,12984,9),(627,'2019-03-29',8.00,3,2,1,2,160,537.29000,170,1,'A',584.20000,'2019-06-14 11:52:52',0,12985,9),(628,'2019-03-29',20.00,3,2,1,2,160,531.89000,171,1,'A',578.80000,'2019-06-14 11:52:52',0,12986,9),(629,'2019-03-29',30.30,3,2,1,2,160,446.99000,172,1,'A',493.90000,'2019-06-14 11:52:52',0,12987,9),(630,'2019-03-29',8.00,3,1,1,2,160,533.49000,173,1,'A',580.40000,'2019-06-14 11:52:53',0,12988,9),(631,'2019-03-30',8.00,3,1,1,2,136,411.41000,174,1,'A',453.70000,'2019-06-14 11:52:53',0,12989,8),(632,'2019-03-30',20.00,3,1,1,2,160,513.59000,175,1,'A',560.50000,'2019-06-14 11:52:53',0,12990,9),(633,'2019-03-30',24.00,3,1,1,2,160,269.29000,176,1,'A',316.20000,'2019-06-14 11:52:53',0,12992,9),(634,'2019-03-30',20.00,3,3,1,2,160,519.59000,177,1,'A',566.50000,'2019-06-14 11:52:53',0,12993,9),(635,'2019-03-30',20.00,3,3,1,2,160,523.79000,178,1,'A',570.70000,'2019-06-14 11:52:53',0,12994,9),(636,'2019-03-30',20.00,3,3,1,2,160,515.09000,179,1,'A',562.00000,'2019-06-14 11:52:53',0,12995,9),(637,'2019-03-30',24.00,3,3,1,2,194,174.65000,180,1,'A',218.30000,'2019-06-14 11:52:53',0,12996,7),(638,'2019-03-31',8.00,3,3,1,2,92,317.43000,181,1,'A',347.90000,'2019-06-14 11:52:53',0,12997,5),(639,'2019-03-31',20.00,3,3,1,2,160,515.29000,182,1,'A',562.20000,'2019-06-14 11:52:53',0,12998,9),(640,'2019-03-31',30.30,3,3,1,2,160,446.29000,183,1,'A',493.20000,'2019-06-14 11:52:53',0,12999,9),(641,'2019-03-29',21.10,0,0,10,2,144,78.80000,3,3,' ',0.00000,'2019-06-14 11:52:53',0,1150,0),(642,'2019-03-31',32.30,0,3,1,2,153,293.91000,184,1,'A',360.40000,'2019-06-14 11:52:53',0,13000,16),(643,'2019-04-01',20.00,3,1,1,2,162,322.08000,1,1,'A',363.40000,'2019-06-14 11:52:53',0,13001,7),(644,'2019-04-01',20.00,3,1,1,2,163,503.17000,2,1,'A',550.30000,'2019-06-14 11:52:53',0,13002,9),(645,'2019-04-01',20.00,3,1,1,2,157,247.62000,3,1,'A',285.70000,'2019-06-14 11:52:53',0,13003,6),(646,'2019-04-01',8.00,4,2,1,2,160,552.69000,4,1,'A',599.60000,'2019-06-14 11:52:53',0,13004,9),(647,'2019-04-01',8.00,4,2,1,2,24,75.45000,5,1,'A',86.60000,'2019-06-14 11:52:53',0,13005,0),(648,'2019-04-01',20.00,3,2,1,2,160,523.19000,6,1,'A',570.10000,'2019-06-14 11:52:53',0,13006,9),(649,'2019-04-01',30.30,3,2,1,2,160,455.19000,7,1,'A',502.10000,'2019-06-14 11:52:53',0,13007,9),(650,'2019-04-02',10.00,3,1,1,2,160,602.99000,8,1,'A',649.90000,'2019-06-14 11:52:53',0,13008,9),(651,'2019-04-02',10.00,3,1,1,2,160,600.19000,9,1,'A',647.10000,'2019-06-14 11:52:53',0,13009,9),(652,'2019-04-02',20.00,3,1,1,2,160,502.99000,10,1,'A',549.90000,'2019-06-14 11:52:54',0,13010,9),(653,'2019-03-28',8.00,3,1,1,2,160,604.89000,159,1,'A',651.80000,'2019-06-14 11:52:54',0,13011,9),(654,'2019-04-02',4.00,4,2,1,2,160,537.29000,11,1,'A',584.20000,'2019-06-14 11:52:54',0,13012,9),(655,'2019-04-02',20.00,3,2,1,2,59,154.95000,12,1,'A',174.40000,'2019-06-14 11:52:54',0,13013,2),(656,'2019-04-02',4.00,4,3,1,2,160,534.39000,13,1,'A',581.30000,'2019-06-14 11:52:54',0,13014,9),(657,'2019-04-02',10.00,3,3,1,2,160,598.89000,14,1,'A',645.80000,'2019-06-14 11:52:54',0,13015,9),(658,'2019-04-02',30.30,3,3,1,2,160,436.89000,15,1,'A',483.80000,'2019-06-14 11:52:54',0,13016,9),(659,'2019-03-31',24.10,3,3,1,2,40,56.44000,185,1,'A',74.50000,'2019-06-14 11:52:54',0,13017,2),(660,'2019-04-03',10.00,3,1,1,2,160,604.19000,16,1,'A',651.10000,'2019-06-14 11:52:54',0,13018,9),(661,'2019-04-03',10.00,3,2,1,2,160,601.29000,17,1,'A',648.20000,'2019-06-14 11:52:54',0,13019,9),(662,'2019-04-03',10.00,3,2,1,2,160,607.69000,18,1,'A',654.60000,'2019-06-14 11:52:54',0,13020,9),(663,'2019-04-03',10.00,3,3,1,2,160,527.69000,19,1,'A',574.60000,'2019-06-14 11:52:54',0,13021,9),(664,'2019-04-03',20.00,4,3,1,2,160,540.49000,20,1,'A',587.40000,'2019-06-14 11:52:54',0,13022,9),(665,'2019-04-04',24.10,3,1,1,2,160,266.29000,21,1,'A',313.20000,'2019-06-14 11:52:54',0,13023,9),(666,'2019-04-04',30.30,3,1,1,2,160,438.69000,22,1,'A',485.60000,'2019-06-14 11:52:54',0,13024,9),(667,'2019-04-04',10.00,4,2,1,2,160,591.79000,23,1,'A',638.70000,'2019-06-14 11:52:54',0,13025,9),(668,'2019-04-04',4.00,4,2,1,2,169,500.53000,24,1,'A',548.10000,'2019-06-14 11:52:54',0,13026,9),(669,'2019-04-04',20.00,4,2,1,2,160,528.99000,25,1,'A',575.90000,'2019-06-14 11:52:54',0,13027,9),(670,'2019-04-03',21.10,0,0,10,2,129,101.80000,4,2,' ',0.00000,'2019-06-14 11:52:54',0,1173,0),(671,'2019-04-03',21.10,0,0,10,2,147,88.20000,3,2,' ',0.00000,'2019-06-14 11:52:54',0,1174,0),(672,'2019-04-05',10.00,4,1,1,2,160,598.69000,27,1,'A',645.60000,'2019-06-14 11:52:54',0,13029,9),(673,'2019-04-05',10.00,4,2,1,2,160,606.59000,28,1,'A',653.50000,'2019-06-14 11:52:54',0,13030,9),(674,'2019-04-05',4.00,4,1,1,2,160,515.49000,26,1,'A',562.40000,'2019-06-14 11:52:54',0,13032,9),(675,'2019-04-05',4.00,4,3,1,2,160,511.49000,29,1,'A',558.40000,'2019-06-14 11:52:54',0,13033,9),(676,'2019-04-05',10.00,4,3,1,2,160,602.49000,30,1,'A',649.40000,'2019-06-14 11:52:55',0,13034,9),(677,'2019-04-05',20.00,4,3,1,2,160,551.09000,31,1,'A',598.00000,'2019-06-14 11:52:55',0,13035,9),(678,'2019-04-05',30.30,3,3,1,2,160,423.29000,32,1,'A',470.20000,'2019-06-14 11:52:55',0,13036,9),(679,'2019-04-06',16.30,0,0,10,2,210,1067.58000,20,3,' ',0.00000,'2019-06-14 11:52:55',0,1156,0),(680,'2019-04-05',20.00,4,3,1,2,160,529.99000,33,1,'A',576.90000,'2019-06-14 11:52:55',0,13037,9),(681,'2019-04-06',32.30,0,1,1,2,160,331.09000,34,1,'A',378.00000,'2019-06-14 11:52:55',0,13038,9),(682,'2019-04-06',10.00,3,1,1,2,173,498.54000,35,1,'A',546.40000,'2019-06-14 11:52:55',0,13039,9),(683,'2019-04-06',10.00,4,1,1,2,110,310.25000,36,1,'A',344.90000,'2019-06-14 11:52:55',0,13040,6),(684,'2019-04-06',10.00,4,1,1,2,176,534.42000,37,1,'A',582.50000,'2019-06-14 11:52:55',0,13041,9),(685,'2019-04-07',20.00,4,3,1,2,112,345.20000,39,1,'A',380.00000,'2019-06-14 11:52:55',0,13042,6),(686,'2019-04-05',32.40,0,0,10,2,999,2619.80000,111,2,' ',0.00000,'2019-06-14 11:52:55',0,1204,0),(687,'2019-04-08',12.00,4,1,1,2,160,583.19000,40,1,'A',630.10000,'2019-06-14 11:52:55',0,13043,9),(688,'2019-04-08',30.30,3,1,1,2,148,387.04000,41,1,'A',430.20000,'2019-06-14 11:52:55',0,13044,8),(689,'2019-04-07',20.00,4,3,1,2,160,535.09000,38,1,'A',582.00000,'2019-06-14 11:52:55',0,13045,9),(690,'2019-04-08',21.00,0,0,10,1,504,1321.06000,42,3,' ',0.00000,'2019-06-14 11:52:55',0,1211,0),(691,'2019-04-08',12.00,4,2,1,2,160,578.89000,42,1,'A',625.80000,'2019-06-14 11:52:55',0,13046,9),(692,'2019-04-08',4.00,4,3,1,2,160,513.79000,43,1,'A',560.70000,'2019-06-14 11:52:55',0,13047,9),(693,'2019-04-08',20.00,4,3,1,2,160,536.79000,44,1,'A',583.70000,'2019-06-14 11:52:55',0,13048,9),(694,'2019-04-08',30.30,3,3,1,2,160,405.79000,45,1,'A',452.70000,'2019-06-14 11:52:55',0,13049,9),(695,'2019-04-09',12.00,4,1,1,2,160,583.09000,46,1,'A',630.00000,'2019-06-14 11:52:55',0,13050,9),(696,'2019-04-09',12.00,4,1,1,2,160,583.49000,47,1,'A',630.40000,'2019-06-14 11:52:55',0,13051,9),(697,'2019-04-09',12.00,3,1,1,2,14,45.78000,48,1,'A',56.20000,'2019-06-14 11:52:55',0,13052,0),(698,'2019-04-09',32.30,0,2,1,2,160,337.19000,49,1,'A',384.10000,'2019-06-14 11:52:55',0,13053,9),(699,'2019-04-09',4.00,4,2,1,2,160,509.29000,50,1,'A',556.20000,'2019-06-14 11:52:55',0,13054,9),(700,'2019-04-09',12.00,4,2,1,2,160,590.19000,51,1,'A',637.10000,'2019-06-14 11:52:55',0,13055,9),(701,'2019-04-09',24.10,3,3,1,2,160,261.29000,52,1,'A',308.20000,'2019-06-14 11:52:55',0,13056,9),(702,'2019-04-10',4.00,4,1,1,2,172,459.51000,53,1,'A',507.30000,'2019-06-14 11:52:56',0,13057,9),(703,'2019-04-10',12.00,4,1,1,2,160,582.09000,54,1,'A',629.00000,'2019-06-14 11:52:56',0,13058,9),(704,'2019-04-10',20.00,4,1,1,2,160,541.99000,55,1,'A',588.90000,'2019-06-14 11:52:56',0,13059,9),(705,'2019-04-10',12.00,4,2,1,2,160,562.29000,56,1,'A',609.20000,'2019-06-14 11:52:56',0,13060,9),(706,'2019-04-10',12.00,4,2,1,2,160,473.69000,57,1,'A',520.60000,'2019-06-14 11:52:56',0,13061,9),(707,'2019-04-10',12.00,4,2,1,2,66,181.17000,58,1,'A',204.00000,'2019-06-14 11:52:56',0,13062,3),(708,'2019-04-10',20.00,4,3,1,2,160,530.29000,59,1,'A',577.20000,'2019-06-14 11:52:56',0,13063,9),(709,'2019-04-10',30.30,3,3,1,2,160,411.89000,60,1,'A',458.80000,'2019-06-14 11:52:56',0,13064,9),(710,'2019-04-10',24.10,3,3,1,2,121,155.35000,61,1,'A',190.80000,'2019-06-14 11:52:56',0,13065,6),(711,'2019-04-11',8.00,4,1,1,2,146,562.11000,62,1,'A',608.00000,'2019-06-14 11:52:56',0,13066,9),(712,'2019-04-11',16.40,0,1,3,2,270,441.58000,17,2,' ',0.00000,'2019-06-14 11:52:56',0,13067,0),(713,'2019-04-11',32.50,0,1,3,1,101,89.60000,2,3,' ',0.00000,'2019-06-14 11:52:56',0,13068,0),(714,'2019-04-11',13.80,0,1,3,2,6,6.00000,1,2,' ',0.00000,'2019-06-14 11:52:56',0,13069,0),(715,'2019-04-11',40.40,0,1,3,1,74,81.00000,1,4,' ',0.00000,'2019-06-14 11:52:56',0,13070,0),(716,'2019-04-11',21.10,0,1,3,2,43,32.30000,1,3,' ',0.00000,'2019-06-14 11:52:56',0,13071,0),(717,'2019-04-11',21.10,0,1,3,2,149,92.00000,4,3,' ',0.00000,'2019-06-14 11:52:56',0,13072,0),(718,'2019-04-11',10.00,4,1,1,2,160,590.19000,63,1,'A',637.10000,'2019-06-14 11:52:56',0,13073,9),(719,'2019-04-11',20.00,4,1,1,2,160,538.49000,64,1,'A',585.40000,'2019-06-14 11:52:56',0,13074,9),(720,'2019-04-11',10.00,4,0,1,2,160,595.39000,65,1,'A',642.30000,'2019-06-14 11:52:56',0,13075,9),(721,'2019-04-11',8.00,4,3,1,2,160,612.39000,66,1,'A',659.30000,'2019-06-14 11:52:56',0,13076,9),(722,'2019-04-11',10.00,4,3,1,2,160,593.79000,67,1,'A',640.70000,'2019-06-14 11:52:56',0,13077,9),(723,'2019-04-11',32.30,0,3,1,2,160,327.39000,68,1,'A',374.30000,'2019-06-14 11:52:56',0,13078,9),(724,'2019-04-12',13.80,0,1,3,2,17,39.00000,2,2,' ',0.00000,'2019-06-14 11:52:56',0,13079,0),(725,'2019-04-12',13.80,0,1,3,1,11,13.82000,1,3,' ',0.00000,'2019-06-14 11:52:56',0,13080,0),(726,'2019-04-12',21.10,0,1,2,2,70,101.60000,3,3,' ',0.00000,'2019-06-14 11:52:56',1,13081,0),(727,'2019-04-12',16.90,0,1,2,2,29,36.66000,0,2,' ',0.00000,'2019-06-14 11:52:56',0,13082,0),(728,'2019-04-11',8.00,4,3,1,2,136,525.21000,69,1,'A',567.50000,'2019-06-14 11:52:57',0,13083,8),(729,'2019-04-12',10.00,4,1,1,2,20,45.67000,70,1,'A',59.40000,'2019-06-14 11:52:57',0,13084,1),(730,'2019-04-12',10.00,4,1,1,2,176,469.62000,71,1,'A',517.70000,'2019-06-14 11:52:57',0,13085,9),(731,'2019-04-12',10.00,4,1,1,2,160,596.79000,72,1,'A',643.70000,'2019-06-14 11:52:57',0,13086,9),(732,'2019-04-12',10.00,4,1,1,2,160,594.29000,73,1,'A',641.20000,'2019-06-14 11:52:57',0,13087,9),(733,'2019-04-12',30.30,3,2,1,2,160,410.49000,74,1,'A',457.40000,'2019-06-14 11:52:57',0,13088,9),(734,'2019-04-12',20.00,4,2,1,2,160,531.29000,75,1,'A',578.20000,'2019-06-14 11:52:57',0,13089,9),(735,'2019-04-12',20.00,4,2,1,2,160,535.39000,76,1,'A',582.30000,'2019-06-14 11:52:57',0,13090,9),(736,'2019-04-14',8.00,4,3,1,2,69,267.88000,78,1,'A',293.80000,'2019-06-14 11:52:57',0,13092,4),(737,'2019-04-14',8.00,4,3,1,2,160,620.59000,79,1,'A',667.50000,'2019-06-14 11:52:57',0,13093,9),(738,'2019-04-14',8.00,4,3,1,2,160,619.59000,80,1,'A',666.50000,'2019-06-14 11:52:57',0,13094,9),(739,'2019-04-14',20.00,4,3,1,2,161,535.62000,81,1,'A',582.60000,'2019-06-14 11:52:57',0,13095,9),(740,'2019-04-14',20.00,4,3,1,2,160,529.19000,82,1,'A',576.10000,'2019-06-14 11:52:57',0,13096,9),(741,'2019-04-14',20.00,4,3,1,2,160,528.09000,83,1,'A',575.00000,'2019-06-14 11:52:57',0,13097,9),(742,'2019-04-14',20.00,4,3,1,2,160,531.39000,84,1,'A',578.30000,'2019-06-14 11:52:57',0,13098,9),(743,'2019-04-14',20.00,4,3,1,2,160,538.69000,85,1,'A',585.60000,'2019-06-14 11:52:57',0,13099,9),(744,'2019-04-14',30.30,3,3,1,2,160,410.49000,86,1,'A',457.40000,'2019-06-14 11:52:58',0,13100,9),(745,'2019-04-14',8.00,4,1,1,2,160,616.59000,77,1,'A',663.50000,'2019-06-14 11:52:58',0,13101,9),(746,'2019-04-14',8.00,4,2,1,2,160,616.69000,87,1,'A',663.60000,'2019-06-14 11:52:58',0,13102,9),(747,'2019-04-14',20.00,4,2,1,2,160,526.39000,88,1,'A',573.30000,'2019-06-14 11:52:58',0,13103,9),(748,'2019-04-15',20.00,4,3,1,2,160,537.89000,89,1,'A',584.80000,'2019-06-14 11:52:58',0,13106,9),(749,'2019-04-15',20.00,4,3,1,2,160,539.39000,90,1,'A',586.30000,'2019-06-14 11:52:58',0,13107,9),(750,'2019-04-15',32.30,0,3,1,2,160,341.09000,91,1,'A',388.00000,'2019-06-14 11:52:58',0,13108,9),(751,'2019-04-16',8.00,4,1,1,2,160,615.29000,92,1,'A',662.20000,'2019-06-14 11:52:58',0,13109,9),(752,'2019-04-16',20.00,4,1,1,2,184,390.57000,93,1,'A',442.10000,'2019-06-14 11:52:58',0,13110,10),(753,'2019-04-16',32.30,0,2,1,2,54,118.45000,94,1,'A',140.40000,'2019-06-14 11:52:58',0,13111,3),(754,'2019-04-16',30.30,3,2,1,2,160,400.29000,95,1,'A',447.20000,'2019-06-14 11:52:58',0,13112,9),(755,'2019-04-16',8.00,4,3,1,2,160,611.99000,96,1,'A',658.90000,'2019-06-14 11:52:58',0,13113,9),(756,'2019-04-17',8.00,4,2,1,2,160,619.19000,97,1,'A',666.10000,'2019-06-14 11:52:59',0,13114,9),(757,'2019-04-17',20.00,4,2,1,2,160,532.19000,98,1,'A',579.10000,'2019-06-14 11:52:59',0,13115,9),(758,'2019-04-17',20.00,4,2,1,2,160,526.59000,99,1,'A',573.50000,'2019-06-14 11:52:59',0,13116,9),(759,'2019-04-17',20.00,4,2,1,2,160,537.09000,100,1,'A',584.00000,'2019-06-14 11:52:59',0,13117,9),(760,'2019-04-17',32.30,0,3,1,2,160,336.69000,101,1,'A',383.60000,'2019-06-14 11:52:59',0,13118,9),(761,'2019-04-17',19.10,0,0,10,2,180,519.73000,15,2,' ',0.00000,'2019-06-14 11:52:59',0,1296,0),(762,'2019-04-17',14.90,0,0,10,2,120,184.94000,8,2,' ',0.00000,'2019-06-14 11:52:59',0,1297,0),(763,'2019-04-22',16.30,0,0,10,2,210,1083.70000,20,3,' ',0.00000,'2019-06-14 11:52:59',0,1278,0),(764,'2019-04-22',8.00,4,1,1,2,176,584.02000,102,1,'A',632.10000,'2019-06-14 11:52:59',0,13119,9),(765,'2019-04-22',8.00,4,1,1,2,13,29.35000,103,1,'A',39.70000,'2019-06-14 11:52:59',0,13120,0),(766,'2019-04-22',20.00,4,2,1,2,128,394.30000,104,1,'A',436.00000,'2019-06-14 11:52:59',0,13121,8),(767,'2019-04-22',20.00,4,2,1,2,160,525.49000,105,1,'A',572.40000,'2019-06-14 11:52:59',0,13122,9),(768,'2019-04-23',10.00,4,1,1,2,160,593.59000,106,1,'A',640.50000,'2019-06-14 11:53:00',0,13124,9),(769,'2019-04-23',20.00,4,1,1,2,160,533.39000,107,1,'A',580.30000,'2019-06-14 11:53:00',0,13125,9),(770,'2019-04-23',20.00,4,1,1,2,160,550.39000,108,1,'A',597.30000,'2019-06-14 11:53:00',0,13126,9),(771,'2019-04-23',10.00,4,2,1,2,160,596.29000,109,1,'A',643.20000,'2019-06-14 11:53:00',0,13127,9),(772,'2019-04-23',30.30,3,2,1,2,160,411.39000,110,1,'A',458.30000,'2019-06-14 11:53:00',0,13128,9),(773,'2019-04-23',4.00,4,3,1,2,160,490.73000,111,1,'A',560.60000,'2019-06-14 11:53:00',0,13129,17),(774,'2019-04-23',10.00,4,3,1,2,160,599.87000,112,1,'A',664.00000,'2019-06-14 11:53:00',0,13130,15),(775,'2019-04-23',32.30,0,3,1,2,160,357.39000,113,1,'A',404.30000,'2019-06-14 11:53:00',0,13131,9),(776,'2019-04-24',10.00,4,1,1,2,160,591.29000,114,1,'A',638.20000,'2019-06-14 11:53:00',0,13132,9),(777,'2019-04-24',20.00,4,1,1,2,160,537.59000,115,1,'A',584.50000,'2019-06-14 11:53:00',0,13133,9),(778,'2019-04-24',20.00,4,2,1,2,160,545.19000,116,1,'A',592.10000,'2019-06-14 11:53:00',0,13134,9),(779,'2019-04-24',10.00,4,2,1,2,160,590.29000,117,1,'A',637.20000,'2019-06-14 11:53:00',0,13135,9),(780,'2019-04-24',4.00,4,3,1,2,160,496.45000,118,1,'A',549.10000,'2019-06-14 11:53:00',0,13136,11),(781,'2019-04-24',10.00,4,3,1,2,160,603.39000,119,1,'A',650.30000,'2019-06-14 11:53:00',0,13137,9),(782,'2019-04-24',10.00,4,3,1,2,160,601.69000,120,1,'A',648.60000,'2019-06-14 11:53:00',0,13138,9),(783,'2019-04-24',30.30,3,3,1,2,160,405.35000,121,1,'A',458.00000,'2019-06-14 11:53:00',0,13139,11),(784,'2019-04-24',32.40,0,0,10,2,792,2013.40000,88,2,' ',0.00000,'2019-06-14 11:53:00',0,1331,0),(785,'2019-04-25',10.00,4,1,1,2,160,602.53000,122,1,'A',672.40000,'2019-06-14 11:53:00',0,13140,17),(786,'2019-04-25',20.00,4,2,1,2,160,543.69000,123,1,'A',619.30000,'2019-06-14 11:53:01',0,13141,19),(787,'2019-04-25',20.00,4,2,1,2,160,533.33000,124,1,'A',603.20000,'2019-06-14 11:53:01',0,13142,17),(788,'2019-04-25',10.00,4,2,1,2,160,597.65000,125,1,'A',650.30000,'2019-06-14 11:53:01',0,13143,11),(789,'2019-04-25',4.00,4,2,1,2,160,494.05000,126,1,'A',575.40000,'2019-06-14 11:53:01',0,13144,21),(790,'2019-04-25',10.00,4,2,1,2,160,597.51000,127,1,'A',655.90000,'2019-06-14 11:53:01',0,13145,13),(791,'2019-04-25',32.30,0,3,1,2,160,370.87000,128,1,'A',435.00000,'2019-06-14 11:53:01',0,13146,15),(792,'2019-04-25',4.00,4,3,1,2,80,237.95000,129,1,'A',261.80000,'2019-06-14 11:53:01',0,13147,3),(793,'2019-04-11',16.40,0,1,3,2,88,143.92000,1,4,' ',0.00000,'2019-06-14 11:53:01',0,13148,0),(794,'2019-04-26',40.40,0,1,2,1,43,47.00000,1,3,' ',0.00000,'2019-06-14 11:53:01',0,13149,0),(795,'2019-04-26',32.40,0,0,2,2,526,750.00000,2,4,' ',0.00000,'2019-06-14 11:53:01',1,13150,0),(796,'2019-04-26',21.00,0,1,2,2,175,254.00000,1,4,' ',0.00000,'2019-06-14 11:53:01',1,13151,0),(797,'2019-04-26',20.70,0,1,2,2,504,426.00000,1,4,' ',0.00000,'2019-06-14 11:53:01',1,13152,0),(798,'2019-04-26',23.20,0,1,2,1,115,112.00000,1,4,' ',0.00000,'2019-06-14 11:53:01',1,13153,0),(799,'2019-04-26',18.40,0,1,2,1,750,680.00000,2,4,' ',0.00000,'2019-06-14 11:53:01',1,13154,0),(800,'2019-04-27',20.00,4,1,2,2,70,234.68000,1,1,'A',0.00000,'2019-06-14 11:53:01',1,13155,0),(801,'2019-04-26',10.00,4,3,1,2,160,532.19000,130,1,'A',579.10000,'2019-06-14 11:53:01',0,13156,9),(802,'2019-04-26',32.30,0,3,1,2,160,407.29000,131,1,'A',454.20000,'2019-06-14 11:53:01',0,13157,9),(803,'2019-04-26',20.00,4,3,1,2,160,532.21000,132,1,'A',590.60000,'2019-06-14 11:53:01',0,13158,13),(804,'2019-04-26',20.00,4,3,1,2,160,543.15000,133,1,'A',595.80000,'2019-06-14 11:53:01',0,13159,11),(805,'2019-04-27',4.00,4,1,1,2,160,496.53000,134,1,'A',537.70000,'2019-06-14 11:53:02',0,13160,7),(806,'2019-04-27',20.00,4,1,1,2,160,547.69000,135,1,'A',594.60000,'2019-06-14 11:53:02',0,13161,9),(807,'2019-04-27',4.00,4,1,1,2,160,539.39000,136,1,'A',586.30000,'2019-06-14 11:53:02',0,13162,9),(808,'2019-04-27',30.30,3,1,1,2,160,404.89000,137,1,'A',451.80000,'2019-06-14 11:53:02',0,13163,9),(809,'2019-04-27',10.00,4,1,1,2,160,583.66000,138,1,'A',627.70000,'2019-06-14 11:53:02',0,13164,8),(810,'2019-04-27',10.00,4,1,1,2,160,593.86000,139,1,'A',637.90000,'2019-06-14 11:53:02',0,13165,8),(811,'2019-04-27',10.00,4,1,1,2,160,597.06000,140,1,'A',641.10000,'2019-06-14 11:53:02',0,13166,8),(812,'2019-04-28',20.00,4,3,1,2,131,363.42000,141,1,'A',399.60000,'2019-06-14 11:53:02',0,13168,6),(813,'2019-04-28',20.00,4,3,1,2,160,529.63000,142,1,'A',599.50000,'2019-06-14 11:53:02',0,13169,17),(814,'2019-04-28',30.30,3,3,1,2,163,417.87000,143,1,'A',465.00000,'2019-06-14 11:53:02',0,13170,9),(815,'2019-04-28',20.00,4,3,1,2,160,535.19000,144,1,'A',582.10000,'2019-06-14 11:53:02',0,13171,9),(816,'2019-04-28',10.00,4,3,1,2,48,151.93000,145,1,'A',167.70000,'2019-06-14 11:53:02',0,13172,1),(817,'2019-04-29',10.00,4,1,2,2,41,130.00000,2904,1,' ',0.00000,'2019-06-14 11:53:02',1,13173,0),(818,'2018-12-31',7.10,0,1,6,2,216,520.14000,1,4,' ',0.00000,'2019-06-14 11:53:02',0,-982,0),(819,'2019-04-28',4.00,4,2,1,2,160,480.88000,146,1,'A',536.40000,'2019-06-14 11:53:02',0,13174,12),(820,'2019-04-28',20.00,4,2,1,2,160,544.43000,147,1,'A',614.30000,'2019-06-14 11:53:02',0,13175,17),(821,'2019-04-29',20.00,4,3,1,2,160,542.49000,149,1,'A',589.40000,'2019-06-14 11:53:02',0,13177,9),(822,'2019-04-30',4.00,4,1,1,2,160,483.99000,150,1,'A',530.90000,'2019-06-14 11:53:02',0,13178,9),(823,'2019-04-30',20.00,4,1,1,2,160,545.35000,151,1,'A',598.00000,'2019-06-14 11:53:02',0,13179,11),(824,'2019-04-30',21.10,0,1,3,1,32,41.00000,1,3,' ',0.00000,'2019-06-14 11:53:02',0,13180,0),(825,'2019-04-30',20.90,0,1,2,2,43,76.80000,3,2,' ',0.00000,'2019-06-14 11:53:03',1,13181,0),(826,'2019-04-30',21.10,0,1,3,2,37,19.00000,1,3,' ',0.00000,'2019-06-14 11:53:03',0,13182,0),(827,'2019-04-30',21.10,0,1,3,1,4,3.90000,1,2,' ',0.00000,'2019-06-14 11:53:03',0,13183,0),(828,'2019-04-30',24.00,4,2,1,2,160,299.29000,152,1,'A',346.20000,'2019-06-14 11:53:03',0,13184,9),(829,'2019-04-30',32.30,0,2,1,2,160,415.59000,153,1,'A',462.50000,'2019-06-14 11:53:03',0,13185,9),(830,'2019-04-30',20.00,4,2,1,2,160,555.99000,154,1,'A',602.90000,'2019-06-14 11:53:03',0,13186,9),(831,'2019-04-30',30.30,3,2,1,2,160,411.39000,155,1,'A',458.30000,'2019-06-14 11:53:03',0,13187,9),(832,'2019-04-30',4.00,4,3,1,2,160,484.07000,156,1,'A',548.20000,'2019-06-14 11:53:03',0,13188,15),(833,'2019-04-30',20.00,4,3,1,2,160,556.49000,157,1,'A',603.40000,'2019-06-14 11:53:03',0,13189,9),(834,'2019-04-28',20.00,4,2,1,2,160,542.98000,148,1,'A',598.50000,'2019-06-14 11:53:03',0,13190,12),(835,'2019-05-01',20.00,4,1,1,2,160,538.89000,1,1,'A',585.80000,'2019-06-14 11:53:03',0,13191,9),(836,'2019-05-02',4.00,4,2,1,2,160,481.99000,2,1,'A',528.90000,'2019-06-14 11:53:03',0,13192,9),(837,'2019-05-02',4.00,4,2,1,2,19,56.41000,3,1,'A',67.20000,'2019-06-14 11:53:03',0,13193,0),(838,'2019-05-02',20.00,4,3,1,2,160,532.59000,4,1,'A',579.50000,'2019-06-14 11:53:03',0,13194,9),(839,'2019-05-02',20.00,4,3,1,2,160,560.47000,5,1,'A',624.60000,'2019-06-14 11:53:03',0,13195,15),(840,'2019-05-03',20.00,4,1,1,2,160,544.79000,6,1,'A',591.70000,'2019-06-14 11:53:03',0,13196,9),(841,'2019-05-03',24.00,4,1,1,2,160,303.09000,7,1,'A',350.00000,'2019-06-14 11:53:03',0,13197,9),(842,'2019-05-03',8.00,4,1,1,2,156,452.05000,8,1,'A',495.80000,'2019-06-14 11:53:03',0,13198,8),(843,'2019-05-03',8.00,4,2,1,2,77,204.10000,9,1,'A',230.60000,'2019-06-14 11:53:03',0,13199,4),(844,'2019-05-03',20.00,4,3,1,2,160,558.35000,10,1,'A',611.00000,'2019-06-14 11:53:03',0,13200,11),(845,'2019-05-03',30.30,3,3,1,2,160,411.79000,11,1,'A',458.70000,'2019-06-14 11:53:03',0,13201,9),(846,'2019-05-05',8.00,4,3,1,2,160,612.19000,12,1,'A',659.10000,'2019-06-14 11:53:03',0,13202,9),(847,'2019-05-05',8.00,4,3,1,2,151,574.85000,13,1,'A',621.10000,'2019-06-14 11:53:03',0,13203,9),(848,'2019-05-05',20.00,4,3,1,2,161,539.02000,14,1,'A',586.00000,'2019-06-14 11:53:04',0,13204,9),(849,'2019-05-05',20.00,4,3,1,2,160,546.99000,15,1,'A',593.90000,'2019-06-14 11:53:04',0,13205,9),(850,'2019-05-05',20.00,4,3,1,2,160,542.43000,16,1,'A',583.60000,'2019-06-14 11:53:04',0,13206,7),(851,'2019-05-05',24.00,4,3,1,2,160,302.19000,17,1,'A',349.10000,'2019-06-14 11:53:04',0,13207,9),(852,'2019-05-05',20.00,4,3,1,2,160,557.29000,18,1,'A',604.20000,'2019-06-14 11:53:04',0,13208,9),(853,'2019-05-05',30.30,4,3,1,2,160,410.99000,19,1,'A',457.90000,'2019-06-14 11:53:04',0,13209,9),(854,'2019-05-05',20.00,4,1,1,2,160,548.45000,20,1,'A',601.10000,'2019-06-14 11:53:04',0,13210,11),(855,'2019-05-05',8.00,4,1,1,2,160,613.63000,21,1,'A',683.50000,'2019-06-14 11:53:04',0,13211,17),(856,'2019-05-03',21.00,0,0,10,1,504,1315.06000,42,3,' ',0.00000,'2019-06-14 11:53:04',0,1393,0),(857,'2019-05-03',18.40,0,0,10,1,710,2017.40000,58,2,' ',0.00000,'2019-06-14 11:53:04',0,1392,0),(858,'2019-05-06',14.80,0,0,10,2,165,307.02000,11,2,' ',0.00000,'2019-06-14 11:53:04',0,1421,0),(859,'2019-05-06',20.00,4,2,1,2,160,551.59000,22,1,'A',598.50000,'2019-06-14 11:53:04',0,13212,9),(860,'2019-05-06',8.00,4,3,1,2,160,611.19000,23,1,'A',658.10000,'2019-06-14 11:53:04',0,13213,9),(861,'2019-05-06',20.00,4,3,1,2,164,506.70000,24,1,'A',553.90000,'2019-06-14 11:53:04',0,13214,9),(862,'2019-05-06',20.00,4,3,1,2,160,528.09000,25,1,'A',575.00000,'2019-06-14 11:53:04',0,13215,9),(863,'2019-05-06',24.10,4,3,1,2,160,340.49000,26,1,'A',387.40000,'2019-06-14 11:53:04',0,13216,9),(864,'2019-05-06',24.00,4,3,1,2,167,286.54000,27,1,'A',339.70000,'2019-06-14 11:53:04',0,13217,11),(865,'2019-05-06',32.30,0,3,1,2,160,421.71000,28,1,'A',480.10000,'2019-06-14 11:53:04',0,13218,13),(866,'2019-05-06',24.00,4,3,1,2,142,156.51000,29,1,'A',193.50000,'2019-06-14 11:53:04',0,13219,6),(867,'2019-05-07',20.00,4,1,1,2,160,553.37000,30,1,'A',617.50000,'2019-06-14 11:53:04',0,13220,15),(868,'2019-05-07',30.30,3,1,1,2,160,409.21000,31,1,'A',467.60000,'2019-06-14 11:53:05',0,13222,13),(869,'2019-05-07',32.40,0,0,10,2,450,1189.70000,50,2,' ',0.00000,'2019-06-14 11:53:05',0,1427,0),(870,'2019-05-07',8.00,4,2,1,2,160,540.59000,32,1,'A',587.50000,'2019-06-14 11:53:05',0,13223,9),(871,'2019-05-07',12.00,4,3,1,2,160,593.09000,33,1,'A',640.00000,'2019-06-14 11:53:05',0,13224,9),(872,'2019-05-08',24.10,4,1,1,2,112,231.00000,34,1,'A',265.80000,'2019-06-14 11:53:05',0,13225,6),(873,'2019-05-08',12.00,4,1,1,2,160,576.79000,35,1,'A',623.70000,'2019-06-14 11:53:05',0,13226,9),(874,'2019-05-08',20.00,4,1,1,2,160,549.79000,36,1,'A',596.70000,'2019-06-14 11:53:05',0,13227,9),(875,'2019-05-08',12.00,4,1,1,2,160,584.89000,37,1,'A',631.80000,'2019-06-14 11:53:05',0,13229,9),(876,'2019-05-08',8.00,4,2,1,2,97,310.14000,38,1,'A',338.10000,'2019-06-14 11:53:05',0,13230,4),(877,'2019-05-08',12.00,4,2,1,2,160,585.39000,39,1,'A',632.30000,'2019-06-14 11:53:05',0,13231,9),(878,'2019-05-08',8.00,4,2,1,2,160,594.09000,40,1,'A',641.00000,'2019-06-14 11:53:05',0,13232,9),(879,'2019-05-09',12.00,4,1,1,2,70,216.31000,41,1,'A',242.30000,'2019-06-14 11:53:05',0,13234,4),(880,'2019-05-09',12.00,4,1,1,2,160,533.49000,42,1,'A',580.40000,'2019-06-14 11:53:05',0,13235,9),(881,'2019-05-09',12.00,4,1,1,2,160,582.39000,43,1,'A',629.30000,'2019-06-14 11:53:05',0,13236,9),(882,'2019-05-09',24.10,4,1,1,2,126,170.61000,44,1,'A',209.30000,'2019-06-14 11:53:05',0,13237,7),(883,'2019-05-09',20.00,4,1,1,2,160,544.83000,45,1,'A',614.70000,'2019-06-14 11:53:05',0,13238,17),(884,'2019-05-09',30.30,3,1,1,2,160,407.69000,46,1,'A',454.60000,'2019-06-14 11:53:05',0,13239,9),(885,'2019-05-09',20.00,4,2,1,2,160,571.29000,47,1,'A',618.20000,'2019-06-14 11:53:05',0,13240,9),(886,'2019-05-09',20.00,4,2,1,2,160,551.79000,48,1,'A',598.70000,'2019-06-14 11:53:05',0,13241,9),(887,'2019-05-12',10.00,4,3,1,2,160,587.19000,49,1,'A',634.10000,'2019-06-14 11:53:05',0,13242,9),(888,'2019-05-12',10.00,4,3,1,2,160,590.09000,50,1,'A',637.00000,'2019-06-14 11:53:05',0,13243,9),(889,'2019-05-12',10.00,4,3,1,2,160,590.09000,51,1,'A',637.00000,'2019-06-14 11:53:05',0,13244,9),(890,'2019-05-12',20.00,4,3,1,2,160,540.99000,52,1,'A',587.90000,'2019-06-14 11:53:05',0,13245,9),(891,'2019-05-12',20.00,4,3,1,2,160,548.89000,53,1,'A',595.80000,'2019-06-14 11:53:06',0,13246,9),(892,'2019-05-02',20.70,0,1,2,2,504,426.00000,1,4,' ',0.00000,'2019-06-14 11:53:06',1,13247,0),(893,'2019-05-12',32.30,0,3,1,2,160,417.49000,54,1,'A',464.40000,'2019-06-14 11:53:06',0,13248,9),(894,'2019-05-13',10.00,4,1,1,2,160,588.19000,55,1,'A',635.10000,'2019-06-14 11:53:06',0,13249,9),(895,'2019-05-13',30.30,3,1,1,2,160,409.89000,56,1,'A',456.80000,'2019-06-14 11:53:06',0,13250,9),(896,'2019-05-13',10.00,4,2,1,2,160,589.39000,57,1,'A',636.30000,'2019-06-14 11:53:06',0,13251,9),(897,'2019-05-13',10.00,4,3,1,2,160,589.89000,59,1,'A',636.80000,'2019-06-14 11:53:06',0,13253,9),(898,'2019-05-13',4.00,4,2,1,2,160,539.97000,58,1,'A',604.10000,'2019-06-14 11:53:06',0,13254,15),(899,'2019-05-13',16.30,0,0,10,1,210,1060.85000,20,3,' ',0.00000,'2019-06-14 11:53:06',0,1452,0),(900,'2019-05-14',10.00,4,1,1,2,160,592.09000,60,1,'A',639.00000,'2019-06-14 11:53:06',0,13255,9),(901,'2019-05-14',10.00,4,1,1,2,161,592.48000,61,1,'A',645.20000,'2019-06-14 11:53:06',0,13256,11),(902,'2019-05-14',20.00,4,1,1,2,160,552.45000,62,1,'A',605.10000,'2019-06-14 11:53:06',0,13257,11),(903,'2019-05-14',20.00,4,2,1,2,160,542.39000,63,1,'A',618.00000,'2019-06-14 11:53:06',0,13258,19),(904,'2019-05-14',4.00,4,3,1,2,38,119.13000,64,1,'A',131.30000,'2019-06-14 11:53:06',0,13259,0),(905,'2019-05-14',4.00,4,3,1,2,192,547.71000,65,1,'A',602.70000,'2019-06-14 11:53:06',0,13260,11),(906,'2019-05-15',10.00,4,1,1,2,160,589.05000,66,1,'A',641.70000,'2019-06-14 11:53:06',0,13261,11),(907,'2019-05-15',20.00,4,1,1,2,160,553.91000,67,1,'A',612.30000,'2019-06-14 11:53:06',0,13262,13),(908,'2019-05-15',30.30,3,2,1,2,160,407.49000,68,1,'A',454.40000,'2019-06-14 11:53:06',0,13263,9),(909,'2019-05-15',10.00,4,2,1,2,160,591.59000,69,1,'A',638.50000,'2019-06-14 11:53:06',0,13264,9),(910,'2019-05-16',8.00,4,1,1,2,160,608.59000,70,1,'A',655.50000,'2019-06-14 11:53:06',0,13265,9),(911,'2019-05-16',10.00,4,1,1,2,160,593.69000,71,1,'A',640.60000,'2019-06-14 11:53:06',0,13266,9),(912,'2019-05-16',10.00,4,1,1,2,160,592.49000,72,1,'A',639.40000,'2019-06-14 11:53:06',0,13267,9),(913,'2019-05-16',32.30,4,1,1,2,160,421.39000,73,1,'A',468.30000,'2019-06-14 11:53:06',0,13268,9),(914,'2019-05-16',24.10,4,1,1,2,160,333.39000,74,1,'A',380.30000,'2019-06-14 11:53:06',0,13269,9),(915,'2019-05-16',20.00,4,1,1,2,160,544.85000,75,1,'A',597.50000,'2019-06-14 11:53:06',0,13270,11),(916,'2019-05-16',20.00,4,1,1,2,160,559.25000,76,1,'A',611.90000,'2019-06-14 11:53:06',0,13271,11),(917,'2019-05-17',8.00,4,1,1,2,160,613.39000,77,1,'A',660.30000,'2019-06-14 11:53:06',0,13272,9),(918,'2019-05-17',10.00,4,1,1,2,160,595.79000,78,1,'A',642.70000,'2019-06-14 11:53:06',0,13273,9),(919,'2019-05-17',10.00,4,1,1,2,160,594.79000,79,1,'A',641.70000,'2019-06-14 11:53:06',0,13274,9),(920,'2019-05-17',20.00,4,1,1,2,160,563.74000,80,1,'A',625.00000,'2019-06-14 11:53:06',0,13275,14),(921,'2019-05-17',30.30,4,1,1,2,160,410.35000,81,1,'A',463.00000,'2019-06-14 11:53:07',0,13276,11),(922,'2019-05-17',20.00,4,2,1,2,160,546.29000,82,1,'A',593.20000,'2019-06-14 11:53:07',0,13277,9),(923,'2019-05-17',10.00,4,2,1,2,160,592.19000,83,1,'A',639.10000,'2019-06-14 11:53:07',0,13278,9),(924,'2019-05-17',20.00,4,3,1,2,161,559.99000,84,1,'A',604.10000,'2019-06-14 11:53:07',0,13279,8),(925,'2019-05-17',10.00,4,3,1,2,160,599.69000,85,1,'A',646.60000,'2019-06-14 11:53:07',0,13280,9),(926,'2019-05-18',10.00,0,2,1,2,160,594.70000,86,1,'A',633.00000,'2019-06-14 11:53:07',0,13281,6),(927,'2019-05-18',10.00,4,2,1,2,160,596.89000,87,1,'A',643.80000,'2019-06-14 11:53:07',0,13282,9),(928,'2019-05-18',8.00,4,2,1,2,160,612.13000,88,1,'A',682.00000,'2019-06-14 11:53:07',0,13283,17),(929,'2019-05-20',10.00,4,1,1,2,160,598.43000,89,1,'A',639.60000,'2019-06-14 11:53:07',0,13284,7),(930,'2019-05-20',10.00,4,1,1,2,160,594.29000,90,1,'A',641.20000,'2019-06-14 11:53:07',0,13285,9),(931,'2019-05-20',32.30,0,1,1,2,160,424.69000,91,1,'A',471.60000,'2019-06-14 11:53:07',0,13286,9),(932,'2019-05-20',30.30,3,1,1,2,160,412.25000,92,1,'A',464.90000,'2019-06-14 11:53:07',0,13287,11),(933,'2019-05-20',10.00,4,3,1,2,160,590.85000,93,1,'A',643.50000,'2019-06-14 11:53:07',0,13288,11),(934,'2019-05-21',10.00,4,1,1,2,160,596.15000,94,1,'A',648.80000,'2019-06-14 11:53:07',0,13289,11),(935,'2019-05-21',8.00,4,1,1,2,168,638.41000,95,1,'A',685.90000,'2019-06-14 11:53:07',0,13290,9),(936,'2019-05-21',10.00,4,1,1,2,160,585.69000,96,1,'A',632.60000,'2019-06-14 11:53:07',0,13291,9),(937,'2019-05-21',10.00,4,1,1,2,160,592.59000,97,1,'A',639.50000,'2019-06-14 11:53:07',0,13292,9),(938,'2019-05-21',10.00,4,2,1,2,160,566.69000,98,1,'A',613.60000,'2019-06-14 11:53:07',0,13293,9),(939,'2019-05-21',10.00,4,2,1,2,160,561.96000,99,1,'A',606.00000,'2019-06-14 11:53:07',0,13294,8),(940,'2019-05-21',10.00,4,2,1,2,111,454.54000,100,1,'A',495.00000,'2019-06-14 11:53:07',0,13295,8),(941,'2019-05-22',30.30,3,3,1,2,160,414.76000,101,1,'A',458.80000,'2019-06-14 11:53:07',0,13296,8),(942,'2019-05-22',20.00,4,3,1,2,160,554.46000,102,1,'A',598.50000,'2019-06-14 11:53:07',0,13297,8),(943,'2019-05-22',20.00,4,3,1,2,160,553.10000,103,1,'A',591.40000,'2019-06-14 11:53:07',0,13298,6),(944,'2019-05-22',20.00,4,3,1,2,160,545.23000,104,1,'A',586.40000,'2019-06-14 11:53:07',0,13299,7),(945,'2019-05-22',20.00,4,3,1,2,160,555.46000,105,1,'A',599.50000,'2019-06-14 11:53:07',0,13300,8),(946,'2019-05-22',12.00,4,3,1,2,160,593.86000,106,1,'A',637.90000,'2019-06-14 11:53:07',0,13301,8),(947,'2019-05-22',20.00,4,2,1,2,160,553.80000,107,1,'A',592.10000,'2019-06-14 11:53:07',0,13302,6),(948,'2019-05-22',20.00,4,2,1,2,160,550.80000,108,1,'A',589.10000,'2019-06-14 11:53:07',0,13303,6),(949,'2019-05-22',12.00,4,2,1,2,160,598.40000,109,1,'A',636.70000,'2019-06-14 11:53:07',0,13304,6),(950,'2019-05-22',8.00,4,2,1,2,152,576.66000,110,1,'A',620.26000,'2019-06-14 11:53:07',0,13305,8),(951,'2019-05-23',8.00,4,1,1,2,173,574.54000,111,1,'A',622.40000,'2019-06-14 11:53:07',0,13306,9),(952,'2019-05-23',8.00,4,1,1,2,13,29.65000,112,1,'A',40.00000,'2019-06-14 11:53:07',0,13307,0),(953,'2019-05-23',12.00,4,1,1,2,162,606.84000,113,1,'A',653.90000,'2019-06-14 11:53:07',0,13308,9),(954,'2019-05-23',12.00,4,1,1,2,171,537.19000,114,1,'A',584.90000,'2019-06-14 11:53:07',0,13309,9),(955,'2019-05-23',24.10,4,1,1,1,160,410.79000,115,1,'A',457.70000,'2019-06-14 11:53:07',0,13310,9),(956,'2019-05-23',20.00,4,1,1,2,160,559.09000,116,1,'A',606.00000,'2019-06-14 11:53:08',0,13311,9),(957,'2019-05-23',30.30,3,1,1,2,160,414.25000,117,1,'A',466.90000,'2019-06-14 11:53:08',0,13312,11),(958,'2019-05-23',20.00,4,2,1,2,160,553.90000,118,1,'A',592.20000,'2019-06-14 11:53:08',0,13313,6),(959,'2019-05-23',20.00,4,2,1,2,160,547.44000,119,1,'A',580.00000,'2019-06-14 11:53:08',0,13314,4),(960,'2019-05-23',12.00,4,2,1,2,153,573.45000,120,1,'A',605.50000,'2019-06-14 11:53:08',0,13315,4),(961,'2019-05-23',30.30,3,2,1,2,161,444.84000,121,1,'A',503.30000,'2019-06-14 11:53:08',0,13316,13),(962,'2019-05-24',32.30,0,1,1,2,160,431.69000,122,1,'A',478.60000,'2019-06-14 11:53:08',0,13317,9),(963,'2019-05-24',20.00,4,1,1,2,160,551.79000,123,1,'A',598.70000,'2019-06-14 11:53:08',0,13318,9),(964,'2019-05-24',4.00,4,3,1,1,160,551.59000,124,1,'A',598.50000,'2019-06-14 11:53:08',0,13320,9),(965,'2019-05-24',20.00,4,2,1,2,160,560.33000,125,1,'A',601.50000,'2019-06-14 11:53:08',0,13321,7),(966,'2019-05-24',20.00,4,2,1,2,160,548.39000,126,1,'A',595.30000,'2019-06-14 11:53:08',0,13322,9),(967,'2019-05-24',30.30,3,3,1,2,117,384.46000,127,1,'A',431.10000,'2019-06-14 11:53:08',0,13323,10),(968,'2019-05-24',4.00,4,3,1,1,160,558.55000,128,1,'A',611.20000,'2019-06-14 11:53:08',0,13324,11),(969,'2019-05-25',32.30,0,1,1,2,160,414.09000,129,1,'A',461.00000,'2019-06-14 11:53:08',0,13325,9),(970,'2019-05-25',20.00,4,3,1,2,160,553.09000,130,1,'A',600.00000,'2019-06-14 11:53:08',0,13326,9),(971,'2019-05-26',20.00,4,3,1,2,160,550.45000,132,1,'A',603.10000,'2019-06-14 11:53:08',0,13331,11),(972,'2019-05-26',20.00,4,3,1,2,160,548.89000,133,1,'A',595.80000,'2019-06-14 11:53:08',0,13332,9),(973,'2019-05-26',20.00,4,3,1,2,160,545.19000,134,1,'A',592.10000,'2019-06-14 11:53:08',0,13333,9),(974,'2019-05-26',30.30,3,3,1,2,160,465.09000,135,1,'A',512.00000,'2019-06-14 11:53:08',0,13334,9),(975,'2019-05-26',24.10,4,3,1,2,160,338.86000,131,1,'A',382.90000,'2019-06-14 11:53:08',0,13335,8),(976,'2019-05-27',30.30,3,3,1,2,160,465.59000,136,1,'A',512.50000,'2019-06-14 11:53:08',0,13336,9),(977,'2019-05-27',4.00,4,3,1,2,160,549.39000,137,1,'A',596.30000,'2019-06-14 11:53:08',0,13337,9),(978,'2019-05-27',20.00,4,3,1,2,160,560.39000,138,1,'A',607.30000,'2019-06-14 11:53:08',0,13338,9),(979,'2019-05-27',32.40,0,0,10,1,387,1009.30000,43,2,' ',0.00000,'2019-06-14 11:53:08',0,1560,0),(980,'2019-05-22',8.00,4,2,1,2,8,31.20000,110,1,'A',32.64000,'2019-06-14 11:53:08',0,13339,8),(981,'2019-05-28',30.30,3,1,2,2,507,152.00000,201,1,' ',0.00000,'2019-06-14 11:53:08',1,13340,0),(982,'2019-05-28',32.30,0,1,1,2,160,419.49000,139,1,'A',466.40000,'2019-06-14 11:53:08',0,13342,9),(983,'2019-05-28',32.30,4,1,2,2,250,85.00000,202,1,' ',0.00000,'2019-06-14 11:53:08',1,13344,0),(984,'2019-05-28',20.00,4,3,1,2,160,562.74000,141,1,'A',624.00000,'2019-06-14 11:53:08',0,13345,14),(985,'2019-05-28',20.00,4,3,1,2,160,548.09000,142,1,'A',595.00000,'2019-06-14 11:53:08',0,13346,9),(986,'2019-05-28',4.00,4,3,1,1,160,540.09000,143,1,'A',587.00000,'2019-06-14 11:53:08',0,13347,9),(987,'2019-05-28',30.30,3,1,1,2,160,467.49000,144,1,'A',514.40000,'2019-06-14 11:53:08',0,13348,9),(988,'2019-05-28',4.00,4,1,1,2,160,549.29000,145,1,'A',596.20000,'2019-06-14 11:53:08',0,13349,9),(989,'2019-05-28',4.00,4,3,1,1,160,523.79000,146,1,'A',570.70000,'2019-06-14 11:53:08',0,13350,9),(990,'2019-05-28',20.00,4,3,1,2,160,564.96000,147,1,'A',609.00000,'2019-06-14 11:53:08',0,13351,8),(991,'2019-05-28',4.00,4,1,1,2,160,545.19000,148,1,'A',592.10000,'2019-06-14 11:53:09',0,13352,9),(992,'2019-05-28',24.00,4,1,2,2,117,211.84000,203,1,' ',0.00000,'2019-06-14 11:53:09',0,13353,0),(993,'2019-05-30',4.00,4,3,1,1,160,497.13000,149,1,'A',567.00000,'2019-06-14 11:53:09',0,13354,17),(994,'2019-05-30',20.00,4,1,1,2,160,552.85000,150,1,'A',605.50000,'2019-06-14 11:53:09',0,13355,11),(995,'2019-05-30',20.00,4,3,1,2,160,556.59000,151,1,'A',603.50000,'2019-06-14 11:53:09',0,13357,9),(996,'2019-05-30',32.30,0,3,1,2,160,414.79000,152,1,'A',461.70000,'2019-06-14 11:53:09',0,13358,9),(997,'2019-05-30',30.30,3,3,1,2,160,470.49000,153,1,'A',517.40000,'2019-06-14 11:53:09',0,13359,9),(998,'2019-05-30',32.40,0,0,10,2,405,1015.20000,45,2,' ',0.00000,'2019-06-14 11:53:09',0,1597,0),(999,'2019-05-31',20.90,0,0,10,2,330,613.64000,22,2,' ',0.00000,'2019-06-14 11:53:09',0,1598,0),(1000,'2019-05-31',15.60,0,0,10,2,240,438.11000,16,2,' ',0.00000,'2019-06-14 11:53:09',0,1599,0),(1001,'2019-05-31',4.00,4,1,1,1,160,517.39000,154,1,'A',564.30000,'2019-06-14 11:53:09',0,13360,9),(1002,'2019-05-31',20.00,4,3,1,2,160,546.00000,155,1,'A',613.00000,'2019-06-14 11:53:09',0,13361,16),(1003,'2019-05-31',20.00,4,3,1,2,160,554.09000,156,1,'A',601.00000,'2019-06-14 11:53:09',0,13362,9),(1004,'2019-05-31',4.00,4,3,1,1,160,522.69000,157,1,'A',569.60000,'2019-06-14 11:53:09',0,13363,9),(1005,'2019-05-31',32.30,0,3,1,2,160,421.89000,158,1,'A',468.80000,'2019-06-14 11:53:09',0,13364,9),(1006,'2019-06-01',4.00,4,3,1,1,160,521.09000,1,1,'A',568.00000,'2019-06-14 11:53:09',0,13365,9),(1007,'2019-06-01',20.00,4,3,1,2,160,546.89000,2,1,'A',593.80000,'2019-06-14 11:53:09',0,13366,9),(1008,'2019-06-01',30.30,3,3,1,2,160,466.29000,3,1,'A',513.20000,'2019-06-14 11:53:09',0,13367,9),(1009,'2019-06-02',20.00,4,3,1,2,160,541.59000,4,1,'A',588.50000,'2019-06-14 11:53:09',0,13370,9),(1010,'2019-06-02',20.00,4,3,1,2,160,539.79000,5,1,'A',586.70000,'2019-06-14 11:53:09',0,13371,9),(1011,'2019-06-03',20.00,4,1,1,2,160,533.69000,6,1,'A',580.60000,'2019-06-14 11:53:09',0,13372,9),(1012,'2019-06-04',20.00,4,1,1,2,160,546.59000,8,1,'A',593.50000,'2019-06-14 11:53:09',0,13374,9),(1013,'2019-06-04',30.30,3,1,2,2,550,224.00000,601,1,' ',0.00000,'2019-06-14 11:53:09',1,13375,0),(1014,'2019-06-04',32.30,0,2,1,2,160,421.89000,9,1,'A',468.80000,'2019-06-14 11:53:09',0,13377,9),(1015,'2019-06-04',12.00,4,2,1,2,160,595.09000,10,1,'A',642.00000,'2019-06-14 11:53:09',0,13378,9),(1016,'2019-06-04',12.00,4,2,1,2,160,582.57000,11,1,'A',646.70000,'2019-06-14 11:53:10',0,13379,15),(1017,'2019-06-04',30.30,3,2,1,2,160,463.99000,12,1,'A',510.90000,'2019-06-14 11:53:10',0,13380,9),(1018,'2019-06-04',20.00,4,2,1,2,160,538.39000,13,1,'A',585.30000,'2019-06-14 11:53:10',0,13381,9),(1019,'2019-06-04',32.30,0,2,1,2,32,75.39000,14,1,'A',90.00000,'2019-06-14 11:53:10',0,13382,1),(1020,'2019-06-05',32.30,0,2,1,2,81,190.91000,15,1,'A',217.70000,'2019-06-14 11:53:10',0,13383,4),(1021,'2019-06-05',12.00,4,2,1,2,160,592.59000,16,1,'A',639.50000,'2019-06-14 11:53:10',0,13384,9),(1022,'2019-06-05',20.00,4,2,1,2,160,548.69000,17,1,'A',595.60000,'2019-06-14 11:53:10',0,13385,9),(1023,'2019-06-03',15.60,0,0,10,2,161,275.11000,11,2,' ',0.00000,'2019-06-14 11:53:10',0,1620,0),(1024,'2019-06-03',20.90,0,0,10,2,180,338.09000,12,2,' ',0.00000,'2019-06-14 11:53:10',0,1619,0),(1025,'2019-06-03',30.30,3,1,1,2,160,465.29000,7,1,'A',512.20000,'2019-06-14 11:53:10',0,13386,9),(1026,'2019-06-06',12.00,4,2,1,2,160,439.69000,18,1,'A',486.60000,'2019-06-14 11:53:10',0,13387,9),(1027,'2019-06-06',12.00,4,2,1,2,100,199.88000,19,1,'A',233.80000,'2019-06-14 11:53:10',0,13388,6),(1028,'2019-06-07',16.30,0,0,10,1,210,1055.65000,20,3,' ',0.00000,'2019-06-14 11:53:10',0,1615,0),(1029,'2019-06-04',21.00,0,0,10,1,500,1675.90000,15,3,' ',0.00000,'2019-06-14 11:53:10',0,1659,0),(1030,'2019-06-05',16.90,0,0,10,1,128,94.70000,4,2,' ',0.00000,'2019-06-14 11:53:10',0,1663,0),(1031,'2019-06-07',10.00,4,1,1,2,160,596.19000,20,1,'A',643.10000,'2019-06-14 11:53:10',0,13389,9),(1032,'2019-06-07',20.00,4,1,1,2,160,551.29000,21,1,'A',598.20000,'2019-06-14 11:53:10',0,13390,9),(1033,'2019-06-07',30.30,3,1,1,2,160,461.19000,22,1,'A',508.10000,'2019-06-14 11:53:10',0,13391,9),(1034,'2019-06-07',10.00,4,3,1,2,160,591.09000,23,1,'A',638.00000,'2019-06-14 11:53:10',0,13392,9),(1035,'2019-06-07',10.00,4,3,1,2,160,599.29000,24,1,'A',646.20000,'2019-06-14 11:53:10',0,13393,9),(1036,'2019-06-07',4.00,4,2,1,2,66,187.50000,25,1,'A',213.20000,'2019-06-14 11:53:10',0,13394,4),(1037,'2019-06-07',32.30,0,3,1,2,144,373.53000,26,1,'A',416.40000,'2019-06-14 11:53:10',0,13395,8),(1038,'2019-06-08',20.00,4,1,1,2,160,548.39000,27,1,'A',595.30000,'2019-06-14 11:53:10',0,13396,9),(1039,'2019-06-08',10.00,4,1,1,2,160,591.49000,28,1,'A',638.40000,'2019-06-14 11:53:10',0,13397,9),(1040,'2019-06-08',30.30,3,2,1,2,160,456.09000,29,1,'A',503.00000,'2019-06-14 11:53:10',0,13398,9),(1041,'2019-06-09',20.00,4,3,1,2,160,549.09000,30,1,'A',596.00000,'2019-06-14 11:53:10',0,13399,9),(1042,'2019-06-10',10.00,4,1,1,1,160,583.49000,31,1,'A',630.40000,'2019-06-14 11:53:10',0,13400,9),(1043,'2019-06-10',20.00,4,1,1,2,160,544.59000,32,1,'A',591.50000,'2019-06-14 11:53:10',0,13401,9),(1044,'2019-06-10',30.30,3,2,1,2,160,457.79000,33,1,'A',504.70000,'2019-06-14 11:53:10',0,13402,9),(1045,'2019-06-10',8.00,4,2,1,1,160,615.59000,34,1,'A',662.50000,'2019-06-14 11:53:10',0,13403,9),(1046,'2019-06-10',10.00,4,2,1,2,160,593.39000,35,1,'A',640.30000,'2019-06-14 11:53:11',0,13404,9),(1047,'2019-06-11',8.00,4,1,1,2,160,610.09000,36,1,'A',657.00000,'2019-06-14 11:53:11',0,13405,9),(1048,'2019-06-11',20.00,4,1,1,1,160,541.69000,37,1,'A',588.60000,'2019-06-14 11:53:11',0,13406,9),(1049,'2019-06-10',14.80,0,0,10,2,120,226.29000,8,2,' ',0.00000,'2019-06-14 11:53:11',0,1741,0),(1050,'2019-06-10',20.70,0,0,10,1,672,2178.57000,56,2,' ',0.00000,'2019-06-14 11:53:11',0,1740,0),(1051,'2019-06-10',16.90,0,0,10,2,84,64.30000,2,2,' ',0.00000,'2019-06-14 11:53:11',0,1743,0),(1052,'2019-06-10',21.10,0,0,10,2,44,35.00000,2,2,' ',0.00000,'2019-06-14 11:53:11',0,1742,0),(1053,'2019-06-11',21.00,0,1,2,1,120,385.00000,10,3,' ',0.00000,'2019-06-14 11:53:11',0,13407,0),(1054,'2019-05-01',20.00,0,1,2,2,1191,4018.78000,0,2,' ',0.00000,'2019-06-14 11:53:11',0,13408,0),(1055,'2019-05-01',32.30,0,1,2,2,480,1069.35000,0,2,' ',0.00000,'2019-06-14 11:53:11',0,13409,0),(1056,'2019-05-03',32.60,0,1,10,2,1010,3410.00000,0,2,' ',0.00000,'2019-06-14 11:53:11',0,13410,0),(1057,'2019-05-03',32.60,0,1,5,2,181,608.78000,0,2,' ',0.00000,'2019-06-14 11:53:11',0,13411,0),(1058,'2019-05-03',32.60,0,1,10,2,407,907.30000,0,2,' ',0.00000,'2019-06-14 11:53:11',0,13412,0),(1059,'2019-05-03',32.60,0,1,5,2,73,162.05000,0,2,' ',0.00000,'2019-06-14 11:53:11',0,13413,0),(1060,'2019-06-11',10.00,4,1,1,2,160,592.59000,38,1,'A',639.50000,'2019-06-14 11:53:11',0,13414,9),(1061,'2019-06-11',10.00,4,2,1,2,160,583.49000,39,1,'A',630.40000,'2019-06-14 11:53:11',0,13415,9),(1062,'2019-06-11',10.00,4,2,1,2,160,590.49000,40,1,'A',637.40000,'2019-06-14 11:53:11',0,13416,9),(1063,'2019-06-12',8.00,4,1,1,1,160,613.59000,41,1,'A',660.50000,'2019-06-14 11:53:11',0,13417,9),(1064,'2019-06-12',10.00,4,1,1,1,160,590.49000,42,1,'A',637.40000,'2019-06-14 11:53:11',0,13418,9),(1065,'2019-06-12',20.00,4,1,1,1,160,527.99000,43,1,'A',574.90000,'2019-06-14 11:53:11',0,13419,9),(1066,'2019-06-12',20.00,4,1,1,1,160,540.89000,44,1,'A',587.80000,'2019-06-14 11:53:11',0,13420,9),(1067,'2019-06-12',30.30,3,1,1,2,160,453.39000,45,1,'A',500.30000,'2019-06-14 11:53:11',0,13421,9),(1068,'2019-06-12',8.00,4,1,1,2,160,618.69000,46,1,'A',665.60000,'2019-06-14 11:53:11',0,13422,9),(1069,'2019-06-12',10.00,4,2,1,1,160,587.69000,47,1,'A',634.60000,'2019-06-14 11:53:11',0,13423,9),(1070,'2019-06-12',10.00,4,2,1,1,160,589.09000,48,1,'A',636.00000,'2019-06-14 11:53:11',0,13424,9),(1071,'2019-06-13',10.00,4,1,1,1,167,443.98000,49,1,'A',491.40000,'2019-06-14 11:53:11',0,13426,9),(1072,'2019-06-13',10.00,4,1,1,1,177,562.75000,50,1,'A',610.90000,'2019-06-14 11:53:11',0,13427,9),(1073,'2019-06-13',20.00,4,1,1,1,160,538.69000,51,1,'A',585.60000,'2019-06-14 11:53:11',0,13428,9);
/*!40000 ALTER TABLE `entradash` ENABLE KEYS */;
UNLOCK TABLES;

--
-- Table structure for table `maquilah`
--

DROP TABLE IF EXISTS `maquilah`;
/*!40101 SET @saved_cs_client     = @@character_set_client */;
/*!40101 SET character_set_client = utf8 */;
CREATE TABLE `maquilah` (
  `idmaquilah` int(11) NOT NULL AUTO_INCREMENT,
  `hilo` decimal(5,2) NOT NULL,
  `id_salida` int(11) NOT NULL,
  `origen` varchar(15) COLLATE utf8_spanish2_ci DEFAULT '',
  `fecha` date NOT NULL,
  `peso` decimal(15,4) NOT NULL,
  `hilonew` decimal(5,2) NOT NULL,
  `entrega` date DEFAULT NULL,
  `pendiente` decimal(15,4) NOT NULL,
  `kg_maq` decimal(15,4) NOT NULL DEFAULT '0.0000',
  `kg_devo` decimal(15,4) NOT NULL DEFAULT '0.0000',
  `estatu` tinyint(4) NOT NULL DEFAULT '1',
  PRIMARY KEY (`idmaquilah`),
  KEY `FK_maquilah_hilo_idx` (`hilo`),
  KEY `FK_maquilah_id_salida_idx` (`id_salida`),
  KEY `FK_maquilah_hilonew_idx` (`hilonew`),
  CONSTRAINT `FK_maquilah_hilo_idx` FOREIGN KEY (`hilo`) REFERENCES `articulo` (`hilo`) ON DELETE NO ACTION ON UPDATE NO ACTION,
  CONSTRAINT `FK_maquilah_hilonew` FOREIGN KEY (`hilonew`) REFERENCES `articulo` (`hilo`) ON DELETE NO ACTION ON UPDATE NO ACTION,
  CONSTRAINT `FK_maquilah_id_salida` FOREIGN KEY (`id_salida`) REFERENCES `salidash` (`idsalidash`) ON DELETE NO ACTION ON UPDATE NO ACTION
) ENGINE=InnoDB AUTO_INCREMENT=4 DEFAULT CHARSET=utf8 COLLATE=utf8_spanish2_ci;
/*!40101 SET character_set_client = @saved_cs_client */;

--
-- Dumping data for table `maquilah`
--

LOCK TABLES `maquilah` WRITE;
/*!40000 ALTER TABLE `maquilah` DISABLE KEYS */;
INSERT INTO `maquilah` VALUES (1,8.00,661,'','2019-05-28',31.2000,21.10,NULL,31.2000,0.0000,0.0000,1),(2,20.00,733,'','2019-05-02',4018.7800,32.60,'2019-05-03',0.0000,3410.0000,608.7800,1),(3,32.30,734,'','2019-05-02',1069.3500,32.60,'2019-05-03',0.0000,907.3000,162.0500,1);
/*!40000 ALTER TABLE `maquilah` ENABLE KEYS */;
UNLOCK TABLES;

--
-- Table structure for table `origen`
--

DROP TABLE IF EXISTS `origen`;
/*!40101 SET @saved_cs_client     = @@character_set_client */;
/*!40101 SET character_set_client = utf8 */;
CREATE TABLE `origen` (
  `idorigen` int(11) NOT NULL AUTO_INCREMENT,
  `descripcion` varchar(20) COLLATE utf8_spanish2_ci NOT NULL,
  PRIMARY KEY (`idorigen`)
) ENGINE=InnoDB AUTO_INCREMENT=11 DEFAULT CHARSET=utf8 COLLATE=utf8_spanish2_ci;
/*!40101 SET character_set_client = @saved_cs_client */;

--
-- Dumping data for table `origen`
--

LOCK TABLES `origen` WRITE;
/*!40000 ALTER TABLE `origen` DISABLE KEYS */;
INSERT INTO `origen` VALUES (1,'NORMAL'),(2,'URDIDO'),(3,'TEJIDO'),(4,'AJUSTE'),(5,'MAQUILA'),(6,'COMPRADO'),(7,'TORZAL'),(8,'VENTA'),(9,'PROVEEDOR'),(10,'NO MAQUILADO');
/*!40000 ALTER TABLE `origen` ENABLE KEYS */;
UNLOCK TABLES;

--
-- Table structure for table `presentacion`
--

DROP TABLE IF EXISTS `presentacion`;
/*!40101 SET @saved_cs_client     = @@character_set_client */;
/*!40101 SET character_set_client = utf8 */;
CREATE TABLE `presentacion` (
  `idpresentacion` int(11) NOT NULL AUTO_INCREMENT,
  `descripcion` varchar(20) COLLATE utf8_spanish2_ci NOT NULL,
  PRIMARY KEY (`idpresentacion`)
) ENGINE=InnoDB AUTO_INCREMENT=6 DEFAULT CHARSET=utf8 COLLATE=utf8_spanish2_ci;
/*!40101 SET character_set_client = @saved_cs_client */;

--
-- Dumping data for table `presentacion`
--

LOCK TABLES `presentacion` WRITE;
/*!40000 ALTER TABLE `presentacion` DISABLE KEYS */;
INSERT INTO `presentacion` VALUES (1,'TARIMA'),(2,'BOLSA'),(3,'CAJA'),(4,'PALET'),(5,'SUELTO');
/*!40000 ALTER TABLE `presentacion` ENABLE KEYS */;
UNLOCK TABLES;

--
-- Table structure for table `salida_vale`
--

DROP TABLE IF EXISTS `salida_vale`;
/*!40101 SET @saved_cs_client     = @@character_set_client */;
/*!40101 SET character_set_client = utf8 */;
CREATE TABLE `salida_vale` (
  `idsalida_vale` int(11) NOT NULL AUTO_INCREMENT,
  `hora` datetime NOT NULL DEFAULT CURRENT_TIMESTAMP,
  `idsalidash` int(11) NOT NULL,
  `idvale` int(11) NOT NULL,
  PRIMARY KEY (`idsalida_vale`),
  KEY `fk_idsalidash_sv_idx` (`idsalidash`),
  KEY `fk_idvale_sv_idx` (`idvale`),
  CONSTRAINT `fk_idsalidash_sv` FOREIGN KEY (`idsalidash`) REFERENCES `salidash` (`idsalidash`) ON DELETE NO ACTION ON UPDATE NO ACTION,
  CONSTRAINT `fk_idvale_sv` FOREIGN KEY (`idvale`) REFERENCES `vale_hilo` (`idvale_hilo`) ON DELETE NO ACTION ON UPDATE NO ACTION
) ENGINE=InnoDB DEFAULT CHARSET=utf8 COLLATE=utf8_spanish2_ci;
/*!40101 SET character_set_client = @saved_cs_client */;

--
-- Dumping data for table `salida_vale`
--

LOCK TABLES `salida_vale` WRITE;
/*!40000 ALTER TABLE `salida_vale` DISABLE KEYS */;
/*!40000 ALTER TABLE `salida_vale` ENABLE KEYS */;
UNLOCK TABLES;

--
-- Table structure for table `salidash`
--

DROP TABLE IF EXISTS `salidash`;
/*!40101 SET @saved_cs_client     = @@character_set_client */;
/*!40101 SET character_set_client = utf8 */;
CREATE TABLE `salidash` (
  `idsalidash` int(11) NOT NULL AUTO_INCREMENT,
  `fecha` date NOT NULL,
  `hilo` decimal(5,2) NOT NULL,
  `peso_neto` decimal(15,4) NOT NULL,
  `bobinas` decimal(7,0) NOT NULL,
  `estatus` tinyint(4) NOT NULL DEFAULT '1',
  `recibio_hil` tinyint(4) DEFAULT '0',
  `hora` datetime NOT NULL DEFAULT CURRENT_TIMESTAMP,
  `ID_SAL` int(11) NOT NULL DEFAULT '0',
  `grupodividido` decimal(10,0) DEFAULT '0',
  PRIMARY KEY (`idsalidash`),
  KEY `fk_salida_hilo_idx` (`hilo`),
  CONSTRAINT `fk_salida_hilo` FOREIGN KEY (`hilo`) REFERENCES `articulo` (`hilo`) ON DELETE NO ACTION ON UPDATE NO ACTION
) ENGINE=InnoDB AUTO_INCREMENT=744 DEFAULT CHARSET=utf8 COLLATE=utf8_spanish2_ci;
/*!40101 SET character_set_client = @saved_cs_client */;

--
-- Dumping data for table `salidash`
--

LOCK TABLES `salidash` WRITE;
/*!40000 ALTER TABLE `salidash` DISABLE KEYS */;
INSERT INTO `salidash` VALUES (1,'2019-01-03',10.00,2169.2200,720,1,0,'2019-06-14 11:53:13',1,1),(2,'2019-01-03',30.30,1047.3600,458,1,1,'2019-06-14 11:53:14',2,2),(3,'2019-01-02',20.00,186.7500,125,1,0,'2019-06-14 11:53:14',3,3),(4,'2019-01-02',8.00,642.5700,160,1,0,'2019-06-14 11:53:14',4,4),(5,'2019-01-02',12.00,592.5900,160,1,0,'2019-06-14 11:53:14',5,5),(6,'2019-01-02',10.00,570.6900,160,1,0,'2019-06-14 11:53:15',6,6),(7,'2019-01-02',19.10,132.9700,46,1,0,'2019-06-14 11:53:15',7,-666),(8,'2019-01-04',8.00,644.8900,160,1,0,'2019-06-14 11:53:15',8,7),(9,'2019-01-04',20.00,506.0900,160,1,0,'2019-06-14 11:53:15',9,8),(10,'2019-01-04',31.20,544.7900,198,1,0,'2019-06-14 11:53:16',10,-663),(11,'2019-01-04',30.30,377.6300,144,1,1,'2019-06-14 11:53:16',11,9),(12,'2019-01-04',24.00,269.9900,160,1,0,'2019-06-14 11:53:16',12,10),(13,'2019-01-04',12.00,570.7900,160,1,0,'2019-06-14 11:53:16',13,11),(14,'2019-01-04',20.00,1874.3500,695,1,1,'2019-06-14 11:53:17',14,12),(15,'2019-01-04',10.00,568.8900,160,1,0,'2019-06-14 11:53:17',15,13),(16,'2019-01-07',10.00,597.1900,160,1,0,'2019-06-14 11:53:17',16,14),(17,'2019-01-07',12.00,575.8900,160,1,0,'2019-06-14 11:53:17',17,15),(18,'2019-01-07',10.00,584.1900,160,1,0,'2019-06-14 11:53:17',18,16),(19,'2019-01-07',12.00,572.9900,160,1,0,'2019-06-14 11:53:17',19,17),(20,'2019-01-07',8.00,644.0900,160,1,0,'2019-06-14 11:53:17',20,18),(21,'2019-01-07',20.00,1546.1700,480,1,1,'2019-06-14 11:53:18',21,19),(22,'2019-01-07',15.60,366.0100,210,1,0,'2019-06-14 11:53:18',22,-499),(23,'2019-01-07',19.10,95.5000,32,1,0,'2019-06-14 11:53:18',23,-666),(24,'2019-01-07',32.50,57.3200,30,1,0,'2019-06-14 11:53:18',24,-660),(25,'2019-01-08',24.10,241.8500,143,1,0,'2019-06-14 11:53:18',25,20),(26,'2019-01-08',16.30,181.2100,36,1,0,'2019-06-14 11:53:18',26,-531),(27,'2019-01-08',20.00,2040.4600,640,1,1,'2019-06-14 11:53:18',27,21),(28,'2019-01-09',8.00,906.8600,247,1,1,'2019-06-14 11:53:19',28,22),(29,'2019-01-09',24.10,171.4500,162,1,0,'2019-06-14 11:53:19',29,23),(30,'2019-01-09',12.00,573.5900,160,1,0,'2019-06-14 11:53:19',30,24),(31,'2019-01-09',8.00,613.0800,192,1,1,'2019-06-14 11:53:19',31,25),(32,'2019-01-09',10.00,583.4900,160,1,0,'2019-06-14 11:53:19',32,26),(33,'2019-01-09',30.30,465.6900,160,1,0,'2019-06-14 11:53:20',33,27),(34,'2019-01-09',19.10,459.5200,160,1,0,'2019-06-14 11:53:20',34,-666),(35,'2019-01-10',20.00,1548.9300,480,1,1,'2019-06-14 11:53:20',35,28),(36,'2019-01-10',10.00,323.0200,119,1,0,'2019-06-14 11:53:20',36,29),(37,'2019-01-10',12.00,525.0100,157,1,0,'2019-06-14 11:53:20',37,30),(38,'2019-01-09',24.10,132.4900,80,1,1,'2019-06-14 11:53:20',38,31),(39,'2019-01-11',10.00,2271.3600,640,1,1,'2019-06-14 11:53:21',39,32),(40,'2019-01-11',20.00,1024.0800,320,1,1,'2019-06-14 11:53:21',40,33),(41,'2019-01-11',20.00,502.5900,160,1,1,'2019-06-14 11:53:21',41,34),(42,'2019-01-12',30.30,1589.6000,537,1,1,'2019-06-14 11:53:21',42,35),(43,'2019-01-14',30.30,477.7900,160,1,0,'2019-06-14 11:53:22',43,36),(44,'2019-01-14',20.00,510.8900,160,1,0,'2019-06-14 11:53:22',44,37),(45,'2019-01-14',10.00,580.1900,160,1,0,'2019-06-14 11:53:22',45,38),(46,'2019-01-14',12.00,569.1900,160,1,0,'2019-06-14 11:53:22',46,39),(47,'2019-01-14',10.00,561.4900,160,1,0,'2019-06-14 11:53:22',47,40),(48,'2019-01-14',20.00,512.6900,160,1,0,'2019-06-14 11:53:23',48,41),(49,'2019-01-12',12.00,564.0900,160,1,0,'2019-06-14 11:53:23',49,42),(50,'2019-01-12',8.00,584.5900,160,1,0,'2019-06-14 11:53:23',50,43),(51,'2019-01-12',12.00,570.7900,160,1,0,'2019-06-14 11:53:23',51,44),(52,'2019-01-12',20.00,1032.4800,320,1,1,'2019-06-14 11:53:23',52,45),(53,'2019-01-15',10.00,555.0900,160,1,0,'2019-06-14 11:53:23',53,46),(54,'2019-01-15',20.00,1038.9800,320,1,1,'2019-06-14 11:53:24',54,47),(55,'2019-01-15',16.30,173.0100,36,1,0,'2019-06-14 11:53:24',55,-531),(56,'2019-01-16',32.50,28.6500,15,1,0,'2019-06-14 11:53:24',56,-559),(57,'2019-01-16',20.00,732.2900,227,1,1,'2019-06-14 11:53:24',57,48),(58,'2019-01-16',31.90,1016.1100,536,1,1,'2019-06-14 11:53:24',58,-550),(59,'2019-01-16',12.00,155.1000,46,1,0,'2019-06-14 11:53:25',59,49),(60,'2019-01-16',20.90,100.0000,160,1,0,'2019-06-14 11:53:25',60,-549),(61,'2019-01-16',20.00,1408.7000,456,1,1,'2019-06-14 11:53:25',61,50),(62,'2019-01-16',10.00,574.4900,160,1,0,'2019-06-14 11:53:25',63,51),(63,'2019-01-16',32.50,984.5700,525,1,1,'2019-06-14 11:53:25',64,-558),(64,'2019-01-17',20.00,108.6200,69,1,0,'2019-06-14 11:53:26',65,52),(65,'2019-01-17',10.00,581.3900,160,1,0,'2019-06-14 11:53:26',66,53),(66,'2019-01-17',10.00,2393.7600,640,1,1,'2019-06-14 11:53:27',67,54),(67,'2019-01-17',31.20,444.1500,162,1,0,'2019-06-14 11:53:27',68,-662),(68,'2019-01-17',24.10,225.8400,129,1,0,'2019-06-14 11:53:27',69,55),(69,'2019-01-17',12.00,571.4900,160,1,0,'2019-06-14 11:53:27',70,56),(70,'2019-01-18',8.00,476.8400,147,1,0,'2019-06-14 11:53:27',71,57),(71,'2019-01-18',30.30,476.6900,160,1,1,'2019-06-14 11:53:28',72,58),(72,'2019-01-18',12.00,572.5900,160,1,0,'2019-06-14 11:53:28',73,59),(73,'2019-01-18',31.20,48.5900,18,1,0,'2019-06-14 11:53:28',74,-662),(74,'2019-01-18',30.20,57.0000,18,1,0,'2019-06-14 11:53:28',75,-542),(75,'2019-01-18',30.30,959.4800,320,1,1,'2019-06-14 11:53:28',76,60),(76,'2019-01-18',20.00,1039.7800,320,1,1,'2019-06-14 11:53:29',77,61),(77,'2019-01-21',20.00,1557.5700,480,1,1,'2019-06-14 11:53:29',79,62),(78,'2019-01-21',12.00,575.8900,160,1,0,'2019-06-14 11:53:29',80,63),(79,'2019-01-21',20.00,1199.8000,477,1,1,'2019-06-14 11:53:29',81,64),(80,'2019-01-21',8.00,576.1900,160,1,0,'2019-06-14 11:53:30',82,65),(81,'2019-01-21',10.00,544.1900,160,1,0,'2019-06-14 11:53:30',83,66),(82,'2019-01-21',24.00,228.6900,149,1,0,'2019-06-14 11:53:30',84,67),(83,'2019-01-21',12.00,575.0900,160,1,0,'2019-06-14 11:53:30',85,68),(84,'2019-01-21',12.00,573.2900,160,1,0,'2019-06-14 11:53:30',86,69),(85,'2019-01-22',10.00,418.8900,160,1,0,'2019-06-14 11:53:30',87,70),(86,'2019-01-22',10.00,577.5400,195,1,0,'2019-06-14 11:53:31',88,71),(87,'2019-01-23',32.50,596.0000,312,1,1,'2019-06-14 11:53:31',89,0),(88,'2019-01-23',32.50,355.6000,186,1,0,'2019-06-14 11:53:31',90,0),(89,'2019-01-23',31.20,532.9700,198,1,0,'2019-06-14 11:53:31',91,-662),(90,'2019-01-21',10.30,192.5000,113,1,0,'2019-06-14 11:53:31',92,72),(91,'2019-01-21',30.30,1384.8700,480,1,1,'2019-06-14 11:53:32',93,73),(92,'2019-01-23',16.30,60.2000,12,1,0,'2019-06-14 11:53:32',94,-531),(93,'2019-01-23',20.00,2111.3600,640,1,1,'2019-06-14 11:53:32',95,74),(94,'2019-01-23',24.00,242.0800,204,1,0,'2019-06-14 11:53:33',97,75),(95,'2019-01-23',30.30,119.4300,47,1,1,'2019-06-14 11:53:33',98,76),(96,'2019-01-21',12.00,563.1900,160,1,0,'2019-06-14 11:53:34',99,77),(97,'2019-01-21',10.00,576.5900,160,1,0,'2019-06-14 11:53:34',100,78),(98,'2019-01-21',8.00,520.1900,160,1,0,'2019-06-14 11:53:34',101,79),(99,'2019-01-21',20.00,177.2000,78,1,0,'2019-06-14 11:53:35',102,80),(100,'2019-01-24',16.30,58.2700,12,1,0,'2019-06-14 11:53:35',103,-531),(101,'2019-01-24',20.00,1568.2700,480,1,1,'2019-06-14 11:53:36',104,81),(102,'2019-01-21',10.00,566.4900,160,1,0,'2019-06-14 11:53:36',106,82),(103,'2019-01-21',8.00,574.3900,160,1,0,'2019-06-14 11:53:36',107,83),(104,'2019-01-25',16.30,122.3400,24,1,0,'2019-06-14 11:53:36',108,-531),(105,'2019-01-25',24.00,244.6900,160,1,0,'2019-06-14 11:53:37',109,84),(106,'2019-01-21',10.00,569.5900,160,1,0,'2019-06-14 11:53:37',110,85),(107,'2019-01-21',12.00,571.9900,160,1,0,'2019-06-14 11:53:37',111,86),(108,'2019-01-21',20.00,2120.7600,640,1,1,'2019-06-14 11:53:37',112,87),(109,'2019-01-28',21.00,450.6600,168,1,1,'2019-06-14 11:53:38',113,-546),(110,'2019-01-28',24.10,380.2500,228,1,1,'2019-06-14 11:53:38',114,88),(111,'2019-01-28',20.00,1056.1800,320,1,1,'2019-06-14 11:53:38',115,89),(112,'2019-01-28',24.00,107.9500,116,1,0,'2019-06-14 11:53:38',116,90),(113,'2019-01-28',8.00,411.2400,117,1,0,'2019-06-14 11:53:39',118,91),(114,'2019-01-28',10.00,1804.9700,480,1,1,'2019-06-14 11:53:39',119,92),(115,'2019-01-28',12.00,512.5900,160,1,0,'2019-06-14 11:53:39',120,93),(116,'2019-01-28',30.30,473.0900,160,1,0,'2019-06-14 11:53:39',121,94),(117,'2019-01-28',10.00,573.4900,160,1,0,'2019-06-14 11:53:40',122,95),(118,'2019-01-28',10.00,588.0900,160,1,0,'2019-06-14 11:53:40',123,96),(119,'2019-01-28',20.00,538.9900,160,1,0,'2019-06-14 11:53:40',124,97),(120,'2019-01-29',10.30,409.0000,240,1,0,'2019-06-14 11:53:40',125,98),(121,'2019-01-29',20.00,1592.7700,480,1,1,'2019-06-14 11:53:40',126,99),(122,'2019-01-28',10.00,608.2900,160,1,0,'2019-06-14 11:53:41',127,100),(123,'2019-01-29',24.10,16.5900,18,1,0,'2019-06-14 11:53:41',128,101),(124,'2019-01-30',13.80,20.5000,11,1,0,'2019-06-14 11:53:41',129,-535),(125,'2019-01-30',8.00,576.2900,160,1,0,'2019-06-14 11:53:41',130,102),(126,'2019-01-30',20.00,526.3900,160,1,1,'2019-06-14 11:53:41',131,103),(127,'2019-01-30',24.10,122.4600,103,1,0,'2019-06-14 11:53:41',132,104),(128,'2019-01-30',30.30,446.7900,160,1,0,'2019-06-14 11:53:41',133,105),(129,'2019-01-30',30.30,477.8900,160,1,0,'2019-06-14 11:53:42',134,106),(130,'2019-01-30',10.00,597.9900,160,1,0,'2019-06-14 11:53:42',135,107),(131,'2019-01-29',40.40,139.2000,54,1,0,'2019-06-14 11:53:42',136,-541),(132,'2019-01-29',19.10,171.8300,60,1,0,'2019-06-14 11:53:42',137,-665),(133,'2019-01-30',19.10,171.8300,60,1,0,'2019-06-14 11:53:42',138,-665),(134,'2019-01-30',12.00,567.4900,160,1,0,'2019-06-14 11:53:43',139,108),(135,'2019-01-30',20.00,2008.3800,489,1,1,'2019-06-14 11:53:43',140,109),(136,'2019-01-30',24.00,148.6100,101,1,0,'2019-06-14 11:53:43',141,110),(137,'2019-01-30',20.00,1599.8300,480,1,1,'2019-06-14 11:53:43',142,111),(138,'2019-01-31',40.40,756.6000,296,1,0,'2019-06-14 11:53:43',143,-541),(139,'2019-01-31',40.40,265.2000,104,1,1,'2019-06-14 11:53:43',144,-541),(140,'2019-01-31',24.00,252.9900,160,1,0,'2019-06-14 11:53:44',145,112),(141,'2019-01-31',20.00,306.8700,96,1,1,'2019-06-14 11:53:44',146,113),(142,'2019-02-02',20.00,1820.5700,648,1,1,'2019-06-14 11:53:44',147,114),(143,'2019-02-02',10.00,600.9900,160,1,0,'2019-06-14 11:53:44',148,115),(144,'2019-02-02',30.30,1430.2700,480,1,1,'2019-06-14 11:53:44',149,116),(145,'2019-02-02',20.00,1062.3700,374,1,1,'2019-06-14 11:53:44',150,117),(146,'2019-02-01',10.00,586.3900,160,1,0,'2019-06-14 11:53:44',151,118),(147,'2019-02-01',12.00,235.7600,72,1,0,'2019-06-14 11:53:45',152,119),(148,'2019-02-01',16.30,181.4400,36,1,0,'2019-06-14 11:53:45',153,-531),(149,'2019-02-01',12.00,565.7900,160,1,0,'2019-06-14 11:53:45',154,120),(150,'2019-02-01',12.00,444.5900,160,1,0,'2019-06-14 11:53:45',155,121),(151,'2019-02-02',8.00,570.0900,160,1,0,'2019-06-14 11:53:45',156,122),(152,'2019-02-05',10.00,614.0900,160,1,0,'2019-06-14 11:53:45',157,123),(153,'2019-02-05',12.00,566.8900,160,1,0,'2019-06-14 11:53:46',158,124),(154,'2019-02-05',8.00,574.0900,160,1,0,'2019-06-14 11:53:46',159,125),(155,'2019-02-05',30.30,474.0900,160,1,0,'2019-06-14 11:53:46',160,126),(156,'2019-02-05',10.00,608.1900,160,1,0,'2019-06-14 11:53:46',161,127),(157,'2019-02-06',20.00,2012.7600,640,1,1,'2019-06-14 11:53:46',162,128),(158,'2019-02-06',20.00,517.3900,160,1,1,'2019-06-14 11:53:46',163,129),(159,'2019-02-06',12.00,566.6900,160,1,0,'2019-06-14 11:53:46',164,130),(160,'2019-02-06',8.00,573.7900,160,1,0,'2019-06-14 11:53:47',165,131),(161,'2019-02-06',24.00,237.4900,160,1,0,'2019-06-14 11:53:47',166,132),(162,'2019-01-31',20.00,1066.2800,320,1,0,'2019-06-14 11:53:47',167,133),(163,'2019-01-31',10.00,603.7900,160,1,0,'2019-06-14 11:53:47',168,134),(164,'2019-02-07',10.00,318.0700,107,1,0,'2019-06-14 11:53:47',169,135),(165,'2019-02-07',13.80,78.1500,46,1,0,'2019-06-14 11:53:47',170,-535),(166,'2019-02-07',21.00,1679.6000,500,1,1,'2019-06-14 11:53:48',171,-546),(167,'2019-02-07',8.00,613.9900,160,1,0,'2019-06-14 11:53:48',172,136),(168,'2019-02-07',12.00,570.0900,160,1,0,'2019-06-14 11:53:48',173,137),(169,'2019-02-07',24.00,237.9900,160,1,0,'2019-06-14 11:53:48',174,138),(170,'2019-02-08',10.00,2290.5600,640,1,1,'2019-06-14 11:53:48',175,139),(171,'2019-02-08',8.00,614.1900,160,1,0,'2019-06-14 11:53:49',176,140),(172,'2019-02-08',30.30,478.1900,160,1,0,'2019-06-14 11:53:49',177,141),(173,'2019-02-08',20.00,1584.6500,483,1,1,'2019-06-14 11:53:49',178,142),(174,'2019-02-08',12.00,569.2900,160,1,0,'2019-06-14 11:53:49',179,143),(175,'2019-02-08',10.00,583.2900,160,1,0,'2019-06-14 11:53:50',180,144),(176,'2019-02-11',10.00,595.8900,160,1,0,'2019-06-14 11:53:50',181,145),(177,'2019-02-11',24.00,215.2900,160,1,0,'2019-06-14 11:53:50',182,146),(178,'2019-02-11',10.00,597.0900,160,1,0,'2019-06-14 11:53:50',183,147),(179,'2019-02-11',12.00,568.8900,160,1,0,'2019-06-14 11:53:50',184,148),(180,'2019-02-11',24.00,178.6900,160,1,0,'2019-06-14 11:53:50',185,149),(181,'2019-02-11',30.30,1919.3600,640,1,1,'2019-06-14 11:53:51',186,150),(182,'2019-02-11',16.30,119.6100,24,1,0,'2019-06-14 11:53:51',187,-530),(183,'2019-02-11',20.00,2072.7600,640,1,1,'2019-06-14 11:53:51',188,151),(184,'2019-02-11',8.00,602.8900,160,1,0,'2019-06-14 11:53:51',189,152),(185,'2019-02-11',19.10,140.1900,48,1,0,'2019-06-14 11:53:51',190,-665),(186,'2019-02-11',12.10,144.0000,32,1,0,'2019-06-14 11:53:52',191,153),(187,'2019-02-12',40.40,43.6200,41,1,0,'2019-06-14 11:53:52',192,-541),(188,'2019-02-11',24.10,265.4900,160,1,0,'2019-06-14 11:53:52',193,154),(189,'2019-02-11',30.30,480.5900,160,1,0,'2019-06-14 11:53:52',194,155),(190,'2019-02-11',12.00,567.3900,160,1,0,'2019-06-14 11:53:52',195,156),(191,'2019-02-11',20.00,1593.8700,480,1,1,'2019-06-14 11:53:53',196,157),(192,'2019-02-11',20.00,1554.9700,480,1,1,'2019-06-14 11:53:53',197,158),(193,'2019-02-12',32.50,506.3600,270,1,1,'2019-06-14 11:53:53',198,0),(194,'2019-02-12',18.40,1427.9200,480,1,1,'2019-06-14 11:53:53',199,-543),(195,'2019-02-12',24.00,89.3000,151,1,0,'2019-06-14 11:53:53',200,159),(196,'2019-02-13',12.00,565.3900,160,1,0,'2019-06-14 11:53:54',201,160),(197,'2019-02-13',10.00,591.4900,160,1,0,'2019-06-14 11:53:54',202,161),(198,'2019-02-13',20.00,533.4900,160,1,1,'2019-06-14 11:53:54',203,162),(199,'2019-02-13',10.00,615.2900,160,1,0,'2019-06-14 11:53:54',204,163),(200,'2019-02-13',8.00,605.7900,160,1,0,'2019-06-14 11:53:54',205,164),(201,'2019-02-13',16.30,92.5200,18,1,0,'2019-06-14 11:53:54',206,-530),(202,'2019-02-12',13.80,324.9900,180,1,0,'2019-06-14 11:53:54',207,-535),(203,'2019-02-15',12.10,428.4000,122,1,0,'2019-06-14 11:53:55',208,165),(204,'2019-02-15',40.40,92.5800,87,1,0,'2019-06-14 11:53:55',209,-541),(205,'2019-02-15',12.00,575.7400,158,1,0,'2019-06-14 11:53:55',210,166),(206,'2019-02-14',20.00,1555.0700,480,1,1,'2019-06-14 11:53:55',211,167),(207,'2019-02-14',24.10,867.2000,527,1,1,'2019-06-14 11:53:55',212,168),(208,'2019-02-14',4.00,563.3900,160,1,0,'2019-06-14 11:53:55',213,169),(209,'2019-02-14',8.00,610.5900,160,1,0,'2019-06-14 11:53:56',214,170),(210,'2019-02-14',20.00,500.0900,160,1,0,'2019-06-14 11:53:56',215,171),(211,'2019-02-16',20.00,1610.3700,480,1,1,'2019-06-14 11:53:56',216,172),(212,'2019-02-16',30.20,57.0000,18,1,0,'2019-06-14 11:53:56',217,-542),(213,'2019-02-16',10.00,587.7900,160,1,0,'2019-06-14 11:53:56',218,173),(214,'2019-02-16',8.00,502.8900,160,1,0,'2019-06-14 11:53:56',219,174),(215,'2019-02-18',20.00,1564.1700,480,1,1,'2019-06-14 11:53:56',220,175),(216,'2019-02-18',24.10,183.5500,121,1,1,'2019-06-14 11:53:57',222,176),(217,'2019-02-18',30.30,1446.1700,480,1,1,'2019-06-14 11:53:57',223,177),(218,'2019-02-18',10.00,1191.2800,320,1,0,'2019-06-14 11:53:57',224,178),(219,'2019-02-18',12.00,580.9900,160,1,0,'2019-06-14 11:53:57',225,179),(220,'2019-02-18',10.00,241.6200,64,1,0,'2019-06-14 11:53:58',226,180),(221,'2019-02-18',20.00,2369.4500,769,1,1,'2019-06-14 11:53:58',227,181),(222,'2019-02-18',16.30,211.8900,42,1,0,'2019-06-14 11:53:58',228,-530),(223,'2019-02-18',16.30,211.8900,42,1,0,'2019-06-14 11:53:58',229,-530),(224,'2019-02-18',4.00,513.1900,160,1,0,'2019-06-14 11:53:58',230,182),(225,'2019-02-18',12.00,197.2600,94,1,0,'2019-06-14 11:53:59',231,183),(226,'2019-02-18',10.00,602.5900,160,1,0,'2019-06-14 11:53:59',232,184),(227,'2019-02-18',30.30,304.3000,201,1,1,'2019-06-14 11:53:59',233,185),(228,'2019-02-19',19.10,245.2600,84,1,0,'2019-06-14 11:53:59',234,-665),(229,'2019-02-19',10.00,621.2900,160,1,0,'2019-06-14 11:53:59',235,186),(230,'2019-02-18',12.10,132.1100,50,1,0,'2019-06-14 11:54:00',236,187),(231,'2019-02-20',10.00,598.3900,160,1,0,'2019-06-14 11:54:00',237,188),(232,'2019-02-20',4.00,334.0600,94,1,0,'2019-06-14 11:54:00',238,189),(233,'2019-02-20',30.30,474.1500,160,1,0,'2019-06-14 11:54:00',239,190),(234,'2019-02-20',10.00,273.2900,73,1,0,'2019-06-14 11:54:00',240,191),(235,'2019-02-20',12.00,576.3900,160,1,0,'2019-06-14 11:54:00',241,192),(236,'2019-02-20',12.00,520.7900,160,1,0,'2019-06-14 11:54:00',243,193),(237,'2019-02-20',8.00,615.6900,160,1,0,'2019-06-14 11:54:01',244,194),(238,'2019-02-20',16.30,123.3400,24,1,0,'2019-06-14 11:54:01',245,-530),(239,'2019-02-18',21.80,221.4000,365,1,0,'2019-06-14 11:54:01',246,-540),(240,'2019-02-20',21.00,337.0000,414,1,0,'2019-06-14 11:54:01',247,-546),(241,'2019-02-21',21.00,1321.0800,504,1,1,'2019-06-14 11:54:01',248,-546),(242,'2019-02-21',20.00,1589.4700,480,1,1,'2019-06-14 11:54:01',249,195),(243,'2019-02-21',20.00,516.6900,160,1,1,'2019-06-14 11:54:01',250,196),(244,'2019-02-21',32.20,1024.8700,348,1,1,'2019-06-14 11:54:02',251,-539),(245,'2019-02-22',12.00,580.5900,160,1,0,'2019-06-14 11:54:02',252,197),(246,'2019-02-22',4.00,569.0900,160,1,0,'2019-06-14 11:54:02',253,198),(247,'2019-02-22',20.00,1420.5300,440,1,1,'2019-06-14 11:54:02',254,199),(248,'2019-02-22',10.00,601.3900,160,1,0,'2019-06-14 11:54:03',255,200),(249,'2019-02-22',8.00,519.7900,160,1,0,'2019-06-14 11:54:03',256,201),(250,'2019-02-25',10.00,589.2500,160,1,0,'2019-06-14 11:54:03',257,202),(251,'2019-02-25',20.00,1243.1900,485,1,1,'2019-06-14 11:54:03',258,203),(252,'2019-02-25',30.30,476.8900,160,1,0,'2019-06-14 11:54:03',259,204),(253,'2019-02-25',24.00,232.0300,160,1,0,'2019-06-14 11:54:04',260,205),(254,'2019-02-25',10.00,1700.1100,536,1,1,'2019-06-14 11:54:04',261,206),(255,'2019-02-22',10.00,2375.2600,640,1,1,'2019-06-14 11:54:04',262,207),(256,'2019-02-25',8.00,615.4900,160,1,0,'2019-06-14 11:54:04',263,208),(257,'2019-02-25',12.00,569.9900,160,1,0,'2019-06-14 11:54:04',264,209),(258,'2019-02-22',13.80,199.0100,117,1,0,'2019-06-14 11:54:04',265,-535),(259,'2019-02-25',21.80,1415.2000,522,1,1,'2019-06-14 11:54:05',266,-540),(260,'2019-02-27',24.00,255.9400,178,1,0,'2019-06-14 11:54:05',267,210),(261,'2019-02-27',20.00,2005.6400,640,1,0,'2019-06-14 11:54:05',268,211),(262,'2019-02-27',16.30,300.0000,60,1,0,'2019-06-14 11:54:06',269,-530),(263,'2019-02-27',12.00,519.6900,160,1,0,'2019-06-14 11:54:06',270,212),(264,'2019-02-27',30.30,1908.2800,640,1,1,'2019-06-14 11:54:06',271,213),(265,'2019-02-27',8.00,607.4900,160,1,0,'2019-06-14 11:54:06',272,214),(266,'2019-02-28',21.80,435.0000,443,1,0,'2019-06-14 11:54:06',273,-540),(267,'2019-02-28',24.10,171.6700,95,1,0,'2019-06-14 11:54:06',274,215),(268,'2019-02-28',20.30,54.7900,30,1,0,'2019-06-14 11:54:07',275,-538),(269,'2019-02-28',4.00,522.3900,160,1,0,'2019-06-14 11:54:07',276,216),(270,'2019-02-28',20.00,2067.2600,640,1,1,'2019-06-14 11:54:07',277,217),(271,'2019-02-28',8.00,613.5900,160,1,0,'2019-06-14 11:54:07',278,218),(272,'2019-02-28',12.00,588.0900,160,1,0,'2019-06-14 11:54:08',279,219),(273,'2019-02-28',18.40,1224.0000,432,1,1,'2019-06-14 11:54:08',280,-543),(274,'2019-02-28',24.00,229.2700,160,1,0,'2019-06-14 11:54:08',281,220),(275,'2019-03-02',30.30,482.4900,160,1,0,'2019-06-14 11:54:08',282,221),(276,'2019-03-02',4.00,528.9900,160,1,0,'2019-06-14 11:54:08',283,222),(277,'2019-03-02',20.00,2247.3200,745,1,1,'2019-06-14 11:54:09',284,223),(278,'2019-03-02',12.00,583.7900,160,1,0,'2019-06-14 11:54:09',285,224),(279,'2019-03-02',12.00,582.2100,160,1,0,'2019-06-14 11:54:09',286,225),(280,'2019-03-04',16.30,102.7800,21,1,0,'2019-06-14 11:54:09',287,-529),(281,'2019-03-04',16.30,102.7800,21,1,0,'2019-06-14 11:54:09',288,-529),(282,'2019-03-04',24.00,231.8900,160,1,0,'2019-06-14 11:54:10',289,226),(283,'2019-03-04',10.00,601.2900,160,1,0,'2019-06-14 11:54:10',290,227),(284,'2019-03-04',4.00,521.8900,160,1,0,'2019-06-14 11:54:10',291,228),(285,'2019-03-04',20.00,1611.5700,480,1,1,'2019-06-14 11:54:10',292,229),(286,'2019-03-04',8.00,606.4900,160,1,0,'2019-06-14 11:54:10',293,230),(287,'2019-03-04',12.00,1550.1000,470,1,0,'2019-06-14 11:54:11',294,231),(288,'2019-03-05',20.00,1923.6800,640,1,1,'2019-06-14 11:54:11',298,232),(289,'2019-03-05',30.30,477.7300,160,1,0,'2019-06-14 11:54:11',299,233),(290,'2019-03-06',32.30,541.8400,268,1,1,'2019-06-14 11:54:12',300,234),(291,'2019-03-06',16.30,366.0000,72,1,0,'2019-06-14 11:54:12',301,-529),(292,'2019-03-06',4.00,446.1600,159,1,0,'2019-06-14 11:54:12',302,235),(293,'2019-03-06',20.00,386.6500,196,1,0,'2019-06-14 11:54:12',303,236),(294,'2019-03-06',8.00,1215.8800,320,1,0,'2019-06-14 11:54:12',304,237),(295,'2019-03-06',30.30,1478.3300,480,1,1,'2019-06-14 11:54:13',305,238),(296,'2019-03-01',32.20,1024.8700,348,1,0,'2019-06-14 11:54:13',306,-539),(297,'2019-03-07',10.00,1782.3700,480,1,1,'2019-06-14 11:54:13',307,239),(298,'2019-03-07',12.00,584.8900,160,1,0,'2019-06-14 11:54:13',308,240),(299,'2019-03-07',8.00,992.1500,300,1,1,'2019-06-14 11:54:14',309,241),(300,'2019-03-07',20.90,656.0800,349,1,1,'2019-06-14 11:54:14',310,-549),(301,'2019-03-07',13.80,304.8100,179,1,1,'2019-06-14 11:54:14',311,-535),(302,'2019-03-08',24.10,241.4900,160,1,0,'2019-06-14 11:54:14',312,242),(303,'2019-03-08',13.80,59.4000,36,1,0,'2019-06-14 11:54:14',313,-535),(304,'2019-03-08',15.60,254.0000,150,1,0,'2019-06-14 11:54:14',314,-498),(305,'2019-03-08',32.30,205.9500,100,1,1,'2019-06-14 11:54:15',315,243),(306,'2019-03-08',20.00,1464.4000,481,1,1,'2019-06-14 11:54:15',316,244),(307,'2019-03-08',30.30,439.5000,179,1,0,'2019-06-14 11:54:15',317,245),(308,'2019-03-08',20.00,2134.4600,640,1,1,'2019-06-14 11:54:15',318,246),(309,'2019-03-08',12.00,584.3900,160,1,0,'2019-06-14 11:54:15',319,247),(310,'2019-03-08',24.00,191.6400,175,1,0,'2019-06-14 11:54:16',320,248),(311,'2019-03-12',8.00,1855.9700,480,1,1,'2019-06-14 11:54:16',321,249),(312,'2019-03-12',4.00,1603.6200,493,1,0,'2019-06-14 11:54:16',322,250),(313,'2019-03-12',30.30,423.4600,170,1,1,'2019-06-14 11:54:16',323,251),(314,'2019-03-12',20.00,1859.2600,563,1,1,'2019-06-14 11:54:17',324,252),(315,'2019-03-12',10.00,1186.4200,320,1,0,'2019-06-14 11:54:17',325,253),(316,'2019-03-12',12.00,1165.1800,320,1,1,'2019-06-14 11:54:17',326,254),(317,'2019-03-12',24.10,675.4000,373,1,1,'2019-06-14 11:54:18',327,255),(318,'2019-03-12',24.00,231.3900,160,1,0,'2019-06-14 11:54:18',328,256),(319,'2019-03-12',16.30,242.8000,48,1,0,'2019-06-14 11:54:18',329,-529),(320,'2019-03-12',12.00,571.1900,160,1,0,'2019-06-14 11:54:18',330,257),(321,'2019-03-12',10.00,58.2800,49,1,0,'2019-06-14 11:54:18',331,258),(322,'2019-03-13',10.00,2314.2900,630,1,1,'2019-06-14 11:54:18',332,259),(323,'2019-03-13',21.00,1284.6200,504,1,1,'2019-06-14 11:54:19',333,-546),(324,'2019-03-13',20.00,526.3900,160,1,0,'2019-06-14 11:54:19',334,260),(325,'2019-03-13',20.00,1570.6700,480,1,1,'2019-06-14 11:54:19',335,261),(326,'2019-03-14',16.30,121.4000,24,1,0,'2019-06-14 11:54:19',336,-529),(327,'2019-03-14',16.30,121.4000,24,1,0,'2019-06-14 11:54:19',337,-529),(328,'2019-03-14',24.00,233.6300,160,1,0,'2019-06-14 11:54:20',338,262),(329,'2019-03-14',10.00,602.4900,160,1,0,'2019-06-14 11:54:20',339,263),(330,'2019-03-14',20.00,535.8900,160,1,0,'2019-06-14 11:54:20',340,264),(331,'2019-03-14',20.00,1581.9700,480,1,1,'2019-06-14 11:54:20',341,265),(332,'2019-03-15',16.30,149.9000,30,1,0,'2019-06-14 11:54:20',342,-528),(333,'2019-03-15',21.80,624.2900,252,1,0,'2019-06-14 11:54:21',343,-540),(334,'2019-03-15',19.10,171.9300,60,1,0,'2019-06-14 11:54:21',344,-664),(335,'2019-03-15',30.30,1478.2700,480,1,1,'2019-06-14 11:54:21',345,266),(336,'2019-03-15',30.30,483.6900,160,1,0,'2019-06-14 11:54:21',346,267),(337,'2019-03-15',20.00,213.5900,131,1,0,'2019-06-14 11:54:21',347,268),(338,'2019-03-15',8.00,617.7900,160,1,1,'2019-06-14 11:54:21',348,269),(339,'2019-03-15',7.10,310.0000,133,1,0,'2019-06-14 11:54:22',349,-534),(340,'2019-03-16',20.70,1520.1200,528,1,1,'2019-06-14 11:54:22',350,-545),(341,'2019-03-16',15.60,135.9600,90,1,0,'2019-06-14 11:54:23',351,-498),(342,'2019-03-16',12.00,888.4800,275,1,0,'2019-06-14 11:54:23',352,270),(343,'2019-03-16',20.00,1671.6700,480,1,1,'2019-06-14 11:54:24',353,271),(344,'2019-03-16',20.00,1948.3600,594,1,1,'2019-06-14 11:54:24',354,272),(345,'2019-03-16',30.30,247.2400,76,1,1,'2019-06-14 11:54:25',355,273),(346,'2019-03-19',4.00,583.6900,181,1,0,'2019-06-14 11:54:25',356,274),(347,'2019-03-19',30.30,753.0100,245,1,0,'2019-06-14 11:54:26',357,275),(348,'2019-03-19',10.00,593.4900,160,1,0,'2019-06-14 11:54:26',358,276),(349,'2019-03-19',20.00,2107.5600,640,1,1,'2019-06-14 11:54:27',359,277),(350,'2019-03-19',12.00,576.6900,160,1,0,'2019-06-14 11:54:27',360,278),(351,'2019-03-20',20.00,1557.1700,480,1,1,'2019-06-14 11:54:27',361,279),(352,'2019-03-20',4.00,542.6900,160,1,0,'2019-06-14 11:54:28',362,280),(353,'2019-03-20',12.00,581.4900,160,1,0,'2019-06-14 11:54:28',363,281),(354,'2019-03-21',16.30,183.0000,36,1,0,'2019-06-14 11:54:28',364,-528),(355,'2019-03-21',16.30,183.0000,36,1,0,'2019-06-14 11:54:28',365,-528),(356,'2019-03-21',32.30,850.8100,387,1,1,'2019-06-14 11:54:28',366,282),(357,'2019-03-21',12.00,579.8900,160,1,0,'2019-06-14 11:54:29',368,283),(358,'2019-03-25',16.30,240.0000,48,1,0,'2019-06-14 11:54:29',369,-528),(359,'2019-03-25',4.00,512.1200,176,1,0,'2019-06-14 11:54:29',370,284),(360,'2019-03-25',30.30,759.4800,320,1,0,'2019-06-14 11:54:29',371,285),(361,'2019-03-25',8.00,605.9900,160,1,0,'2019-06-14 11:54:29',372,286),(362,'2019-03-25',20.00,1607.9100,480,1,1,'2019-06-14 11:54:29',373,287),(363,'2019-03-25',10.00,1484.5000,450,1,1,'2019-06-14 11:54:30',374,288),(364,'2019-03-23',16.40,588.0000,360,1,0,'2019-06-14 11:54:30',375,-533),(365,'2019-03-23',21.80,980.8900,396,1,0,'2019-06-14 11:54:30',376,-540),(366,'2019-03-23',23.20,86.0000,72,1,1,'2019-06-14 11:54:30',377,-537),(367,'2019-03-23',23.20,588.6000,216,1,1,'2019-06-14 11:54:30',378,-537),(368,'2019-03-23',30.30,391.4900,160,1,0,'2019-06-14 11:54:30',379,289),(369,'2019-03-23',8.00,658.3600,237,1,0,'2019-06-14 11:54:31',380,290),(370,'2019-03-23',10.00,612.2100,209,1,0,'2019-06-14 11:54:31',381,291),(371,'2019-03-23',24.00,230.4900,160,1,0,'2019-06-14 11:54:31',382,292),(372,'2019-03-23',10.00,1666.4300,486,1,1,'2019-06-14 11:54:31',383,293),(373,'2019-03-23',24.10,311.4300,165,1,0,'2019-06-14 11:54:32',384,294),(374,'2019-03-23',4.00,531.5900,160,1,0,'2019-06-14 11:54:32',385,295),(375,'2019-03-23',12.00,453.3900,139,1,0,'2019-06-14 11:54:32',386,296),(376,'2019-03-23',20.00,1595.5700,480,1,1,'2019-06-14 11:54:32',387,297),(377,'2019-03-25',30.30,115.7400,71,1,0,'2019-06-14 11:54:32',388,298),(378,'2019-03-25',20.00,433.8000,123,1,0,'2019-06-14 11:54:32',389,299),(379,'2019-03-26',12.00,581.2900,160,1,0,'2019-06-14 11:54:33',390,300),(380,'2019-03-26',8.00,621.3900,160,1,0,'2019-06-14 11:54:33',391,301),(381,'2019-03-26',19.10,216.0000,48,1,0,'2019-06-14 11:54:33',392,-664),(382,'2019-03-26',21.00,1292.9800,504,1,1,'2019-06-14 11:54:33',393,-546),(383,'2019-03-26',16.30,33.9900,12,1,0,'2019-06-14 11:54:33',394,-528),(384,'2019-03-26',32.50,81.2000,0,1,0,'2019-06-14 11:54:33',395,0),(385,'2019-03-26',20.00,1934.4600,678,1,1,'2019-06-14 11:54:34',396,302),(386,'2019-03-26',24.00,185.7500,105,1,0,'2019-06-14 11:54:34',397,303),(387,'2019-03-27',4.00,525.7900,160,1,0,'2019-06-14 11:54:34',398,304),(388,'2019-03-27',12.00,581.0900,160,1,0,'2019-06-14 11:54:34',399,305),(389,'2019-03-27',32.30,356.1100,160,1,0,'2019-06-14 11:54:34',400,306),(390,'2019-03-27',8.00,622.6900,160,1,0,'2019-06-14 11:54:35',401,307),(391,'2019-03-27',20.00,2160.6600,640,1,1,'2019-06-14 11:54:35',402,308),(392,'2019-03-27',15.60,228.3600,132,1,0,'2019-06-14 11:54:35',403,-498),(393,'2019-03-28',4.00,516.6900,160,1,0,'2019-06-14 11:54:35',404,309),(394,'2019-03-28',8.00,630.1900,160,1,0,'2019-06-14 11:54:35',405,310),(395,'2019-03-28',10.00,2553.1800,715,1,1,'2019-06-14 11:54:35',406,311),(396,'2019-03-28',12.00,1148.5600,411,1,0,'2019-06-14 11:54:36',408,312),(397,'2019-03-28',16.30,280.2500,48,1,0,'2019-06-14 11:54:36',410,-528),(398,'2019-03-29',24.00,277.0900,160,1,0,'2019-06-14 11:54:36',411,313),(399,'2019-03-29',20.00,1613.8700,480,1,1,'2019-06-14 11:54:36',412,314),(400,'2019-03-29',10.00,512.9300,206,1,0,'2019-06-14 11:54:37',415,315),(401,'2019-03-29',5.00,226.0000,104,1,0,'2019-06-14 11:54:37',416,316),(402,'2019-03-30',20.00,1016.9800,320,1,1,'2019-06-14 11:54:37',417,317),(403,'2019-03-30',8.00,537.2900,160,1,0,'2019-06-14 11:54:37',418,318),(404,'2019-03-30',32.30,371.9900,160,1,1,'2019-06-14 11:54:37',419,319),(405,'2019-03-30',24.10,570.4800,320,1,1,'2019-06-14 11:54:38',420,320),(406,'2019-03-30',30.30,1932.6900,641,1,1,'2019-06-14 11:54:38',421,321),(407,'2019-03-30',20.90,578.5300,300,1,1,'2019-06-14 11:54:38',422,-549),(408,'2019-03-29',21.10,78.8000,144,1,0,'2019-06-14 11:54:38',423,-548),(409,'2019-03-30',32.30,293.9100,153,1,1,'2019-06-14 11:54:39',424,322),(410,'2019-04-02',21.80,1025.4700,414,1,0,'2019-06-14 11:54:39',425,-540),(411,'2019-04-01',20.00,515.2900,160,1,1,'2019-06-14 11:54:39',426,323),(412,'2019-04-01',30.30,727.8700,291,1,0,'2019-06-14 11:54:39',427,324),(413,'2019-04-01',12.00,563.5900,160,1,0,'2019-06-14 11:54:40',429,325),(414,'2019-04-01',10.00,608.1900,160,1,0,'2019-06-14 11:54:40',430,326),(415,'2019-04-01',4.00,530.7900,160,1,0,'2019-06-14 11:54:40',431,327),(416,'2019-04-02',19.10,127.8700,72,1,0,'2019-06-14 11:54:40',432,-664),(417,'2019-04-02',8.00,1525.1000,434,1,1,'2019-06-14 11:54:41',433,328),(418,'2019-04-03',12.00,577.7900,160,1,0,'2019-06-14 11:54:41',435,329),(419,'2019-04-03',20.00,852.6100,321,1,1,'2019-06-14 11:54:41',436,330),(420,'2019-04-03',10.00,598.8900,160,1,0,'2019-06-14 11:54:41',437,331),(421,'2019-04-03',24.00,269.2900,160,1,0,'2019-06-14 11:54:41',438,332),(422,'2019-03-31',24.10,56.4400,40,1,1,'2019-06-14 11:54:42',439,333),(423,'2019-04-03',20.00,1551.8700,480,1,1,'2019-06-14 11:54:42',440,334),(424,'2019-04-04',10.00,2409.3600,640,1,1,'2019-06-14 11:54:42',441,335),(425,'2019-04-04',12.00,576.5900,160,1,1,'2019-06-14 11:54:42',442,336),(426,'2019-04-04',4.00,534.3900,160,1,0,'2019-06-14 11:54:42',443,337),(427,'2019-04-04',20.00,252.5800,147,1,0,'2019-06-14 11:54:42',444,338),(428,'2019-04-05',8.00,411.4100,136,1,0,'2019-06-14 11:54:43',445,339),(429,'2019-04-05',12.00,577.3900,160,1,0,'2019-06-14 11:54:43',446,340),(430,'2019-04-05',30.30,448.2900,160,1,0,'2019-06-14 11:54:43',447,341),(431,'2019-04-05',4.00,500.5300,169,1,0,'2019-06-14 11:54:43',448,342),(432,'2019-04-05',20.00,1701.3200,539,1,1,'2019-06-14 11:54:43',449,343),(433,'2019-04-05',21.10,88.2000,147,1,0,'2019-06-14 11:54:44',450,-547),(434,'2019-04-05',21.10,87.8000,118,1,0,'2019-06-14 11:54:44',451,-547),(435,'2019-04-05',24.10,266.2900,160,1,0,'2019-06-14 11:54:44',452,344),(436,'2019-04-05',8.00,632.4900,160,1,0,'2019-06-14 11:54:44',453,345),(437,'2019-04-05',10.00,604.5900,160,1,0,'2019-06-14 11:54:45',454,346),(438,'2019-04-06',30.30,1330.7700,480,1,1,'2019-06-14 11:54:45',455,347),(439,'2019-04-06',8.00,533.4900,160,1,0,'2019-06-14 11:54:45',456,348),(440,'2019-04-06',24.00,174.6500,194,1,0,'2019-06-14 11:54:46',457,349),(441,'2019-04-06',10.00,1736.6700,480,1,1,'2019-06-14 11:54:46',458,350),(442,'2019-04-06',20.00,1620.5700,480,1,1,'2019-06-14 11:54:47',460,351),(443,'2019-04-06',16.30,182.9100,36,1,0,'2019-06-14 11:54:47',462,-527),(444,'2019-04-06',16.30,245.2200,48,1,0,'2019-06-14 11:54:48',463,-527),(445,'2019-04-06',20.00,592.8200,269,1,1,'2019-06-14 11:54:48',464,352),(446,'2019-04-06',32.30,331.0900,160,1,0,'2019-06-14 11:54:48',465,353),(447,'2019-04-06',4.00,511.4900,160,1,0,'2019-06-14 11:54:48',466,354),(448,'2019-04-08',8.00,552.6900,160,1,0,'2019-06-14 11:54:49',467,355),(449,'2019-04-08',12.00,578.6900,160,1,0,'2019-06-14 11:54:49',468,356),(450,'2019-04-08',30.30,387.0400,148,1,0,'2019-06-14 11:54:49',469,357),(451,'2019-04-08',21.10,14.0000,11,1,0,'2019-06-14 11:54:49',470,-547),(452,'2019-04-09',8.00,75.4500,24,1,0,'2019-06-14 11:54:50',471,358),(453,'2019-04-09',18.40,1071.9900,384,1,1,'2019-06-14 11:54:50',472,-543),(454,'2019-04-09',10.00,498.5400,173,1,0,'2019-06-14 11:54:51',473,359),(455,'2019-04-09',12.00,578.8900,160,1,0,'2019-06-14 11:54:52',474,360),(456,'2019-04-10',20.00,1601.8700,480,1,1,'2019-06-14 11:54:52',475,361),(457,'2019-04-09',21.80,981.9500,396,1,0,'2019-06-14 11:54:53',476,-540),(458,'2019-04-10',4.00,537.2900,160,1,0,'2019-06-14 11:54:54',477,362),(459,'2019-04-10',4.00,509.2900,160,1,0,'2019-06-14 11:54:55',478,363),(460,'2019-04-10',15.60,284.2600,157,1,1,'2019-06-14 11:54:55',479,-498),(461,'2019-04-11',8.40,10.9000,6,1,0,'2019-06-14 11:54:56',480,-410),(462,'2019-04-11',40.20,44.4100,278,1,0,'2019-06-14 11:54:56',481,-536),(463,'2019-04-11',7.10,289.6000,116,1,0,'2019-06-14 11:54:57',482,-534),(464,'2019-04-11',16.30,30.6400,6,1,0,'2019-06-14 11:54:57',483,-527),(465,'2019-04-11',30.30,1239.2100,500,1,1,'2019-06-14 11:54:57',484,364),(466,'2019-04-11',4.00,515.4900,160,1,0,'2019-06-14 11:54:58',485,365),(467,'2019-04-11',20.00,1040.2900,519,1,1,'2019-06-14 11:54:59',486,366),(468,'2019-04-11',12.00,45.7800,14,1,0,'2019-06-14 11:54:59',487,367),(469,'2019-04-12',90.10,2.4000,0,1,0,'2019-06-14 11:55:00',488,-536),(470,'2019-04-12',13.80,0.0100,30,1,0,'2019-06-14 11:55:00',489,-535),(471,'2019-04-11',8.00,562.1100,146,1,1,'2019-06-14 11:55:01',491,368),(472,'2019-04-11',16.30,212.3500,42,1,0,'2019-06-14 11:55:01',492,-527),(473,'2019-04-11',20.70,32.4800,12,1,0,'2019-06-14 11:55:02',493,-545),(474,'2019-04-12',32.30,337.1900,160,1,1,'2019-06-14 11:55:02',494,369),(475,'2019-04-12',8.00,612.3900,160,1,0,'2019-06-14 11:55:03',495,370),(476,'2019-04-12',12.00,181.1700,66,1,0,'2019-06-14 11:55:03',496,371),(477,'2019-04-12',20.70,169.4700,62,1,0,'2019-06-14 11:55:03',497,-545),(478,'2019-04-12',32.30,327.3900,160,1,1,'2019-06-14 11:55:04',498,372),(479,'2019-04-12',21.10,30.9000,21,1,0,'2019-06-14 11:55:05',499,-546),(480,'2019-04-12',21.10,41.2000,29,1,0,'2019-06-14 11:55:05',500,-546),(481,'2019-04-13',21.10,29.5000,20,1,0,'2019-06-14 11:55:05',501,-546),(482,'2019-04-12',8.00,525.2100,136,1,0,'2019-06-14 11:55:06',502,373),(483,'2019-04-12',4.00,513.7900,160,1,0,'2019-06-14 11:55:07',503,374),(484,'2019-04-12',10.00,310.2500,110,1,0,'2019-06-14 11:55:07',504,375),(485,'2019-04-12',12.00,473.6900,160,1,0,'2019-06-14 11:55:07',505,376),(486,'2019-04-12',24.10,155.3500,121,1,0,'2019-06-14 11:55:08',506,377),(487,'2019-04-13',16.30,125.1400,24,1,0,'2019-06-14 11:55:08',507,-527),(488,'2019-04-13',21.00,1163.6500,444,1,1,'2019-06-14 11:55:08',508,-546),(489,'2019-04-13',20.00,1605.1700,480,1,1,'2019-06-14 11:55:09',509,378),(490,'2019-04-13',10.00,1249.0500,340,1,1,'2019-06-14 11:55:09',510,379),(491,'2019-04-15',30.30,410.4900,160,1,1,'2019-06-14 11:55:10',511,380),(492,'2019-04-13',32.40,1403.7000,522,1,1,'2019-06-14 11:55:10',512,-544),(493,'2019-04-15',20.00,1588.6700,480,1,1,'2019-06-14 11:55:10',513,381),(494,'2019-04-15',10.00,1072.1100,336,1,0,'2019-06-14 11:55:11',514,382),(495,'2019-04-15',32.40,917.8100,360,1,0,'2019-06-14 11:55:12',515,-544),(496,'2019-04-16',20.00,2133.9600,640,1,1,'2019-06-14 11:55:12',516,383),(497,'2019-04-16',10.00,1784.7700,480,1,1,'2019-06-14 11:55:13',517,384),(498,'2019-04-16',32.30,118.4500,54,1,0,'2019-06-14 11:55:13',518,385),(499,'2019-04-22',14.90,184.9400,120,1,0,'2019-06-14 11:55:13',519,-490),(500,'2019-04-22',32.30,336.6900,160,1,0,'2019-06-14 11:55:14',520,386),(501,'2019-04-22',8.00,615.2900,160,1,0,'2019-06-14 11:55:14',521,387),(502,'2019-04-22',4.00,459.5100,172,1,0,'2019-06-14 11:55:14',522,388),(503,'2019-04-22',20.00,1595.8700,480,1,1,'2019-06-14 11:55:14',523,389),(504,'2019-04-22',16.30,272.0200,54,1,0,'2019-06-14 11:55:15',524,-527),(505,'2019-04-23',30.30,400.2900,160,1,0,'2019-06-14 11:55:16',525,390),(506,'2019-04-23',10.00,595.3900,160,1,0,'2019-06-14 11:55:16',526,391),(507,'2019-04-23',12.00,583.0900,160,1,0,'2019-06-14 11:55:17',527,392),(508,'2019-04-23',16.30,122.5600,24,1,0,'2019-06-14 11:55:19',528,-526),(509,'2019-04-23',20.70,102.3400,24,1,0,'2019-06-14 11:55:19',529,-545),(510,'2019-04-24',10.00,593.5900,160,1,0,'2019-06-14 11:55:19',530,393),(511,'2019-04-24',8.00,297.2300,82,1,0,'2019-06-14 11:55:20',531,394),(512,'2019-04-24',32.40,1073.6000,396,1,1,'2019-06-14 11:55:20',532,-544),(513,'2019-04-26',20.00,2159.8000,640,1,1,'2019-06-14 11:55:20',533,395),(514,'2019-04-26',32.30,1069.3500,480,1,1,'2019-06-14 11:55:21',534,396),(515,'2019-04-26',10.00,597.6500,160,1,0,'2019-06-14 11:55:21',535,397),(516,'2019-04-26',8.00,616.6900,160,1,0,'2019-06-14 11:55:21',536,398),(517,'2019-04-26',12.00,582.0900,160,1,0,'2019-06-14 11:55:22',537,399),(518,'2019-04-26',10.00,593.7900,160,1,0,'2019-06-14 11:55:22',538,400),(519,'2019-04-26',30.30,405.3500,160,1,0,'2019-06-14 11:55:22',539,401),(520,'2019-04-26',4.00,237.9500,80,1,0,'2019-06-14 11:55:22',540,402),(521,'2019-04-26',16.30,30.1400,6,1,0,'2019-06-14 11:55:23',541,-526),(522,'2019-04-27',20.00,1616.3000,481,1,1,'2019-06-14 11:55:23',542,403),(523,'2019-04-27',20.00,234.6800,70,1,1,'2019-06-14 11:55:24',543,404),(524,'2019-04-26',30.30,1233.7700,480,1,1,'2019-06-14 11:55:24',544,413),(525,'2019-04-26',24.10,261.2900,160,1,0,'2019-06-14 11:55:25',545,414),(526,'2019-04-29',16.30,61.8700,12,1,0,'2019-06-14 11:55:25',546,-526),(527,'2019-04-26',4.00,494.0500,160,1,0,'2019-06-14 11:55:25',547,416),(528,'2019-04-26',16.30,245.8800,48,1,0,'2019-06-14 11:55:26',548,-526),(529,'2019-04-26',24.00,278.3500,160,1,0,'2019-06-14 11:55:26',549,418),(530,'2019-04-29',8.00,620.5900,160,1,0,'2019-06-14 11:55:27',550,419),(531,'2019-04-29',4.00,496.5300,160,1,0,'2019-06-14 11:55:27',551,420),(532,'2019-04-29',30.30,417.8700,163,1,0,'2019-06-14 11:55:28',552,421),(533,'2019-04-29',10.00,130.0000,41,1,0,'2019-06-14 11:55:28',553,431),(534,'2019-04-09',18.40,169.0000,83,1,1,'2019-06-14 11:55:28',554,-543),(535,'2019-04-30',32.40,287.0000,232,1,1,'2019-06-14 11:55:29',555,-510),(536,'2019-04-29',20.00,1612.5100,480,1,1,'2019-06-14 11:55:29',556,433),(537,'2019-04-30',8.00,1855.3700,480,1,1,'2019-06-14 11:55:29',557,434),(538,'2019-04-30',10.00,597.5100,160,1,0,'2019-06-14 11:55:30',558,435),(539,'2019-04-30',10.00,1934.9400,528,1,1,'2019-06-14 11:55:30',559,436),(540,'2019-04-30',20.00,1972.6900,611,1,1,'2019-06-14 11:55:31',560,437),(541,'2019-04-30',20.70,63.7400,9,1,0,'2019-06-14 11:55:32',561,-545),(542,'2019-05-02',24.00,276.0900,160,1,0,'2019-06-14 11:55:32',562,439),(543,'2019-05-02',20.00,503.1700,163,1,0,'2019-06-14 11:55:32',563,440),(544,'2019-05-02',10.00,534.4200,176,1,1,'2019-06-14 11:55:33',564,441),(545,'2019-05-02',16.30,126.0400,24,1,0,'2019-06-14 11:55:33',565,-400),(546,'2019-05-02',32.30,415.5900,160,1,0,'2019-06-14 11:55:33',566,443),(547,'2019-05-02',12.00,590.1900,160,1,0,'2019-06-14 11:55:34',567,444),(548,'2019-05-03',4.00,537.2900,179,1,0,'2019-06-14 11:55:34',568,445),(549,'2019-05-03',10.00,603.3900,160,1,0,'2019-06-14 11:55:35',569,446),(550,'2019-05-03',12.00,562.2900,160,1,0,'2019-06-14 11:55:35',570,447),(551,'2019-05-03',32.30,407.2900,160,1,0,'2019-06-14 11:55:35',571,448),(552,'2019-05-03',20.00,2022.5200,664,1,1,'2019-06-14 11:55:35',572,449),(553,'2019-05-03',16.30,123.9400,12,1,0,'2019-06-14 11:55:35',574,-400),(554,'2019-05-03',20.00,394.3000,128,1,0,'2019-06-14 11:55:36',575,451),(555,'2019-05-06',10.00,1792.8500,480,1,1,'2019-06-14 11:55:36',576,452),(556,'2019-05-06',20.00,1635.3500,480,1,1,'2019-06-14 11:55:36',578,453),(557,'2019-05-06',4.00,496.4500,160,1,0,'2019-06-14 11:55:37',579,454),(558,'2019-05-06',21.00,254.0000,175,1,1,'2019-06-14 11:55:37',580,-400),(559,'2019-05-06',21.00,1159.1800,444,1,1,'2019-06-14 11:55:37',581,-400),(560,'2019-05-06',30.30,1228.0700,480,1,1,'2019-06-14 11:55:37',582,456),(561,'2019-05-06',30.30,410.9900,160,1,1,'2019-06-14 11:55:37',583,457),(562,'2019-05-06',8.00,204.1000,77,1,0,'2019-06-14 11:55:38',584,458),(563,'2019-05-06',20.70,679.9400,600,1,0,'2019-06-14 11:55:38',585,-400),(564,'2019-05-06',10.00,596.2900,160,1,0,'2019-06-14 11:55:39',586,460),(565,'2019-05-06',32.40,463.0000,294,1,0,'2019-06-14 11:55:39',587,-510),(566,'2019-05-06',16.30,60.7700,12,1,0,'2019-06-14 11:55:39',588,-400),(567,'2019-05-07',24.00,286.5400,167,1,0,'2019-06-14 11:55:39',589,463),(568,'2019-05-07',8.00,574.8500,151,1,0,'2019-06-14 11:55:40',590,464),(569,'2019-05-07',24.10,340.4900,160,1,0,'2019-06-14 11:55:40',591,465),(570,'2019-05-07',4.00,490.7300,160,1,0,'2019-06-14 11:55:40',592,466),(571,'2019-05-07',10.00,1723.1100,480,1,1,'2019-06-14 11:55:40',593,467),(572,'2019-05-08',16.30,155.8900,36,1,0,'2019-06-14 11:55:40',594,-468),(573,'2019-05-09',16.30,103.9300,24,1,0,'2019-06-14 11:55:40',595,-469),(574,'2019-05-08',12.00,1166.6800,320,1,0,'2019-06-14 11:55:40',596,470),(575,'2019-05-08',20.00,1656.9100,480,1,1,'2019-06-14 11:55:41',598,471),(576,'2019-05-08',24.10,231.0000,112,1,1,'2019-06-14 11:55:41',599,472),(577,'2019-05-08',8.00,540.5900,160,1,0,'2019-06-14 11:55:41',600,473),(578,'2019-05-09',24.00,156.5100,142,1,0,'2019-06-14 11:55:42',601,474),(579,'2019-05-09',30.30,409.2100,160,1,0,'2019-06-14 11:55:42',602,475),(580,'2019-05-09',32.40,294.9700,117,1,0,'2019-06-14 11:55:42',603,-476),(581,'2019-05-09',10.00,583.6600,160,1,0,'2019-06-14 11:55:42',604,477),(582,'2019-05-09',4.00,539.3900,160,1,0,'2019-06-14 11:55:42',605,478),(583,'2019-05-09',20.00,3283.0900,960,1,1,'2019-06-14 11:55:43',606,479),(584,'2019-05-09',24.10,170.6100,126,1,1,'2019-06-14 11:55:44',608,480),(585,'2019-05-09',16.30,51.9800,12,1,0,'2019-06-14 11:55:44',609,-481),(586,'2019-05-06',14.80,307.0200,165,1,0,'2019-06-14 11:55:44',610,-482),(587,'2019-05-13',10.00,587.1900,160,1,0,'2019-06-14 11:55:44',611,483),(588,'2019-05-13',8.00,310.1400,97,1,0,'2019-06-14 11:55:45',612,484),(589,'2019-05-13',20.00,539.0200,161,1,0,'2019-06-14 11:55:45',613,485),(590,'2019-05-13',24.00,302.1900,160,1,0,'2019-06-14 11:55:45',614,486),(591,'2019-05-13',10.00,589.3900,160,1,0,'2019-06-14 11:55:45',615,487),(592,'2019-05-14',32.30,839.2000,320,1,1,'2019-06-14 11:55:45',616,488),(593,'2019-05-14',16.30,244.3800,48,1,0,'2019-06-14 11:55:46',617,-489),(594,'2019-05-16',32.40,567.2400,225,1,0,'2019-06-14 11:55:47',618,-490),(595,'2019-05-15',10.00,589.8900,160,1,0,'2019-06-14 11:55:47',619,491),(596,'2019-05-15',8.00,452.0500,156,1,0,'2019-06-14 11:55:48',620,492),(597,'2019-05-15',18.40,680.0000,750,1,1,'2019-06-14 11:55:49',621,493),(598,'2019-05-15',18.40,755.8600,264,1,1,'2019-06-14 11:55:49',622,-494),(599,'2019-05-15',30.30,817.5800,320,1,1,'2019-06-14 11:55:49',623,495),(600,'2019-05-16',8.00,584.0200,176,1,0,'2019-06-14 11:55:50',624,496),(601,'2019-05-16',4.00,539.9700,160,1,0,'2019-06-14 11:55:50',625,497),(602,'2019-05-16',10.00,588.1900,160,1,0,'2019-06-14 11:55:51',626,498),(603,'2019-05-16',4.00,119.1300,38,1,0,'2019-06-14 11:55:51',627,499),(604,'2019-05-16',30.30,407.4900,160,1,1,'2019-06-14 11:55:51',628,500),(605,'2019-05-16',8.00,611.9900,160,1,0,'2019-06-14 11:55:51',629,501),(606,'2019-05-20',16.90,19.9000,28,1,0,'2019-06-14 11:55:52',630,-502),(607,'2019-05-20',16.90,83.7000,87,1,0,'2019-06-14 11:55:52',631,-502),(608,'2019-05-20',12.00,533.4900,160,1,0,'2019-06-14 11:55:52',632,503),(609,'2019-05-20',8.00,594.0900,160,1,0,'2019-06-14 11:55:52',633,504),(610,'2019-05-20',32.30,421.3900,160,1,0,'2019-06-14 11:55:53',634,505),(611,'2019-05-17',20.00,3843.4300,1120,1,1,'2019-06-14 11:55:53',635,506),(612,'2019-05-18',12.00,216.3100,70,1,0,'2019-06-14 11:55:54',637,507),(613,'2019-05-18',20.00,546.9900,160,1,0,'2019-06-14 11:55:54',638,508),(614,'2019-05-18',8.00,613.3900,160,1,0,'2019-06-14 11:55:54',639,509),(615,'2019-05-20',30.30,410.3500,160,1,0,'2019-06-14 11:55:54',640,510),(616,'2019-05-17',4.00,547.7100,192,1,0,'2019-06-14 11:55:54',641,511),(617,'2019-05-20',10.00,594.7900,160,1,1,'2019-06-14 11:55:55',642,512),(618,'2019-05-18',24.10,333.3900,160,1,0,'2019-06-14 11:55:55',643,513),(619,'2019-05-18',10.00,1769.2300,480,1,1,'2019-06-14 11:55:55',644,514),(620,'2019-05-20',16.30,90.2100,18,1,0,'2019-06-14 11:55:56',645,-515),(621,'2019-05-20',20.70,426.0000,504,1,1,'2019-06-14 11:55:56',646,-516),(622,'2019-05-18',16.30,59.2800,12,1,0,'2019-06-14 11:55:57',647,-517),(623,'2019-05-17',32.40,567.2400,225,1,0,'2019-06-14 11:55:57',648,-518),(624,'2019-05-20',16.30,118.5700,24,1,0,'2019-06-14 11:55:57',649,-519),(625,'2019-05-20',20.00,1601.5800,484,1,1,'2019-06-14 11:55:57',650,520),(626,'2019-05-20',8.00,1224.8200,320,1,1,'2019-06-14 11:55:58',651,521),(627,'2019-05-21',32.40,998.3400,396,1,0,'2019-06-14 11:55:58',652,-522),(628,'2019-05-21',12.00,582.3900,160,1,0,'2019-06-14 11:55:59',653,523),(629,'2019-05-21',10.00,596.1500,160,1,0,'2019-06-14 11:55:59',654,524),(630,'2019-05-22',16.30,61.2800,12,1,0,'2019-06-14 11:55:59',655,-525),(631,'2019-05-22',19.10,102.8200,36,1,0,'2019-06-14 11:55:59',656,-526),(632,'2019-05-22',12.00,585.3900,160,1,1,'2019-06-14 11:55:59',657,527),(633,'2019-05-22',32.30,424.6900,160,1,1,'2019-06-14 11:55:59',658,528),(634,'2019-05-22',30.30,412.2500,160,1,0,'2019-06-14 11:56:00',659,529),(635,'2019-05-22',24.00,299.2900,160,1,0,'2019-06-14 11:56:00',660,530),(636,'2019-05-22',4.00,484.0700,160,1,0,'2019-06-14 11:56:00',661,531),(637,'2019-05-22',20.00,2205.2900,640,1,1,'2019-06-14 11:56:00',662,532),(638,'2019-05-23',10.00,585.6900,160,1,0,'2019-06-14 11:56:00',663,533),(639,'2019-05-23',12.00,1777.1500,480,1,1,'2019-06-14 11:56:00',664,534),(640,'2019-05-24',20.00,1666.6500,480,1,1,'2019-06-14 11:56:01',665,535),(641,'2019-05-24',12.10,459.9300,165,1,1,'2019-06-14 11:56:01',666,536),(642,'2019-05-24',16.30,120.1400,24,1,0,'2019-06-14 11:56:01',667,-537),(643,'2019-05-24',30.30,1273.8500,481,1,1,'2019-06-14 11:56:02',668,538),(644,'2019-05-25',4.00,483.9900,160,1,0,'2019-06-14 11:56:02',669,539),(645,'2019-05-25',30.30,384.4600,117,1,1,'2019-06-14 11:56:02',670,540),(646,'2019-05-25',10.00,1048.8300,271,1,0,'2019-06-14 11:56:02',671,541),(647,'2019-05-25',10.00,1728.3400,480,1,1,'2019-06-14 11:56:02',672,542),(648,'2019-05-25',21.10,143.3000,229,1,1,'2019-06-14 11:56:03',673,-543),(649,'2019-05-25',32.30,431.6900,160,1,1,'2019-06-14 11:56:04',674,544),(650,'2019-05-25',20.00,553.0900,160,1,0,'2019-06-14 11:56:04',675,545),(651,'2019-05-25',12.00,576.7900,160,1,0,'2019-06-14 11:56:04',676,546),(652,'2019-05-27',20.00,2195.6200,640,1,1,'2019-06-14 11:56:04',677,547),(653,'2019-05-27',16.90,11.8000,17,1,0,'2019-06-14 11:56:05',679,-548),(654,'2019-05-27',32.40,1009.3000,387,1,0,'2019-06-14 11:56:05',680,-549),(655,'2019-05-28',23.20,112.0000,115,1,1,'2019-06-14 11:56:05',681,-550),(656,'2019-05-28',8.00,604.1900,186,1,1,'2019-06-14 11:56:05',682,551),(657,'2019-05-28',30.30,152.0000,507,1,0,'2019-06-14 11:56:06',683,552),(658,'2019-05-28',32.30,85.0000,250,1,0,'2019-06-14 11:56:06',684,553),(659,'2019-05-28',16.90,66.5000,94,1,0,'2019-06-14 11:56:06',685,-554),(660,'2019-05-28',21.10,3.9000,4,1,0,'2019-06-14 11:56:06',686,-555),(661,'2019-05-28',8.00,31.2000,8,1,0,'2019-06-14 11:56:06',687,556),(662,'2019-05-28',20.00,1652.9900,480,1,1,'2019-06-14 11:56:06',688,557),(663,'2019-05-29',20.00,1658.7300,481,1,1,'2019-06-14 11:56:07',689,558),(664,'2019-05-29',10.00,592.1900,160,1,0,'2019-06-14 11:56:07',690,559),(665,'2019-05-29',32.30,419.4900,160,1,0,'2019-06-14 11:56:07',691,560),(666,'2019-05-29',10.00,595.7900,160,1,0,'2019-06-14 11:56:07',692,561),(667,'2019-05-30',19.10,208.1000,72,1,0,'2019-06-14 11:56:08',693,-562),(668,'2019-05-30',16.90,34.7100,75,1,0,'2019-06-14 11:56:08',694,-563),(669,'2019-05-29',20.00,2218.7500,640,1,1,'2019-06-14 11:56:08',695,564),(670,'2019-05-30',12.00,593.0900,160,1,0,'2019-06-14 11:56:09',697,565),(671,'2019-05-30',20.00,562.7400,160,1,0,'2019-06-14 11:56:09',698,566),(672,'2019-05-31',16.40,490.0000,270,1,0,'2019-06-14 11:56:10',699,-567),(673,'2019-05-31',30.30,470.4900,160,1,0,'2019-06-14 11:56:10',700,568),(674,'2019-05-31',30.30,1398.1700,480,1,0,'2019-06-14 11:56:10',701,569),(675,'2019-05-31',32.40,1015.2000,405,1,0,'2019-06-14 11:56:11',702,-570),(676,'2019-05-31',20.90,613.6400,330,1,1,'2019-06-14 11:56:11',703,-571),(677,'2019-05-31',15.60,438.1100,240,1,0,'2019-06-14 11:56:11',704,-572),(678,'2019-05-31',10.00,2374.6600,640,1,1,'2019-06-14 11:56:12',705,573),(679,'2019-05-31',4.00,549.3900,160,1,0,'2019-06-14 11:56:12',706,574),(680,'2019-05-25',32.30,414.0900,160,1,1,'2019-06-14 11:56:13',707,575),(681,'2019-06-01',20.00,1657.5300,480,1,1,'2019-06-14 11:56:13',708,576),(682,'2019-06-03',16.40,95.5000,88,1,0,'2019-06-14 11:56:13',709,-577),(683,'2019-06-01',32.30,414.7900,160,1,0,'2019-06-14 11:56:13',710,578),(684,'2019-06-01',32.30,421.8900,160,1,0,'2019-06-14 11:56:14',711,579),(685,'2019-06-04',10.00,594.7000,160,1,0,'2019-06-14 11:56:14',712,580),(686,'2019-06-04',4.00,545.1900,160,1,0,'2019-06-14 11:56:14',713,581),(687,'2019-06-04',10.00,1775.4200,481,1,1,'2019-06-14 11:56:15',714,582),(688,'2019-06-04',30.30,466.2900,160,1,0,'2019-06-14 11:56:15',715,583),(689,'2019-06-04',20.90,76.8000,43,1,1,'2019-06-14 11:56:15',716,-584),(690,'2019-06-04',30.30,224.0000,550,1,0,'2019-06-14 11:56:15',717,585),(691,'2019-06-06',20.90,338.0900,180,1,1,'2019-06-14 11:56:15',718,-586),(692,'2019-06-06',15.60,275.1100,161,1,0,'2019-06-14 11:56:15',719,-587),(693,'2019-06-06',16.30,61.4700,12,1,0,'2019-06-14 11:56:16',720,-588),(694,'2019-06-05',8.00,612.1900,160,1,0,'2019-06-14 11:56:16',721,589),(695,'2019-06-05',20.00,2194.1700,640,1,1,'2019-06-14 11:56:16',722,590),(696,'2019-06-05',8.00,638.4100,168,1,0,'2019-06-14 11:56:16',723,591),(697,'2019-06-05',32.30,75.3900,32,1,1,'2019-06-14 11:56:16',724,592),(698,'2019-06-05',30.30,463.9900,160,1,0,'2019-06-14 11:56:16',725,593),(699,'2019-06-05',10.00,592.5900,160,1,0,'2019-06-14 11:56:17',726,594),(700,'2019-06-05',32.30,421.8900,160,1,1,'2019-06-14 11:56:17',727,595),(701,'2019-06-05',12.00,537.1900,171,1,0,'2019-06-14 11:56:17',728,596),(702,'2019-06-05',20.00,1649.1000,480,1,1,'2019-06-14 11:56:17',729,597),(703,'2019-06-05',12.00,573.4500,153,1,0,'2019-06-14 11:56:18',730,598),(704,'2019-06-05',10.00,598.4300,160,1,0,'2019-06-14 11:56:18',731,599),(705,'2019-06-05',20.00,560.3900,160,1,0,'2019-06-14 11:56:18',732,600),(706,'2019-06-07',20.00,1626.8700,480,1,1,'2019-06-14 11:56:19',733,601),(707,'2019-06-07',24.00,211.8400,117,1,0,'2019-06-14 11:56:19',734,602),(708,'2019-06-07',4.00,549.2900,160,1,0,'2019-06-14 11:56:19',735,603),(709,'2019-06-07',32.30,190.9100,81,1,1,'2019-06-14 11:56:20',736,604),(710,'2019-06-07',12.00,439.6900,160,1,0,'2019-06-14 11:56:20',737,605),(711,'2019-06-07',8.00,576.6600,152,1,0,'2019-06-14 11:56:20',738,606),(712,'2019-06-10',16.30,121.9400,24,1,0,'2019-06-14 11:56:20',739,-607),(713,'2019-06-10',4.00,187.5000,66,1,0,'2019-06-14 11:56:20',740,608),(714,'2019-06-10',10.00,591.4900,160,1,0,'2019-06-14 11:56:21',741,609),(715,'2019-06-10',20.00,1648.7700,480,1,1,'2019-06-14 11:56:21',742,610),(716,'2019-06-10',30.30,1382.5700,480,1,1,'2019-06-14 11:56:21',743,611),(717,'2019-06-10',32.30,373.5300,144,1,0,'2019-06-14 11:56:22',744,612),(718,'2019-06-10',12.00,606.8400,162,1,0,'2019-06-14 11:56:22',745,613),(719,'2019-06-10',8.00,1220.7200,320,1,1,'2019-06-14 11:56:22',746,614),(720,'2019-06-10',10.00,1786.5700,480,1,1,'2019-06-14 11:56:23',747,615),(721,'2019-06-10',19.10,208.8100,72,1,0,'2019-06-14 11:56:23',748,-616),(722,'2019-06-10',21.00,385.0000,120,1,0,'2019-06-14 11:56:23',749,-617),(723,'2019-06-11',90.10,90.3000,127,1,0,'2019-06-14 11:56:23',750,-618),(724,'2019-06-11',13.80,209.1800,95,1,0,'2019-06-14 11:56:23',751,-619),(725,'2019-06-11',4.00,481.9900,160,1,0,'2019-06-14 11:56:24',752,620),(726,'2019-06-11',20.00,2179.6600,640,1,0,'2019-06-14 11:56:24',753,621),(727,'2019-06-11',12.00,199.8800,100,1,0,'2019-06-14 11:56:25',755,622),(728,'2019-06-11',16.30,30.5400,6,1,0,'2019-06-14 11:56:25',756,-623),(729,'2019-06-11',20.70,544.6400,168,1,0,'2019-06-14 11:56:25',757,-624),(730,'2019-06-11',21.10,35.0000,44,1,0,'2019-06-14 11:56:25',758,-625),(731,'2019-06-11',16.90,64.3000,84,1,0,'2019-06-14 11:56:25',759,-626),(732,'2019-06-11',14.80,226.2900,120,1,0,'2019-06-14 11:56:26',760,-627),(733,'2019-05-02',20.00,4613.8700,1351,1,0,'2019-06-14 11:56:26',761,628),(734,'2019-05-02',32.30,1522.7400,640,1,0,'2019-06-14 11:56:26',762,629),(735,'2019-05-04',32.60,5193.9400,1511,1,0,'2019-06-14 11:56:27',763,630),(736,'2019-05-04',32.60,1688.0400,640,1,0,'2019-06-14 11:56:27',764,631),(737,'2019-06-12',24.00,303.0900,160,1,0,'2019-06-14 11:56:28',0,632),(738,'2019-06-12',30.30,457.7900,160,1,0,'2019-06-14 11:56:28',0,633),(739,'2019-06-12',8.00,610.0900,160,1,0,'2019-06-14 11:56:29',0,634),(740,'2019-06-12',24.10,338.8600,160,1,0,'2019-06-14 11:56:29',0,635),(741,'2019-06-12',10.00,2359.9600,640,1,0,'2019-06-14 11:56:30',0,636),(742,'2019-06-14',16.30,122.5400,24,1,0,'2019-06-14 11:56:30',0,637),(743,'2019-06-14',16.90,94.7000,128,1,0,'2019-06-14 11:56:31',0,638);
/*!40000 ALTER TABLE `salidash` ENABLE KEYS */;
UNLOCK TABLES;

--
-- Table structure for table `salidash_destino`
--

DROP TABLE IF EXISTS `salidash_destino`;
/*!40101 SET @saved_cs_client     = @@character_set_client */;
/*!40101 SET character_set_client = utf8 */;
CREATE TABLE `salidash_destino` (
  `idsalidash_destino` int(11) NOT NULL AUTO_INCREMENT,
  `destino` int(11) NOT NULL,
  `clave_tela` varchar(15) COLLATE utf8_spanish2_ci DEFAULT '',
  `peso` decimal(15,4) NOT NULL,
  `bobinas` decimal(7,0) NOT NULL,
  `id_salidash` int(11) DEFAULT NULL,
  PRIMARY KEY (`idsalidash_destino`),
  KEY `fk_salida_destino_destino_idx` (`destino`),
  KEY `FK_salida_destino_id_salidash_idx` (`id_salidash`),
  CONSTRAINT `FK_salida_destino_id_salidash` FOREIGN KEY (`id_salidash`) REFERENCES `salidash` (`idsalidash`) ON DELETE NO ACTION ON UPDATE NO ACTION,
  CONSTRAINT `fk_salida_destino_destino` FOREIGN KEY (`destino`) REFERENCES `origen` (`idorigen`) ON DELETE NO ACTION ON UPDATE NO ACTION
) ENGINE=InnoDB AUTO_INCREMENT=775 DEFAULT CHARSET=utf8 COLLATE=utf8_spanish2_ci;
/*!40101 SET character_set_client = @saved_cs_client */;

--
-- Dumping data for table `salidash_destino`
--

LOCK TABLES `salidash_destino` WRITE;
/*!40000 ALTER TABLE `salidash_destino` DISABLE KEYS */;
INSERT INTO `salidash_destino` VALUES (1,2,'CAI180',2169.2200,720,1),(2,2,'CAI180',1047.3600,458,2),(3,3,'FRN1090',186.7500,125,3),(4,3,'FRA1416',642.5700,160,4),(5,3,'CAI200',592.5900,160,5),(6,3,'GAB1518',570.6900,160,6),(7,3,'MAN2015',132.9700,46,7),(8,3,'CAN1514',644.8900,160,8),(9,3,'LMA180',506.0900,160,9),(10,3,'BPZ280',544.7900,198,10),(11,2,'CAI180',377.6300,144,11),(12,7,'',269.9900,160,12),(13,3,'CAI200',570.7900,160,13),(14,2,'CAI180',1874.3500,695,14),(15,3,'GAB1518',568.8900,160,15),(16,3,'CUA160',597.1900,160,16),(17,3,'FRA1012',575.8900,160,17),(18,3,'GAB1518',584.1900,160,18),(19,3,'CAI180',572.9900,160,19),(20,3,'CAN1514',644.0900,160,20),(21,2,'CAI180',1546.1700,480,21),(22,3,'MPR150',366.0100,210,22),(23,3,'MAN2015',95.5000,32,23),(24,3,'ZAA1090',57.3200,30,24),(25,3,'ETT160',241.8500,143,25),(26,3,'DPA180',181.2100,36,26),(27,2,'CAI180',2040.4600,640,27),(28,2,'CAI180',906.8600,247,28),(29,3,'ETT160',171.4500,162,29),(30,3,'CAI200',573.5900,160,30),(31,2,'CAI180',613.0800,192,31),(32,3,'GAB1518',583.4900,160,32),(33,3,'BPA280',465.6900,160,33),(34,3,'MAN2015',459.5200,160,34),(35,2,'CAI180',1548.9300,480,35),(36,3,'GAB1518',323.0200,119,36),(37,3,'CAI200',525.0100,157,37),(38,2,'CAI180',132.4900,80,38),(39,2,'CAI180',2271.3600,640,39),(40,2,'CAI180',1024.0800,320,40),(41,2,'CAI180',502.5900,160,41),(42,2,'CAI180',1589.6000,537,42),(43,3,'BPA280',477.7900,160,43),(44,3,'FRN1090',510.8900,160,44),(45,3,'CUA160',580.1900,160,45),(46,3,'FRA1412',569.1900,160,46),(47,3,'LPM1510',561.4900,160,47),(48,3,'FRN1090',512.6900,160,48),(49,3,'CAI180',564.0900,160,49),(50,3,'YUT100',584.5900,160,50),(51,3,'CAI200',570.7900,160,51),(52,2,'CAI180',1032.4800,320,52),(53,3,'CUA70',555.0900,160,53),(54,2,'CAI180',1038.9800,320,54),(55,3,'DPA180',173.0100,36,55),(56,3,'FPM1090',28.6500,15,56),(57,2,'CAI180',732.2900,227,57),(58,2,'CAI180',1016.1100,536,58),(59,3,'CAI200',155.1000,46,59),(60,3,'FPN1090',100.0000,160,60),(61,2,'CAI180',704.3500,228,61),(62,2,'CAI180',704.3500,228,61),(63,3,'IND200',574.4900,160,62),(64,2,'CAI180',984.5700,525,63),(65,3,'FRN1090',108.6200,69,64),(66,3,'GAB1518',581.3900,160,65),(67,2,'CAI180',2393.7600,640,66),(68,3,'BPZ280',444.1500,162,67),(69,3,'ETT160',225.8400,129,68),(70,3,'CAI180',571.4900,160,69),(71,3,'CAN1514',476.8400,147,70),(72,2,'CAI180',476.6900,160,71),(73,3,'FRA1412',572.5900,160,72),(74,3,'BPA180',48.5900,18,73),(75,3,'BPA180',57.0000,18,74),(76,2,'CAI180',959.4800,320,75),(77,2,'CAI180',519.8900,160,76),(78,2,'CAI180',519.8900,160,76),(79,2,'CAI180',1557.5700,480,77),(80,3,'FRA1012',575.8900,160,78),(81,2,'CAI180',1199.8000,477,79),(82,3,'LBC150',576.1900,160,80),(83,3,'IND200',544.1900,160,81),(84,7,'',228.6900,149,82),(85,3,'CAI180',575.0900,160,83),(86,3,'FRA1012',573.2900,160,84),(87,3,'IND200',418.8900,160,85),(88,3,'GAB1518',577.5400,195,86),(89,2,'CAI180',596.0000,312,87),(90,3,'ZAA1090',355.6000,186,88),(91,3,'BPZ280',532.9700,198,89),(92,3,'AMT1511',192.5000,113,90),(93,2,'CAI180',1384.8700,480,91),(94,3,'DPA180',60.2000,12,92),(95,2,'CAI180',1055.6800,320,93),(96,2,'CAI180',1055.6800,320,93),(97,7,'',242.0800,204,94),(98,2,'CAI180',119.4300,47,95),(99,3,'FRA1412',563.1900,160,96),(100,3,'GAB1518',576.5900,160,97),(101,3,'LBC150',520.1900,160,98),(102,3,'FRN1090',177.2000,78,99),(103,3,'DPA180',58.2700,12,100),(104,2,'CAI180',784.1400,240,101),(105,2,'CAI180',784.1300,240,101),(106,3,'CUA160',566.4900,160,102),(107,3,'TPU175',574.3900,160,103),(108,3,'DPA180',122.3400,24,104),(109,7,'',244.6900,160,105),(110,3,'CUA70',569.5900,160,106),(111,3,'CAI200',571.9900,160,107),(112,2,'CAI180',2120.7600,640,108),(113,2,'CAI180',450.6600,168,109),(114,2,'CAI180',380.2500,228,110),(115,2,'CAI180',1056.1800,320,111),(116,7,'',37.3000,36,112),(117,7,'',70.6500,80,112),(118,3,'LBC150',411.2400,117,113),(119,2,'CAI180',1804.9700,480,114),(120,3,'MAR150',512.5900,160,115),(121,3,'BPA280',473.0900,160,116),(122,3,'GAB1518',573.4900,160,117),(123,3,'IND200',588.0900,160,118),(124,3,'FRN1090',538.9900,160,119),(125,3,'AMT1511',409.0000,240,120),(126,2,'CAI180',1592.7700,480,121),(127,3,'CUA160',608.2900,160,122),(128,3,'ETT160',16.5900,18,123),(129,3,'LCA1512',20.5000,11,124),(130,3,'CAN100',576.2900,160,125),(131,2,'CAI180',526.3900,160,126),(132,3,'ETT160',122.4600,103,127),(133,3,'BPA280',446.7900,160,128),(134,3,'BPA280',477.8900,160,129),(135,3,'LPM1510',597.9900,160,130),(136,9,'',139.2000,54,131),(137,3,'MAN2015',171.8300,60,132),(138,3,'MAN2015',171.8300,60,133),(139,3,'CAI200',567.4900,160,134),(140,2,'CAI180',2008.3800,489,135),(141,7,'',148.6100,101,136),(142,2,'CAI180',1599.8300,480,137),(143,3,'POD290',756.6000,296,138),(144,2,'CAI180',265.2000,104,139),(145,7,'',252.9900,160,140),(146,2,'CAI180',306.8700,96,141),(147,2,'CAI180',1820.5700,648,142),(148,3,'IND200',600.9900,160,143),(149,2,'CAI180',1430.2700,480,144),(150,2,'CAI180',1062.3700,374,145),(151,3,'LPM1510',586.3900,160,146),(152,3,'MAR150',235.7600,72,147),(153,3,'DPA180',181.4400,36,148),(154,3,'CAI180',565.7900,160,149),(155,3,'CAI200',444.5900,160,150),(156,3,'LBC150',570.0900,160,151),(157,3,'GAB1518',614.0900,160,152),(158,3,'MAR150',566.8900,160,153),(159,3,'TPU175',574.0900,160,154),(160,3,'PER280',474.0900,160,155),(161,3,'IND200',608.1900,160,156),(162,2,'CAI180',2012.7600,640,157),(163,2,'CAI180',517.3900,160,158),(164,3,'FRA1012',566.6900,160,159),(165,3,'LBC150',573.7900,160,160),(166,7,'',237.4900,160,161),(167,3,'FRN1090',1066.2800,320,162),(168,3,'CUA160',603.7900,160,163),(169,3,'CUA70',318.0700,107,164),(170,3,'FRC1412',78.1500,46,165),(171,2,'CAI180',1679.6000,500,166),(172,3,'TPU175',613.9900,160,167),(173,3,'CAI200',570.0900,160,168),(174,7,'',237.9900,160,169),(175,2,'CAI180',2290.5600,640,170),(176,3,'CAN1514',614.1900,160,171),(177,3,'PER280',478.1900,160,172),(178,2,'CAI180',1584.6500,483,173),(179,3,'CAI180',569.2900,160,174),(180,3,'CUA160',583.2900,160,175),(181,3,'LPM1510',595.8900,160,176),(182,7,'',215.2900,160,177),(183,3,'GAB1518',597.0900,160,178),(184,3,'CAI200',568.8900,160,179),(185,7,'',178.6900,160,180),(186,2,'CAI180',1919.3600,640,181),(187,3,'DPA180',119.6100,24,182),(188,2,'CAI180',2072.7600,640,183),(189,3,'CAN1514',602.8900,160,184),(190,3,'MAN2015',140.1900,48,185),(191,3,'CPR200',144.0000,32,186),(192,3,'POD290',43.6200,41,187),(193,3,'ETT160',265.4900,160,188),(194,3,'BPA280',480.5900,160,189),(195,3,'MAR150',567.3900,160,190),(196,2,'CAI180',1593.8700,480,191),(197,2,'CAI180',1554.9700,480,192),(198,2,'CAI180',506.3600,270,193),(199,2,'CAI180',1427.9200,480,194),(200,7,'',89.3000,151,195),(201,3,'CAI200',565.3900,160,196),(202,3,'CUA160',591.4900,160,197),(203,2,'CAI180',533.4900,160,198),(204,3,'GAB1518',615.2900,160,199),(205,3,'CAN1514',605.7900,160,200),(206,3,'DPA180',92.5200,18,201),(207,3,'LCF1521',324.9900,180,202),(208,3,'CPR200',428.4000,122,203),(209,3,'PAO320',92.5800,87,204),(210,3,'CAI200',575.7400,158,205),(211,2,'CAI180',1555.0700,480,206),(212,2,'CAI180',867.2000,527,207),(213,3,'LON150',563.3900,160,208),(214,3,'CAN1514',610.5900,160,209),(215,3,'LMA180',500.0900,160,210),(216,2,'CAI180',1610.3700,480,211),(217,3,'PMA180',57.0000,18,212),(218,3,'GAB1518',587.7900,160,213),(219,3,'CAN1514',502.8900,160,214),(220,2,'CAI180',782.8500,240,215),(221,2,'CAI180',781.3200,240,215),(222,2,'CAI180',183.5500,121,216),(223,2,'CAI180',1446.1700,480,217),(224,3,'CUA160',1191.2800,320,218),(225,3,'MAR150',580.9900,160,219),(226,3,'GAB1518',241.6200,64,220),(227,2,'CAI180',2369.4500,769,221),(228,3,'ATE1218',211.8900,42,222),(229,3,'DPA180',211.8900,42,223),(230,3,'LON150',513.1900,160,224),(231,3,'CAI200',197.2600,94,225),(232,3,'IND200',602.5900,160,226),(233,2,'CAI180',304.3000,201,227),(234,3,'MAN2015',245.2600,84,228),(235,3,'CUA160',621.2900,160,229),(236,3,'CPR200',132.1100,50,230),(237,3,'CUA160',598.3900,160,231),(238,3,'LON150',334.0600,94,232),(239,3,'PER280',474.1500,160,233),(240,3,'CUA70',273.2900,73,234),(241,3,'MAR150',576.3900,160,235),(242,3,'CAI200',520.7900,160,236),(243,3,'CAN1514',615.6900,160,237),(244,3,'DPA180',123.3400,24,238),(245,7,'',221.4000,365,239),(246,7,'',337.0000,414,240),(247,2,'CAI180',1321.0800,504,241),(248,2,'CAI180',1589.4700,480,242),(249,2,'CAI180',516.6900,160,243),(250,2,'CAI180',1024.8700,348,244),(251,3,'FRA1412',580.5900,160,245),(252,3,'LON150',569.0900,160,246),(253,2,'CAI180',1420.5300,440,247),(254,3,'CUA70',601.3900,160,248),(255,3,'CAN100',519.7900,160,249),(256,3,'IND200',589.2500,160,250),(257,2,'CAI180',1243.1900,485,251),(258,3,'BPA280',476.8900,160,252),(259,7,'',232.0300,160,253),(260,2,'CAI180',1700.1100,536,254),(261,2,'CAI180',2375.2600,640,255),(262,3,'CAN100',615.4900,160,256),(263,3,'CAI200',569.9900,160,257),(264,3,'LCF1521',199.0100,117,258),(265,2,'CAI180',1415.2000,522,259),(266,7,'',255.9400,178,260),(267,3,'FRA1490',2005.6400,640,261),(268,3,'DPA180',300.0000,60,262),(269,3,'CAI200',519.6900,160,263),(270,2,'CAI180',1908.2800,640,264),(271,3,'CAN1514',607.4900,160,265),(272,7,'',435.0000,443,266),(273,3,'ETT160',171.6700,95,267),(274,3,'ETP160',54.7900,30,268),(275,3,'CCR185',522.3900,160,269),(276,2,'CAI180',2067.2600,640,270),(277,3,'CAN100',613.5900,160,271),(278,3,'FRA1412',588.0900,160,272),(279,2,'CAI180',1224.0000,432,273),(280,7,'',229.2700,160,274),(281,3,'PER280',482.4900,160,275),(282,3,'CCR185',528.9900,160,276),(283,2,'CAI180',2247.3200,745,277),(284,3,'MAR150',583.7900,160,278),(285,3,'FRA1412',582.2100,160,279),(286,3,'DPA180',102.7800,21,280),(287,3,'ATE1218',102.7800,21,281),(288,7,'',231.8900,160,282),(289,3,'GAB1518',601.2900,160,283),(290,3,'CCR185',521.8900,160,284),(291,2,'CAI180',1611.5700,480,285),(292,3,'CAN1514',606.4900,160,286),(293,3,'CAI180',527.6900,160,287),(294,3,'CAI200',527.6900,160,287),(295,3,'MAR150',494.7200,150,287),(296,2,'CAI180',1923.6800,640,288),(297,3,'PER280',477.7300,160,289),(298,2,'CAI180',541.8400,268,290),(299,3,'DPA180',366.0000,72,291),(300,3,'CCR185',446.1600,159,292),(301,3,'FRA1090',386.6500,196,293),(302,3,'CAN1514',1215.8800,320,294),(303,2,'CAI180',1478.3300,480,295),(304,8,'',1024.8700,348,296),(305,2,'CAI180',1782.3700,480,297),(306,3,'CAI180',584.8900,160,298),(307,2,'CAI180',992.1500,300,299),(308,2,'CAI180',656.0800,349,300),(309,2,'',304.8100,179,301),(310,3,'ETT160',241.4900,160,302),(311,3,'FRC1412',59.4000,36,303),(312,3,'MPR150',254.0000,150,304),(313,2,'CAI180',205.9500,100,305),(314,2,'CAI180',1464.4000,481,306),(315,3,'PER280',439.5000,179,307),(316,2,'CAI180',2134.4600,640,308),(317,3,'MAR150',584.3900,160,309),(318,7,'',191.6400,175,310),(319,2,'CAI180',1855.9700,480,311),(320,3,'CCR185',1603.6200,493,312),(321,2,'CAI180',423.4600,170,313),(322,2,'CAI180',1859.2600,563,314),(323,3,'CUA160',1186.4200,320,315),(324,2,'CAI180',1165.1800,320,316),(325,2,'CAI180',675.4000,373,317),(326,7,'',231.3900,160,318),(327,3,'DPA1818',242.8000,48,319),(328,3,'CAI180',571.1900,160,320),(329,3,'CUA160',58.2800,49,321),(330,2,'CAI180',2314.2900,630,322),(331,2,'CAI180',1284.6200,504,323),(332,3,'FRA1090',526.3900,160,324),(333,2,'CAI180',1570.6700,480,325),(334,3,'DPA180',121.4000,24,326),(335,3,'ATE120',121.4000,24,327),(336,7,'',233.6300,160,328),(337,3,'GAB1518',602.4900,160,329),(338,3,'FRA1090',535.8900,160,330),(339,2,'CAI180',1581.9700,480,331),(340,3,'ATE120',149.9000,30,332),(341,7,'',624.2900,252,333),(342,3,'MAN2015',171.9300,60,334),(343,2,'CAI180',1478.2700,480,335),(344,3,'PER280',483.6900,160,336),(345,3,'FRN1090',213.5900,131,337),(346,2,'CAI180',617.7900,160,338),(347,9,'',310.0000,133,339),(348,2,'CAI180',1520.1200,528,340),(349,3,'MPR150',135.9600,90,341),(350,3,'CAI200',888.4800,275,342),(351,2,'CAI180',1671.6700,480,343),(352,2,'CAI180',1948.3600,594,344),(353,2,'CAI180',247.2400,76,345),(354,3,'LON150',583.6900,181,346),(355,3,'PER280',753.0100,245,347),(356,3,'GAB1518',593.4900,160,348),(357,2,'CAI180',2107.5600,640,349),(358,3,'CAI180',576.6900,160,350),(359,2,'CAI180',1557.1700,480,351),(360,3,'CCR185',542.6900,160,352),(361,3,'CAI200',581.4900,160,353),(362,3,'DPA180',183.0000,36,354),(363,3,'ATE1218',183.0000,36,355),(364,2,'CAI180',560.6100,255,356),(365,3,'GPM133',290.2000,132,356),(366,3,'MAR150',579.8900,160,357),(367,3,'DPA180',240.0000,48,358),(368,3,'LON150',512.1200,176,359),(369,3,'PER280',759.4800,320,360),(370,3,'CAN100',605.9900,160,361),(371,2,'CAI180',1607.9100,480,362),(372,2,'CAI180',1484.5000,450,363),(373,3,'LOR160',588.0000,360,364),(374,7,'',980.8900,396,365),(375,2,'',86.0000,72,366),(376,2,'',588.6000,216,367),(377,3,'BPA180',391.4900,160,368),(378,3,'CAN100',658.3600,237,369),(379,3,'CUA160',612.2100,209,370),(380,7,'',230.4900,160,371),(381,2,'CAI180',1666.4300,486,372),(382,3,'ETT160',311.4300,165,373),(383,3,'LON150',531.5900,160,374),(384,3,'MAR150',453.3900,139,375),(385,2,'CAI180',1595.5700,480,376),(386,3,'BPA180',115.7400,71,377),(387,3,'LMA180',433.8000,123,378),(388,3,'CAI200',581.2900,160,379),(389,3,'YUT160',621.3900,160,380),(390,3,'MAN2015',216.0000,48,381),(391,2,'CAI180',1292.9800,504,382),(392,3,'ATE1218',33.9900,12,383),(393,3,'MPM1090',81.2000,0,384),(394,2,'CAI180',1934.4600,678,385),(395,7,'',185.7500,105,386),(396,3,'LON150',525.7900,160,387),(397,3,'MAR150',581.0900,160,388),(398,3,'AMT1511',356.1100,160,389),(399,3,'YUT160',622.6900,160,390),(400,2,'CAI180',2160.6600,640,391),(401,3,'MPR150',228.3600,132,392),(402,3,'LON150',516.6900,160,393),(403,3,'CAN1514',630.1900,160,394),(404,2,'CAI180',2423.5600,640,395),(405,3,'CUA160',129.6200,75,395),(406,3,'MAR150',701.4300,251,396),(407,3,'CAI200',447.1300,160,396),(408,3,'DPA180',280.2500,48,397),(409,7,'',277.0900,160,398),(410,2,'CAI180',537.9600,160,399),(411,2,'CAI180',537.9600,160,399),(412,2,'CAI180',537.9500,160,399),(413,3,'CUA160',512.9300,206,400),(414,3,'CCR185',226.0000,104,401),(415,2,'CAI180',1016.9800,320,402),(416,3,'YUT160',537.2900,160,403),(417,2,'CAI180',371.9900,160,404),(418,2,'CAI180',570.4800,320,405),(419,2,'CAI180',1932.6900,641,406),(420,2,'CAI180',578.5300,300,407),(421,3,'',78.8000,144,408),(422,2,'CAI180',293.9100,153,409),(423,7,'',1025.4700,414,410),(424,2,'CAI180',515.2900,160,411),(425,3,'BPA180',400.2000,160,412),(426,3,'PER280',327.6700,131,412),(427,3,'MAR150',563.5900,160,413),(428,3,'CUA160',608.1900,160,414),(429,3,'LON1535',530.7900,160,415),(430,3,'MAN2015',127.8700,72,416),(431,2,'CAI180',1447.7900,412,417),(432,3,'YUT180',77.3100,22,417),(433,3,'GAB1525',577.7900,160,418),(434,2,'CAI180',852.6100,321,419),(435,3,'GAB1518',598.8900,160,420),(436,7,'',269.2900,160,421),(437,2,'CAI180',56.4400,40,422),(438,2,'CAI180',1551.8700,480,423),(439,2,'CAI180',2409.3600,640,424),(440,2,'CAI180',576.5900,160,425),(441,3,'LON1535',534.3900,160,426),(442,3,'FRA1090',252.5800,147,427),(443,3,'YUT180',411.4100,136,428),(444,3,'MAR150',577.3900,160,429),(445,3,'PER280',448.2900,160,430),(446,3,'LON150',500.5300,169,431),(447,2,'CAI180',1701.3200,539,432),(448,3,'MAN205',88.2000,147,433),(449,3,'MAN205',87.8000,118,434),(450,3,'ETT160',266.2900,160,435),(451,3,'CAN1514',632.4900,160,436),(452,3,'CUA160',604.5900,160,437),(453,2,'CAI180',1330.7700,480,438),(454,3,'CAN1514',533.4900,160,439),(455,7,'',174.6500,194,440),(456,2,'CAI180',1157.7800,320,441),(457,2,'CAI180',578.8900,160,441),(458,2,'CAI180',1080.3800,320,442),(459,2,'CAI180',540.1900,160,442),(460,3,'DPA180',182.9100,36,443),(461,3,'ATE1218',245.2200,48,444),(462,2,'CAI180',592.8200,269,445),(463,3,'GPM133',331.0900,160,446),(464,3,'LON150',511.4900,160,447),(465,3,'YUT180',552.6900,160,448),(466,3,'MAR150',578.6900,160,449),(467,3,'PER280',387.0400,148,450),(468,3,'',14.0000,11,451),(469,3,'CAN100',75.4500,24,452),(470,2,'CAI180',1071.9900,384,453),(471,3,'CUA160',498.5400,173,454),(472,3,'CAI200',578.8900,160,455),(473,2,'CAI180',1601.8700,480,456),(474,7,'',981.9500,396,457),(475,3,'LON150',537.2900,160,458),(476,3,'LON1535',509.2900,160,459),(477,2,'',284.2600,157,460),(478,8,'',10.9000,6,461),(479,8,'',44.4100,278,462),(480,8,'',289.6000,116,463),(481,3,'DPA180',30.6400,6,464),(482,2,'CAI180',1239.2100,500,465),(483,3,'LMA150',515.4900,160,466),(484,2,'CAI180',1040.2900,519,467),(485,3,'MAR150',45.7800,14,468),(486,3,'TELAX',2.4000,0,469),(487,3,'FRC1412',0.0100,30,470),(488,2,'CAI180',562.1100,146,471),(489,3,'DPA180',212.3500,42,472),(490,3,'MAN2015',32.4800,12,473),(491,2,'CAI180',337.1900,160,474),(492,3,'CAN100',612.3900,160,475),(493,3,'MAR150',181.1700,66,476),(494,3,'MAN2015',169.4700,62,477),(495,2,'CAI180',327.3900,160,478),(496,3,'MAN205',30.9000,21,479),(497,3,'MAN205',41.2000,29,480),(498,3,'MAN205',29.5000,20,481),(499,3,'CAN100',525.2100,136,482),(500,3,'CCR185',513.7900,160,483),(501,3,'CUA160',310.2500,110,484),(502,3,'CAI180',473.6900,160,485),(503,3,'ETT160',155.3500,121,486),(504,3,'DPA180',125.1400,24,487),(505,2,'CAI180',1163.6500,444,488),(506,2,'CAI180',1605.1700,480,489),(507,2,'CAI180',1249.0500,340,490),(508,2,'CAI180',410.4900,160,491),(509,2,'CAI180',1403.7000,522,492),(510,2,'CAI180',1588.6700,480,493),(511,3,'CUA160',1072.1100,336,494),(512,7,'',917.8100,360,495),(513,2,'CAI180',2133.9600,640,496),(514,2,'CAI180',1784.7700,480,497),(515,3,'GPM133',118.4500,54,498),(516,3,'FRC1412',184.9400,120,499),(517,3,'GPM133',336.6900,160,500),(518,3,'YUT180',615.2900,160,501),(519,3,'LON150',459.5100,172,502),(520,2,'CAI180',1595.8700,480,503),(521,3,'DPA180',272.0200,54,504),(522,3,'PER280',400.2900,160,505),(523,3,'CUA160',595.3900,160,506),(524,3,'MAR150',583.0900,160,507),(525,3,'DPA180',122.5600,24,508),(526,3,'MAN2015',102.3400,24,509),(527,3,'GAB1518',593.5900,160,510),(528,3,'CAN100',297.2300,82,511),(529,2,'CAI180',1073.6000,396,512),(530,2,'CAI180',2159.8000,640,513),(531,2,'CAI180',1069.3500,480,514),(532,3,'GAB1530',597.6500,160,515),(533,3,'CAN1514',616.6900,160,516),(534,3,'EXP180',582.0900,160,517),(535,3,'CUA160',593.7900,160,518),(536,3,'BPA180',405.3500,160,519),(537,3,'LON150',237.9500,80,520),(538,3,'DPA180',30.1400,6,521),(539,2,'CAI180',1616.3000,481,522),(540,2,'CAI180',234.6800,70,523),(541,2,'CAI180',1233.7700,480,524),(542,3,'ETT160',261.2900,160,525),(543,3,'DPA180',61.8700,12,526),(544,3,'LON150',494.0500,160,527),(545,3,'ATE1218',245.8800,48,528),(546,7,'',278.3500,160,529),(547,3,'YUT180',620.5900,160,530),(548,3,'LON150',496.5300,160,531),(549,3,'PER280',417.8700,163,532),(550,3,'CUA70',130.0000,41,533),(551,2,'CAI180',169.0000,83,534),(552,2,'CAI180',287.0000,232,535),(553,2,'CAI180',1612.5100,480,536),(554,2,'CAI180',1855.3700,480,537),(555,3,'CUA160',597.5100,160,538),(556,2,'CAI180',1934.9400,528,539),(557,2,'CAI180',1972.6900,611,540),(558,3,'MAN2015',63.7400,9,541),(559,7,'',276.0900,160,542),(560,3,'CAI1814',503.1700,163,543),(561,2,'CAI180',534.4200,176,544),(562,3,'DPA180',126.0400,24,545),(563,3,'GPM133',415.5900,160,546),(564,3,'MAR150',590.1900,160,547),(565,3,'LON150',537.2900,179,548),(566,3,'GAB1530',603.3900,160,549),(567,3,'MAR150',562.2900,160,550),(568,3,'GPM133',407.2900,160,551),(569,2,'CAI180',1011.2600,332,552),(570,2,'CAI180',1011.2600,332,552),(571,3,'ATE1218',123.9400,12,553),(572,3,'CAI1814',394.3000,128,554),(573,2,'CAI180',896.4200,240,555),(574,2,'CAI180',896.4300,240,555),(575,2,'CAI180',1635.3500,480,556),(576,3,'LON1535',496.4500,160,557),(577,2,'CAI180',254.0000,175,558),(578,2,'CAI180',1159.1800,444,559),(579,2,'CAI180',1228.0700,480,560),(580,2,'CAI180',410.9900,160,561),(581,3,'YUT180',204.1000,77,562),(582,3,'MAN2015',679.9400,600,563),(583,3,'GAB1530',596.2900,160,564),(584,7,'',463.0000,294,565),(585,3,'DPA180',60.7700,12,566),(586,7,'',286.5400,167,567),(587,3,'CAN1514',574.8500,151,568),(588,3,'ETT160',340.4900,160,569),(589,3,'LMA150',490.7300,160,570),(590,2,'CAI180',1723.1100,480,571),(591,3,'DPA180',155.8900,36,572),(592,3,'ATE1218',103.9300,24,573),(593,3,'MAR150',583.3400,160,574),(594,3,'CAI180',583.3400,160,574),(595,2,'CAI180',1656.9100,480,575),(596,2,'CAI180',231.0000,112,576),(597,3,'YUT180',540.5900,160,577),(598,7,'',156.5100,142,578),(599,3,'BPA280',409.2100,160,579),(600,7,'',294.9700,117,580),(601,3,'CUA70',583.6600,160,581),(602,3,'LON150',539.3900,160,582),(603,2,'CAI180',1641.5500,480,583),(604,2,'CAI180',1641.5400,480,583),(605,2,'CAI180',170.6100,126,584),(606,3,'ATE1218',51.9800,12,585),(607,3,'',307.0200,165,586),(608,3,'CUA160',587.1900,160,587),(609,3,'CAN100',310.1400,97,588),(610,3,'CAI1814',539.0200,161,589),(611,7,'',302.1900,160,590),(612,3,'GAB1530',589.3900,160,591),(613,2,'CAI180',839.2000,320,592),(614,3,'DPA180',244.3800,48,593),(615,7,'',567.2400,225,594),(616,3,'IND200',589.8900,160,595),(617,3,'YUT180',452.0500,156,596),(618,2,'CAI180',680.0000,750,597),(619,2,'CAI180',755.8600,264,598),(620,2,'CAI180',817.5800,320,599),(621,3,'CAN1514',584.0200,176,600),(622,3,'LON150',539.9700,160,601),(623,3,'GAB1518',588.1900,160,602),(624,3,'LON150',119.1300,38,603),(625,2,'CAI180',407.4900,160,604),(626,3,'CAN100',611.9900,160,605),(627,9,'',19.9000,28,606),(628,9,'',83.7000,87,607),(629,3,'CAI200',533.4900,160,608),(630,3,'YUT180',594.0900,160,609),(631,3,'GPM133',421.3900,160,610),(632,2,'CAI180',1921.7100,560,611),(633,2,'CAI180',1921.7200,560,611),(634,3,'MAR150',216.3100,70,612),(635,3,'GAS80',546.9900,160,613),(636,3,'CAN100',613.3900,160,614),(637,3,'PER280',410.3500,160,615),(638,3,'LON150',547.7100,192,616),(639,2,'CAI180',594.7900,160,617),(640,3,'ETT160',333.3900,160,618),(641,2,'CAI180',1769.2300,480,619),(642,3,'ATE1218',90.2100,18,620),(643,2,'CAI180',426.0000,504,621),(644,3,'ATE1218',59.2800,12,622),(645,7,'',567.2400,225,623),(646,3,'DPA180',118.5700,24,624),(647,2,'CAI180',1601.5800,484,625),(648,2,'CAI180',1224.8200,320,626),(649,7,'',998.3400,396,627),(650,3,'FRN1012',582.3900,160,628),(651,3,'CUA160',596.1500,160,629),(652,3,'ATE1218',61.2800,12,630),(653,3,'MAN2015',102.8200,36,631),(654,2,'CAI180',585.3900,160,632),(655,2,'CAI180',424.6900,160,633),(656,3,'BPA280',412.2500,160,634),(657,7,'',299.2900,160,635),(658,3,'LON150',484.0700,160,636),(659,2,'CAI180',2205.2900,640,637),(660,3,'CUA160',585.6900,160,638),(661,2,'CAI180',1777.1500,480,639),(662,2,'CAI180',1666.6500,480,640),(663,3,'MAP150',459.9300,165,641),(664,3,'DPA180',120.1400,24,642),(665,2,'CAI180',1273.8500,481,643),(666,3,'LON150',483.9900,160,644),(667,2,'CAI180',384.4600,117,645),(668,3,'GAB1518',1048.8300,271,646),(669,2,'CAI180',1728.3400,480,647),(670,2,'CAI180',143.3000,229,648),(671,2,'CAI180',431.6900,160,649),(672,3,'LIF180',553.0900,160,650),(673,3,'MAR150',576.7900,160,651),(674,2,'CAI180',1097.8100,320,652),(675,2,'CAI180',1097.8100,320,652),(676,3,'MAN2015',11.8000,17,653),(677,7,'',1009.3000,387,654),(678,2,'CAI180',112.0000,115,655),(679,2,'CAI180',604.1900,186,656),(680,3,'PER280',152.0000,507,657),(681,3,'GPM133',85.0000,250,658),(682,9,'',66.5000,94,659),(683,9,'',3.9000,4,660),(684,5,'',31.2000,8,661),(685,2,'CAI180',1652.9900,480,662),(686,2,'CAI180',1658.7300,481,663),(687,3,'CUA160',592.1900,160,664),(688,3,'GPM133',419.4900,160,665),(689,3,'GAB1518',595.7900,160,666),(690,3,'MAN2015',208.1000,72,667),(691,3,'MAN2015',34.7100,75,668),(692,2,'CAI180',1109.3700,320,669),(693,2,'CAI180',1109.3800,320,669),(694,3,'FRA1412',593.0900,160,670),(695,3,'CAI1814',562.7400,160,671),(696,3,'LON150',490.0000,270,672),(697,3,'BPA280',470.4900,160,673),(698,3,'BPA280',1398.1700,480,674),(699,7,'',1015.2000,405,675),(700,2,'CAI180',613.6400,330,676),(701,3,'GPR1518',438.1100,240,677),(702,2,'CAI180',2374.6600,640,678),(703,3,'LON150',549.3900,160,679),(704,2,'CAI180',414.0900,160,680),(705,2,'CAI180',1657.5300,480,681),(706,1,'',95.5000,88,682),(707,3,'GPM133',414.7900,160,683),(708,3,'GPM133',421.8900,160,684),(709,3,'CUA160',594.7000,160,685),(710,3,'LON150',545.1900,160,686),(711,2,'CAI180',1775.4200,481,687),(712,3,'BPA280',466.2900,160,688),(713,2,'CAI180',76.8000,43,689),(714,3,'PER280',224.0000,550,690),(715,2,'CAI180',338.0900,180,691),(716,3,'GPR1518',275.1100,161,692),(717,3,'ATE1218',61.4700,12,693),(718,3,'YUT180',612.1900,160,694),(719,2,'CAI180',2194.1700,640,695),(720,3,'CAN100',638.4100,168,696),(721,2,'CAI180',75.3900,32,697),(722,3,'BPA180',463.9900,160,698),(723,3,'GAB1518',592.5900,160,699),(724,2,'CAI180',421.8900,160,700),(725,3,'MAR150',537.1900,171,701),(726,2,'CAI180',1649.1000,480,702),(727,3,'CAI180',573.4500,153,703),(728,3,'CUA160',598.4300,160,704),(729,3,'CAI1814',560.3900,160,705),(730,2,'CAI180',1626.8700,480,706),(731,7,'',211.8400,117,707),(732,3,'LON150',549.2900,160,708),(733,2,'CAI180',190.9100,81,709),(734,3,'MAR150',439.6900,160,710),(735,3,'CAN100',576.6600,152,711),(736,3,'DPA180',121.9400,24,712),(737,3,'LON150',187.5000,66,713),(738,3,'GAB1518',591.4900,160,714),(739,2,'CAI180',1648.7700,480,715),(740,2,'CAI180',1382.5700,480,716),(741,3,'GPM133',373.5300,144,717),(742,3,'MAR150',606.8400,162,718),(743,2,'CAI180',1220.7200,320,719),(744,2,'CAI180',1786.5700,480,720),(745,3,'MAN2015',208.8100,72,721),(746,7,'',385.0000,120,722),(747,8,'',90.3000,127,723),(748,8,'',209.1800,95,724),(749,3,'LON150',481.9900,160,725),(750,2,'CAI180',1089.8300,320,726),(751,2,'CAI180',1089.8300,320,726),(752,3,'CAI200',199.8800,100,727),(753,3,'ATE1218',30.5400,6,728),(754,7,'',544.6400,168,729),(755,2,'CAI180',35.0000,44,730),(756,2,'CAI180',64.3000,84,731),(757,3,'',226.2900,120,732),(758,5,'',4018.7800,1191,733),(759,5,'',1069.3500,480,734),(760,2,'CAI180',4018.7800,1191,735),(761,2,'CAI180',1069.3500,480,736),(762,3,'CAI200',595.0900,160,733),(763,3,'BPA280',453.3900,160,734),(764,3,'CAI200',587.5800,160,735),(765,3,'MAR150',587.5800,160,735),(766,3,'CAN100',618.6900,160,736),(767,7,'',303.0900,160,737),(768,3,'PER280',457.7900,160,738),(769,3,'YUT180',610.0900,160,739),(770,3,'ETT160',338.8600,160,740),(771,2,'CAI180',1179.9800,320,741),(772,2,'CAI180',1179.9800,320,741),(773,3,'ATE1218',122.5400,24,742),(774,3,'MOR205',94.7000,128,743);
/*!40000 ALTER TABLE `salidash_destino` ENABLE KEYS */;
UNLOCK TABLES;

--
-- Table structure for table `salidash_detalle`
--

DROP TABLE IF EXISTS `salidash_detalle`;
/*!40101 SET @saved_cs_client     = @@character_set_client */;
/*!40101 SET character_set_client = utf8 */;
CREATE TABLE `salidash_detalle` (
  `idsalidash_detalle` int(11) NOT NULL AUTO_INCREMENT,
  `id_salida` int(11) NOT NULL,
  `id_entrada` int(11) NOT NULL,
  `id_presenta` int(11) NOT NULL,
  `numero` int(11) NOT NULL,
  `bobinas` int(11) NOT NULL,
  `peso` decimal(15,4) NOT NULL,
  PRIMARY KEY (`idsalidash_detalle`),
  KEY `fk_salida_presenta_idx` (`id_presenta`),
  KEY `FK_salida_idsalida_idx` (`id_salida`),
  KEY `FK_salida_identrada_idx` (`id_entrada`),
  CONSTRAINT `FK_salida_identrada` FOREIGN KEY (`id_entrada`) REFERENCES `entradash` (`identradash`) ON DELETE NO ACTION ON UPDATE NO ACTION,
  CONSTRAINT `FK_salida_idsalida` FOREIGN KEY (`id_salida`) REFERENCES `salidash` (`idsalidash`) ON DELETE NO ACTION ON UPDATE NO ACTION,
  CONSTRAINT `FK_salida_presenta` FOREIGN KEY (`id_presenta`) REFERENCES `presentacion` (`idpresentacion`) ON DELETE NO ACTION ON UPDATE NO ACTION
) ENGINE=InnoDB AUTO_INCREMENT=1139 DEFAULT CHARSET=utf8 COLLATE=utf8_spanish2_ci;
/*!40101 SET character_set_client = @saved_cs_client */;

--
-- Dumping data for table `salidash_detalle`
--

LOCK TABLES `salidash_detalle` WRITE;
/*!40000 ALTER TABLE `salidash_detalle` DISABLE KEYS */;
INSERT INTO `salidash_detalle` VALUES (1,1,30,1,92,160,571.6900),(2,1,31,1,93,160,574.8900),(3,1,34,1,96,160,566.3900),(4,1,35,1,97,240,456.2500),(5,2,32,1,94,160,472.2900),(6,2,41,1,103,160,421.4900),(7,2,42,1,104,138,153.5800),(8,3,38,1,100,125,186.7500),(9,4,6,1,19,160,642.5700),(10,5,5,1,2,160,592.5900),(11,6,33,1,95,160,570.6900),(12,7,87,4,1,46,132.9700),(13,8,9,1,24,160,644.8900),(14,9,36,1,98,160,506.0900),(15,10,91,3,11,198,544.7900),(16,11,45,1,3,144,377.6300),(17,12,3,1,30,160,269.9900),(18,13,19,1,61,160,570.7900),(19,14,25,1,81,160,520.4500),(20,14,37,1,99,160,468.0900),(21,14,39,1,101,160,345.5700),(22,14,40,1,102,55,31.0500),(23,14,44,1,2,160,509.1900),(24,15,29,1,87,160,568.8900),(25,16,12,1,30,160,597.1900),(26,17,15,1,51,160,575.8900),(27,18,24,1,79,160,584.1900),(28,19,17,1,55,160,572.9900),(29,20,11,1,29,160,644.0900),(30,21,50,1,8,160,516.5900),(31,21,55,1,13,160,514.1900),(32,21,56,1,14,160,515.3900),(33,22,84,2,14,210,366.0100),(34,23,87,4,0,32,95.5000),(35,24,92,2,2,30,57.3200),(36,25,68,1,23,143,241.8500),(37,26,85,3,3,36,181.2100),(38,27,57,1,15,160,516.2900),(39,27,58,1,16,160,493.3900),(40,27,64,1,19,160,507.5900),(41,27,67,1,22,160,523.1900),(42,28,13,1,31,87,327.8700),(43,28,51,1,9,160,578.9900),(44,29,71,1,26,162,171.4500),(45,30,16,1,53,160,573.5900),(46,31,72,1,27,160,542.3900),(47,31,73,1,28,32,70.6900),(48,32,53,1,11,160,583.4900),(49,33,70,1,25,160,465.6900),(50,34,87,4,1,160,459.5200),(51,35,48,1,6,160,517.2900),(52,35,76,1,31,160,512.4900),(53,35,78,1,33,160,519.1500),(54,36,101,1,34,119,323.0200),(55,37,20,1,62,157,525.0100),(56,38,74,1,29,80,132.4900),(57,39,43,1,1,160,580.5900),(58,39,46,1,4,160,580.4900),(59,39,47,1,5,160,583.9900),(60,39,52,1,10,160,526.2900),(61,40,103,1,36,160,506.3900),(62,40,105,1,38,160,517.6900),(63,41,110,1,40,160,502.5900),(64,42,59,1,17,160,475.3900),(65,42,104,1,37,160,472.7900),(66,42,118,1,45,160,474.9900),(67,42,119,1,46,57,166.4300),(68,43,129,1,56,160,477.7900),(69,44,121,1,48,160,510.8900),(70,45,54,1,12,160,580.1900),(71,46,123,1,50,160,569.1900),(72,47,49,1,7,160,561.4900),(73,48,126,1,53,160,512.6900),(74,49,120,1,47,160,564.0900),(75,50,117,1,44,160,584.5900),(76,51,18,1,57,160,570.7900),(77,52,112,1,42,160,521.7900),(78,52,113,1,43,160,510.6900),(79,53,102,1,35,160,555.0900),(80,54,127,1,54,160,518.7900),(81,54,128,1,55,160,520.1900),(82,55,85,3,3,36,173.0100),(83,56,93,2,1,15,28.6500),(84,57,133,1,58,160,512.9900),(85,57,134,1,59,67,219.3000),(86,58,94,2,36,536,1016.1100),(87,59,137,1,62,46,155.1000),(88,60,115,4,0,160,100.0000),(89,61,144,1,65,160,525.5900),(90,61,145,1,66,160,480.8900),(91,61,146,1,67,90,352.2800),(92,61,147,1,68,46,49.9400),(93,62,77,1,32,160,574.4900),(94,63,92,2,35,524,980.2500),(95,63,93,2,0,1,4.3200),(96,64,152,1,74,69,108.6200),(97,65,27,1,84,160,581.3900),(98,66,7,1,20,160,595.1900),(99,66,8,1,22,160,599.8900),(100,66,10,1,26,160,599.5900),(101,66,14,1,32,160,599.0900),(102,67,140,3,9,162,444.1500),(103,68,148,1,70,129,225.8400),(104,69,124,1,51,160,571.4900),(105,70,132,1,57,147,476.8400),(106,71,159,1,81,160,476.6900),(107,72,125,1,52,160,572.5900),(108,73,140,3,1,18,48.5900),(109,74,90,3,1,18,57.0000),(110,75,143,1,69,160,481.0900),(111,75,153,1,75,160,478.3900),(112,76,158,1,80,160,517.8900),(113,76,161,1,83,160,521.8900),(114,77,151,1,73,160,511.2900),(115,77,173,1,95,160,519.5900),(116,77,174,1,96,160,526.6900),(117,78,136,1,61,160,575.8900),(118,79,162,1,84,160,512.2900),(119,79,163,1,85,157,251.0500),(120,79,165,1,87,160,436.4600),(121,80,122,1,49,160,576.1900),(122,81,75,1,30,160,544.1900),(123,82,169,1,91,149,228.6900),(124,83,135,1,60,160,575.0900),(125,84,138,1,63,160,573.2900),(126,85,181,1,103,160,418.8900),(127,86,182,1,104,160,551.9900),(128,86,183,1,105,35,25.5500),(129,87,93,2,21,312,596.0000),(130,88,93,2,13,186,355.6000),(131,89,140,3,11,198,532.9700),(132,90,130,1,204,113,192.5000),(133,91,171,1,93,160,468.1900),(134,91,175,1,97,160,460.4900),(135,91,185,1,107,160,456.1900),(136,92,85,3,1,12,60.2000),(137,93,184,1,106,160,538.8900),(138,93,187,1,109,160,542.4900),(139,93,188,1,110,160,527.9900),(140,93,189,1,111,160,501.9900),(141,94,177,1,99,204,242.0800),(142,95,186,1,108,47,119.4300),(143,96,149,1,71,160,563.1900),(144,97,69,1,24,160,576.5900),(145,98,111,1,41,160,520.1900),(146,99,180,1,102,78,177.2000),(147,100,85,3,1,12,58.2700),(148,101,191,1,113,160,537.5900),(149,101,193,1,115,160,535.2900),(150,101,194,1,116,160,495.3900),(151,102,65,1,20,160,566.4900),(152,103,106,1,39,160,574.3900),(153,104,85,3,2,24,122.3400),(154,105,176,1,98,160,244.6900),(155,106,63,1,18,160,569.5900),(156,107,150,1,72,160,571.9900),(157,108,196,1,118,160,531.5900),(158,108,197,1,119,160,533.1900),(159,108,199,1,121,160,534.4900),(160,108,201,1,123,160,521.4900),(161,109,89,3,14,168,450.6600),(162,110,207,1,129,160,269.5900),(163,110,208,1,130,68,110.6600),(164,111,203,1,125,160,533.6900),(165,111,205,1,127,160,522.4900),(166,112,155,1,77,36,37.3000),(167,112,178,1,100,80,70.6500),(168,113,211,1,133,117,411.2400),(169,114,156,1,78,160,588.0900),(170,114,166,1,88,160,610.6900),(171,114,167,1,89,160,606.1900),(172,115,139,1,64,160,512.5900),(173,116,200,1,122,160,473.0900),(174,117,66,1,21,160,573.4900),(175,118,160,1,82,160,588.0900),(176,119,204,1,126,160,538.9900),(177,120,131,1,205,240,409.0000),(178,121,209,1,131,160,536.4900),(179,121,217,1,139,160,517.9900),(180,121,225,1,147,160,538.2900),(181,122,170,1,92,160,608.2900),(182,123,227,1,149,18,16.5900),(183,124,82,2,1,11,20.5000),(184,125,202,1,124,160,576.2900),(185,126,210,1,132,160,526.3900),(186,127,237,1,157,103,122.4600),(187,128,192,1,114,160,446.7900),(188,129,233,1,153,160,477.8900),(189,130,154,1,76,160,597.9900),(190,131,239,3,3,54,139.2000),(191,132,238,2,5,60,171.8300),(192,133,238,2,5,60,171.8300),(193,134,234,1,154,160,567.4900),(194,135,218,1,140,160,510.4900),(195,135,221,1,143,160,446.8900),(196,135,226,1,148,160,517.2900),(197,135,236,1,156,160,522.6900),(198,136,242,1,160,101,148.6100),(199,137,214,1,136,160,535.9500),(200,137,216,1,138,160,533.0900),(201,137,231,1,151,160,530.7900),(202,138,239,3,17,296,756.6000),(203,139,239,3,6,104,265.2000),(204,140,248,1,166,160,252.9900),(205,141,252,1,170,96,306.8700),(206,142,212,1,134,160,513.3900),(207,142,213,1,135,160,541.8900),(208,142,232,1,152,169,245.8300),(209,142,246,1,164,159,519.4600),(210,143,179,1,101,160,600.9900),(211,144,220,1,142,160,477.7900),(212,144,241,1,159,160,477.5900),(213,144,254,1,172,160,474.8900),(214,145,215,1,137,160,520.3900),(215,145,222,1,144,160,469.0900),(216,145,223,1,145,54,72.8900),(217,146,253,1,171,160,586.3900),(218,147,250,1,168,72,235.7600),(219,148,85,3,3,36,181.4400),(220,149,251,1,169,160,565.7900),(221,150,249,1,167,160,444.5900),(222,151,190,1,112,160,570.0900),(223,152,172,1,94,160,614.0900),(224,153,245,1,163,160,566.8900),(225,154,195,1,117,160,574.0900),(226,155,206,1,128,160,474.0900),(227,156,168,1,90,160,608.1900),(228,157,263,1,9,160,515.9900),(229,157,266,1,12,160,505.2900),(230,157,269,1,15,160,490.4900),(231,157,276,1,22,160,500.9900),(232,158,260,1,6,160,517.3900),(233,159,247,1,165,160,566.6900),(234,160,198,1,120,160,573.7900),(235,161,267,1,13,160,237.4900),(236,162,284,1,173,160,527.7900),(237,162,285,1,174,160,538.4900),(238,163,286,1,175,160,603.7900),(239,164,278,1,24,107,318.0700),(240,165,83,2,3,34,57.1500),(241,165,114,2,1,12,21.0000),(242,166,229,3,63,500,1679.6000),(243,167,281,1,27,160,613.9900),(244,168,224,1,146,160,570.0900),(245,169,259,1,5,160,237.9900),(246,170,157,1,79,160,586.7900),(247,170,255,1,1,160,593.1900),(248,170,275,1,21,160,597.6900),(249,170,279,1,25,160,512.8900),(250,171,277,1,23,160,614.1900),(251,172,292,1,35,160,478.1900),(252,173,282,1,28,160,523.8900),(253,173,283,1,29,163,520.1700),(254,173,287,1,30,160,540.5900),(255,174,230,1,150,160,569.2900),(256,175,265,1,11,160,583.2900),(257,176,262,1,8,160,595.8900),(258,177,272,1,18,160,215.2900),(259,178,274,1,20,160,597.0900),(260,179,244,1,162,160,568.8900),(261,180,264,1,10,160,178.6900),(262,181,219,1,141,160,473.6900),(263,181,268,1,14,160,482.0900),(264,181,270,1,16,160,482.1900),(265,181,280,1,26,160,481.3900),(266,182,294,3,3,24,119.6100),(267,183,289,1,32,160,522.1900),(268,183,296,1,37,160,539.2900),(269,183,298,1,39,160,531.5900),(270,183,299,1,40,160,479.6900),(271,184,297,1,38,160,602.8900),(272,185,238,2,4,48,140.1900),(273,186,1,1,213,32,144.0000),(274,187,313,2,2,41,43.6200),(275,188,304,1,45,160,265.4900),(276,189,312,1,53,160,480.5900),(277,190,240,1,158,160,567.3900),(278,191,305,1,46,160,535.7900),(279,191,306,1,47,160,534.8900),(280,191,310,1,51,160,523.1900),(281,192,307,1,48,160,516.3900),(282,192,308,1,49,160,504.5900),(283,192,311,1,52,160,533.9900),(284,193,93,2,18,270,506.3600),(285,194,86,2,40,480,1427.9200),(286,195,273,1,19,151,89.3000),(287,196,235,1,155,160,565.3900),(288,197,257,1,3,160,591.4900),(289,198,314,1,54,160,533.4900),(290,199,164,1,86,160,615.2900),(291,200,302,1,43,160,605.7900),(292,201,294,3,3,18,92.5200),(293,202,320,2,12,180,324.9900),(294,203,336,1,74,122,428.4000),(295,204,313,2,6,87,92.5800),(296,205,335,1,73,158,575.7400),(297,206,315,1,55,160,528.1900),(298,206,317,1,57,160,501.3900),(299,206,318,1,58,160,525.4900),(300,207,243,1,161,47,73.4300),(301,207,290,1,33,160,266.5900),(302,207,324,1,63,160,264.3900),(303,207,332,1,71,160,262.7900),(304,208,4,1,92,160,563.3900),(305,209,295,1,36,160,610.5900),(306,210,326,1,65,160,500.0900),(307,211,301,1,42,160,539.7900),(308,211,303,1,44,160,539.4900),(309,211,328,1,67,160,531.0900),(310,212,333,3,1,18,57.0000),(311,213,271,1,17,160,587.7900),(312,214,316,1,56,160,502.8900),(313,215,291,1,34,160,512.1900),(314,215,348,1,86,160,533.5900),(315,215,349,1,87,160,518.3900),(316,216,343,1,81,121,183.5500),(317,217,309,1,50,160,483.3900),(318,217,319,1,59,160,482.6900),(319,217,329,1,68,160,480.0900),(320,218,256,1,2,160,602.2900),(321,218,258,1,4,160,588.9900),(322,219,330,1,69,160,580.9900),(323,220,357,1,95,64,241.6200),(324,221,322,1,61,129,328.3900),(325,221,323,1,62,160,464.2900),(326,221,337,1,75,160,519.0900),(327,221,339,1,77,160,529.6900),(328,221,355,1,93,160,527.9900),(329,222,294,3,4,42,211.8900),(330,223,294,3,3,42,211.8900),(331,224,26,1,83,160,513.1900),(332,225,351,1,89,94,197.2600),(333,226,359,1,98,160,602.5900),(334,227,331,1,70,201,304.3000),(335,228,238,2,7,84,245.2600),(336,229,363,1,97,160,621.2900),(337,230,342,1,80,50,132.1100),(338,231,364,1,102,160,598.3900),(339,232,107,1,201,54,195.2500),(340,232,108,1,202,40,138.8100),(341,233,371,1,108,160,474.1500),(342,234,358,1,96,73,273.2900),(343,235,325,1,64,160,576.3900),(344,236,350,1,88,160,520.7900),(345,237,321,1,60,160,615.6900),(346,238,294,3,2,24,123.3400),(347,239,62,4,1,365,221.4000),(348,240,380,4,1,414,337.0000),(349,241,384,3,42,504,1321.0800),(350,242,353,1,91,160,529.1900),(351,242,354,1,92,160,532.6900),(352,242,356,1,94,160,527.5900),(353,243,352,1,90,160,516.6900),(354,244,374,2,29,348,1024.8700),(355,245,338,1,76,160,580.5900),(356,246,109,1,203,160,569.0900),(357,247,377,1,113,160,534.4900),(358,247,383,1,118,160,504.5900),(359,247,390,1,121,120,381.4500),(360,248,375,1,111,160,601.3900),(361,249,346,1,84,160,519.7900),(362,250,379,1,115,160,589.2500),(363,251,361,1,100,160,531.1900),(364,251,382,1,117,165,199.9700),(365,251,400,1,129,160,512.0300),(366,252,401,1,130,160,476.8900),(367,253,399,1,128,160,232.0300),(368,254,396,1,125,160,594.1900),(369,254,402,1,131,36,81.5000),(370,254,403,1,132,180,430.4300),(371,254,404,1,133,160,593.9900),(372,255,367,1,104,160,600.2900),(373,255,372,1,109,160,589.3900),(374,255,373,1,110,160,594.2900),(375,255,395,1,124,160,591.2900),(376,256,288,1,31,160,615.4900),(377,257,340,1,78,160,569.9900),(378,258,80,2,1,12,19.6900),(379,258,411,2,7,105,179.3200),(380,259,412,2,58,522,1415.2000),(381,260,408,1,137,178,255.9400),(382,261,360,1,99,160,534.8900),(383,261,406,1,135,160,436.7100),(384,261,407,1,136,160,541.7900),(385,261,409,1,138,160,492.2500),(386,262,294,3,5,60,295.1000),(387,262,366,3,0,0,4.9000),(388,263,344,1,82,160,519.6900),(389,264,392,1,123,160,480.8900),(390,264,410,1,139,160,479.0900),(391,264,415,1,142,160,477.4100),(392,264,426,1,153,160,470.8900),(393,265,334,1,72,160,607.4900),(394,266,434,4,1,443,435.0000),(395,267,435,1,203,95,171.6700),(396,268,88,2,2,30,54.7900),(397,269,23,1,77,160,522.3900),(398,270,369,1,106,160,530.9900),(399,270,370,1,107,160,521.7900),(400,270,378,1,114,160,514.1900),(401,270,417,1,144,160,500.2900),(402,271,423,1,150,160,613.5900),(403,272,427,1,154,160,588.0900),(404,273,86,2,17,204,601.4800),(405,273,293,2,19,228,622.5200),(406,274,405,1,134,160,229.2700),(407,275,443,1,167,160,482.4900),(408,276,21,1,68,160,528.9900),(409,277,414,1,141,160,514.8700),(410,277,425,1,152,105,238.3200),(411,277,433,1,160,160,482.8900),(412,277,439,1,163,160,483.2900),(413,277,440,1,164,160,527.9500),(414,278,432,1,159,160,583.7900),(415,279,442,1,166,160,582.2100),(416,280,366,3,3,21,102.7800),(417,281,366,3,3,21,102.7800),(418,282,428,1,155,160,231.8900),(419,283,397,1,126,160,601.2900),(420,284,22,1,74,160,521.8900),(421,285,413,1,140,160,539.1900),(422,285,416,1,143,160,541.3900),(423,285,444,1,204,160,530.9900),(424,286,431,1,158,160,606.4900),(425,287,441,1,165,160,580.8900),(426,287,451,1,4,160,512.7900),(427,287,452,1,5,150,456.4200),(428,288,449,1,2,160,533.8900),(429,288,456,1,9,160,517.2900),(430,288,457,1,10,160,522.6700),(431,288,460,1,13,160,349.8300),(432,289,466,1,19,160,477.7300),(433,290,381,1,116,114,220.5600),(434,290,420,1,147,154,321.2800),(435,291,366,3,6,72,366.0000),(436,292,28,1,85,159,446.1600),(437,293,461,1,14,196,386.6500),(438,294,327,1,66,160,608.0900),(439,294,464,1,17,160,607.7900),(440,295,362,1,101,160,478.6500),(441,295,458,1,11,160,517.7900),(442,295,462,1,15,160,481.8900),(443,296,473,2,29,348,1024.8700),(444,297,376,1,112,160,589.0900),(445,297,453,1,6,160,594.1900),(446,297,454,1,7,160,599.0900),(447,298,448,1,1,160,584.8900),(448,299,467,1,20,160,612.1900),(449,299,475,1,27,140,379.9600),(450,300,393,2,5,79,145.8000),(451,300,447,2,18,270,510.2800),(452,301,483,2,12,179,304.8100),(453,302,430,1,157,160,241.4900),(454,303,394,2,3,36,59.4000),(455,304,142,2,8,124,195.9900),(456,304,446,2,2,26,58.0100),(457,305,476,1,28,100,205.9500),(458,306,422,1,149,160,522.8900),(459,306,424,1,151,161,415.1200),(460,306,450,1,3,160,526.3900),(461,307,472,1,25,179,439.5000),(462,308,459,1,12,160,529.0900),(463,308,465,1,18,160,528.6900),(464,308,479,1,31,160,547.2900),(465,308,481,1,33,160,529.3900),(466,309,437,1,161,160,584.3900),(467,310,429,1,156,175,191.6400),(468,311,470,1,23,160,609.0900),(469,311,493,1,42,160,627.3900),(470,311,494,1,43,160,619.4900),(471,312,480,1,32,160,540.9900),(472,312,489,1,38,160,482.1900),(473,312,491,1,40,160,540.9900),(474,312,502,1,51,13,39.4500),(475,313,500,1,49,170,423.4600),(476,314,486,1,35,160,535.7900),(477,314,487,1,36,160,537.2900),(478,314,488,1,37,160,521.3900),(479,314,490,1,39,83,264.7900),(480,315,388,1,119,160,591.5300),(481,315,389,1,120,160,594.8900),(482,316,347,1,85,160,579.5900),(483,316,438,1,162,160,585.5900),(484,317,469,1,22,139,269.3900),(485,317,497,1,46,160,285.1900),(486,317,504,1,53,74,120.8200),(487,318,421,1,148,160,231.3900),(488,319,366,3,4,48,242.8000),(489,320,345,1,83,160,571.1900),(490,321,463,1,16,49,58.2800),(491,322,368,1,105,160,591.8900),(492,322,391,1,122,160,592.0900),(493,322,398,1,127,160,604.1900),(494,322,455,1,8,150,526.1200),(495,323,484,3,42,504,1284.6200),(496,324,492,1,41,160,528.3900),(497,325,495,1,44,160,524.5900),(498,325,506,1,55,160,532.1900),(499,325,507,1,56,160,513.8900),(500,326,366,3,2,24,121.4000),(501,327,366,3,2,24,121.4000),(502,328,418,1,145,160,233.6300),(503,329,365,1,103,160,602.4900),(504,330,471,1,24,160,535.8900),(505,331,496,1,45,160,538.1900),(506,331,498,1,47,160,531.7900),(507,331,499,1,48,160,511.9900),(508,332,526,3,5,30,130.1100),(509,332,366,3,0,0,19.7900),(510,333,412,2,28,252,606.8000),(511,333,445,2,0,0,17.4900),(512,334,515,2,5,60,171.9300),(513,335,501,1,50,160,485.6900),(514,335,513,1,62,160,487.5900),(515,335,529,1,75,160,504.9900),(516,336,300,1,41,160,483.6900),(517,337,522,1,69,131,213.5900),(518,338,505,1,54,160,617.7900),(519,339,96,2,3,33,79.4600),(520,339,818,4,0,100,230.5400),(521,340,482,2,39,468,1396.8100),(522,340,516,2,5,60,123.3100),(523,341,446,2,6,90,135.9600),(524,342,531,1,77,115,313.4900),(525,342,536,1,82,160,574.9900),(526,343,468,1,21,160,639.6900),(527,343,478,1,30,160,530.6900),(528,343,520,1,67,160,501.2900),(529,344,477,1,29,160,535.3900),(530,344,508,1,57,160,527.2900),(531,344,510,1,59,114,354.2900),(532,344,514,1,63,160,531.3900),(533,345,535,1,81,76,247.2400),(534,346,485,1,34,160,527.4900),(535,346,503,1,52,21,56.2000),(536,347,261,1,7,160,481.9900),(537,347,541,1,85,85,271.0200),(538,348,528,1,74,160,593.4900),(539,349,525,1,72,160,531.9900),(540,349,533,1,79,160,532.4900),(541,349,543,1,87,160,528.1900),(542,349,544,1,88,160,514.8900),(543,350,542,1,86,160,576.6900),(544,351,549,1,93,160,517.6900),(545,351,553,1,97,160,528.2900),(546,351,554,1,98,160,511.1900),(547,352,534,1,80,160,542.6900),(548,353,558,1,102,160,581.4900),(549,354,526,3,3,36,183.0000),(550,355,526,3,3,36,183.0000),(551,356,545,1,89,160,327.8900),(552,356,568,1,111,67,159.8300),(553,356,569,1,112,160,363.0900),(554,357,560,1,104,160,579.8900),(555,358,526,3,4,48,240.0000),(556,359,566,1,109,176,512.1200),(557,360,565,1,108,160,501.8900),(558,360,588,1,130,160,257.5900),(559,361,517,1,64,160,605.9900),(560,362,580,1,122,160,538.7900),(561,362,586,1,128,160,535.1900),(562,362,587,1,129,160,533.9300),(563,363,521,1,68,130,282.2200),(564,363,574,1,116,160,604.8900),(565,363,576,1,118,160,597.3900),(566,364,97,2,17,272,588.0000),(567,365,445,2,44,396,980.8900),(568,366,99,2,5,72,86.0000),(569,367,99,2,0,0,64.4000),(570,367,562,3,12,216,524.2000),(571,368,581,1,123,160,391.4900),(572,369,474,1,26,86,231.5400),(573,369,519,1,66,57,181.2300),(574,369,532,1,78,94,245.5900),(575,370,524,1,71,160,592.2900),(576,370,530,1,76,49,19.9200),(577,371,419,1,146,160,230.4900),(578,372,527,1,73,166,471.0500),(579,372,567,1,110,160,596.3900),(580,372,573,1,115,160,598.9900),(581,373,556,1,100,165,311.4300),(582,374,559,1,103,160,531.5900),(583,375,564,1,107,139,453.3900),(584,376,561,1,105,160,525.2900),(585,376,570,1,113,160,531.8900),(586,376,572,1,114,160,538.3900),(587,377,589,1,131,71,115.7400),(588,378,577,1,119,123,433.8000),(589,379,563,1,106,160,581.2900),(590,380,509,1,58,160,621.3900),(591,381,515,2,4,48,216.0000),(592,382,571,3,42,504,1292.9800),(593,383,526,3,1,12,33.9900),(594,384,387,1,0,0,81.2000),(595,385,593,1,135,160,540.2900),(596,385,597,1,139,160,530.6900),(597,385,598,1,140,160,536.6900),(598,385,602,1,144,198,326.7900),(599,386,607,1,149,105,185.7500),(600,387,550,1,94,160,525.7900),(601,388,557,1,101,160,581.0900),(602,389,606,1,148,160,356.1100),(603,390,523,1,70,160,622.6900),(604,391,594,1,136,160,533.4900),(605,391,596,1,138,160,548.0900),(606,391,605,1,147,160,545.9900),(607,391,609,1,151,160,533.0900),(608,392,537,2,10,157,228.3600),(609,393,540,1,84,160,516.6900),(610,394,615,1,157,160,630.1900),(611,395,579,1,121,160,605.0900),(612,395,584,1,126,160,606.2900),(613,395,585,1,127,160,605.8900),(614,395,591,1,133,160,606.2900),(615,395,599,1,141,75,129.6200),(616,396,611,1,153,91,61.7800),(617,396,612,1,154,160,526.3900),(618,396,613,1,155,160,560.3900),(619,397,526,3,4,48,280.2500),(620,398,617,1,160,160,277.0900),(621,399,616,1,158,160,542.7900),(622,399,618,1,161,160,545.6900),(623,399,620,1,163,160,525.3900),(624,400,600,1,142,206,512.9300),(625,401,2,1,200,64,134.4000),(626,401,60,1,200,40,91.6000),(627,402,625,1,168,160,485.0900),(628,402,628,1,171,160,531.8900),(629,403,627,1,170,160,537.2900),(630,404,622,1,165,160,371.9900),(631,405,595,1,137,160,287.1900),(632,405,626,1,169,160,283.2900),(633,406,604,1,146,160,508.1900),(634,406,610,1,152,161,483.2200),(635,406,619,1,162,160,494.2900),(636,406,629,1,172,160,446.9900),(637,407,538,2,20,300,578.5300),(638,408,641,3,3,144,78.8000),(639,409,642,1,184,153,293.9100),(640,410,445,2,46,414,1025.4700),(641,411,639,1,182,160,515.2900),(642,412,603,1,145,131,281.5800),(643,412,640,1,183,160,446.2900),(644,413,608,1,150,160,563.5900),(645,414,590,1,132,160,608.1900),(646,415,546,1,90,160,530.7900),(647,416,515,2,6,72,127.8700),(648,417,621,1,164,160,522.3900),(649,417,624,1,167,22,80.3900),(650,417,638,1,181,92,317.4300),(651,417,653,1,159,160,604.8900),(652,418,551,1,95,160,577.7900),(653,419,512,1,61,161,336.1200),(654,419,552,1,96,160,516.4900),(655,420,657,1,14,160,598.8900),(656,421,633,1,176,160,269.2900),(657,422,659,1,185,40,56.4400),(658,423,632,1,175,160,513.5900),(659,423,636,1,179,160,515.0900),(660,423,648,1,6,160,523.1900),(661,424,583,1,125,160,601.9900),(662,424,650,1,8,160,602.9900),(663,424,651,1,9,160,600.1900),(664,424,660,1,16,160,604.1900),(665,425,539,1,83,160,576.5900),(666,426,656,1,13,160,534.3900),(667,427,518,1,65,147,252.5800),(668,428,631,1,174,136,411.4100),(669,429,547,1,91,160,577.3900),(670,430,575,1,117,160,448.2900),(671,431,668,1,24,169,500.5300),(672,432,634,1,177,160,519.5900),(673,432,635,1,178,160,523.7900),(674,432,652,1,10,160,502.9900),(675,432,655,1,12,59,154.9500),(676,433,671,2,3,147,88.2000),(677,434,670,2,3,118,87.8000),(678,435,665,1,21,160,266.2900),(679,436,578,1,120,160,632.4900),(680,437,582,1,124,160,604.5900),(681,438,649,1,7,160,455.1900),(682,438,658,1,15,160,436.8900),(683,438,666,1,22,160,438.6900),(684,439,630,1,173,160,533.4900),(685,440,637,1,180,194,174.6500),(686,441,661,1,17,160,601.2900),(687,441,662,1,18,160,607.6900),(688,441,663,1,19,160,527.6900),(689,442,664,1,20,160,540.4900),(690,442,669,1,25,160,528.9900),(691,442,677,1,31,160,551.0900),(692,443,679,3,3,36,182.9100),(693,444,679,3,4,48,245.2200),(694,445,645,1,3,157,247.6200),(695,445,685,1,39,112,345.2000),(696,446,681,1,34,160,331.0900),(697,447,675,1,29,160,511.4900),(698,448,646,1,4,160,552.6900),(699,449,548,1,92,160,578.6900),(700,450,688,1,41,148,387.0400),(701,451,670,2,1,11,14.0000),(702,452,647,1,5,24,75.4500),(703,453,293,2,32,384,1071.9900),(704,454,682,1,35,173,498.5400),(705,455,691,1,42,160,578.8900),(706,456,680,1,33,160,529.9900),(707,456,689,1,38,160,535.0900),(708,456,693,1,44,160,536.7900),(709,457,445,2,44,396,981.9500),(710,458,654,1,11,160,537.2900),(711,459,699,1,50,160,509.2900),(712,460,446,2,8,124,231.5900),(713,460,537,2,1,8,52.6700),(714,461,79,2,1,6,10.9000),(715,462,100,2,1,278,44.4100),(716,463,818,4,1,116,289.6000),(717,464,679,3,1,6,30.6400),(718,465,555,1,99,180,410.1300),(719,465,678,1,32,160,423.2900),(720,465,694,1,45,160,405.7900),(721,466,674,1,26,160,515.4900),(722,467,511,1,60,158,186.1200),(723,467,592,1,134,169,451.2500),(724,467,601,1,143,30,80.8400),(725,467,643,1,1,162,322.0800),(726,468,697,1,48,14,45.7800),(727,469,95,1,0,0,2.4000),(728,470,81,2,4,30,0.0000),(729,471,711,1,62,146,562.1100),(730,472,679,3,4,42,212.3500),(731,473,516,2,1,12,32.4800),(732,474,698,1,49,160,337.1900),(733,475,721,1,66,160,612.3900),(734,476,707,1,58,66,181.1700),(735,477,516,2,6,62,169.4700),(736,478,723,1,68,160,327.3900),(737,479,726,3,1,21,30.9000),(738,480,726,3,1,29,41.2000),(739,481,726,3,1,20,29.5000),(740,482,728,1,69,136,525.2100),(741,483,692,1,43,160,513.7900),(742,484,683,1,36,110,310.2500),(743,485,706,1,57,160,473.6900),(744,486,710,1,61,121,155.3500),(745,487,679,3,2,24,125.1400),(746,488,690,3,37,444,1163.6500),(747,489,719,1,64,160,538.4900),(748,489,734,1,75,160,531.2900),(749,489,735,1,76,160,535.3900),(750,490,673,1,28,160,606.5900),(751,490,729,1,70,20,45.6700),(752,490,731,1,72,160,596.7900),(753,491,744,1,86,160,410.4900),(754,492,686,2,58,522,1403.7000),(755,493,740,1,82,160,529.1900),(756,493,741,1,83,160,528.0900),(757,493,742,1,84,160,531.3900),(758,494,676,1,30,160,602.4900),(759,494,730,1,71,176,469.6200),(760,495,686,2,40,360,917.8100),(761,496,708,1,59,160,530.2900),(762,496,747,1,88,160,526.3900),(763,496,748,1,89,160,537.8900),(764,496,749,1,90,160,539.3900),(765,497,667,1,23,160,591.7900),(766,497,672,1,27,160,598.6900),(767,497,732,1,73,160,594.2900),(768,498,753,1,94,54,118.4500),(769,499,762,2,8,120,184.9400),(770,500,760,1,101,160,336.6900),(771,501,751,1,92,160,615.2900),(772,502,702,1,53,172,459.5100),(773,503,757,1,98,160,532.1900),(774,503,758,1,99,160,526.5900),(775,503,759,1,100,160,537.0900),(776,504,679,3,6,54,271.3200),(777,504,763,3,0,0,0.7000),(778,505,754,1,95,160,400.2900),(779,506,720,1,65,160,595.3900),(780,507,695,1,46,160,583.0900),(781,508,763,3,4,24,122.5600),(782,509,516,2,2,24,102.3400),(783,510,768,1,106,160,593.5900),(784,511,736,1,78,69,267.8800),(785,511,765,1,103,13,29.3500),(786,512,686,2,13,117,298.2900),(787,512,784,2,31,279,775.3100),(788,513,777,1,115,160,537.5900),(789,513,778,1,116,160,545.1900),(790,513,786,1,123,160,543.6900),(791,513,787,1,124,160,533.3300),(792,514,750,1,91,160,341.0900),(793,514,775,1,113,160,357.3900),(794,514,791,1,128,160,370.8700),(795,515,788,1,125,160,597.6500),(796,516,746,1,87,160,616.6900),(797,517,703,1,54,160,582.0900),(798,518,722,1,67,160,593.7900),(799,519,783,1,121,160,405.3500),(800,520,792,1,129,80,237.9500),(801,521,763,3,1,6,30.1400),(802,522,704,1,55,160,541.9900),(803,522,739,1,81,161,535.6200),(804,522,743,1,85,160,538.6900),(805,523,800,1,1,70,234.6800),(806,524,709,1,60,160,411.8900),(807,524,733,1,74,160,410.4900),(808,524,772,1,110,160,411.3900),(809,525,701,1,52,160,261.2900),(810,526,763,3,1,12,61.8700),(811,527,789,1,126,160,494.0500),(812,528,763,3,4,48,245.8800),(813,529,614,1,156,160,278.3500),(814,530,737,1,79,160,620.5900),(815,531,805,1,134,160,496.5300),(816,532,814,1,143,163,417.8700),(817,533,817,1,2904,41,130.0000),(818,534,61,4,1,83,169.0000),(819,535,795,4,1,232,287.0000),(820,536,806,1,135,160,547.6900),(821,536,813,1,142,160,529.6300),(822,536,815,1,144,160,535.1900),(823,537,738,1,80,160,619.5900),(824,537,745,1,77,160,616.5900),(825,537,756,1,97,160,619.1900),(826,538,790,1,127,160,597.5100),(827,539,718,1,63,160,590.1900),(828,539,779,1,117,160,590.2900),(829,539,785,1,122,160,602.5300),(830,539,816,1,145,48,151.9300),(831,540,767,1,105,160,525.4900),(832,540,769,1,107,160,533.3900),(833,540,770,1,108,160,550.3900),(834,540,812,1,141,131,363.4200),(835,541,516,2,1,9,63.7400),(836,542,623,1,166,160,276.0900),(837,543,644,1,2,163,503.1700),(838,544,684,1,37,176,534.4200),(839,545,763,3,2,24,126.0400),(840,546,829,1,153,160,415.5900),(841,547,700,1,51,160,590.1900),(842,548,819,1,146,160,480.8800),(843,548,837,1,3,19,56.4100),(844,549,781,1,119,160,603.3900),(845,550,705,1,56,160,562.2900),(846,551,802,1,131,160,407.2900),(847,552,752,1,93,184,390.5700),(848,552,835,1,1,160,538.8900),(849,552,838,1,4,160,532.5900),(850,552,839,1,5,160,560.4700),(851,553,763,3,1,12,123.9400),(852,554,766,1,104,128,394.3000),(853,555,774,1,112,160,599.8700),(854,555,776,1,114,160,591.2900),(855,555,782,1,120,160,601.6900),(856,556,803,1,132,160,532.2100),(857,556,840,1,6,160,544.7900),(858,556,844,1,10,160,558.3500),(859,557,780,1,118,160,496.4500),(860,558,796,4,1,175,254.0000),(861,559,856,3,37,444,1159.1800),(862,560,808,1,137,160,404.8900),(863,560,831,1,155,160,411.3900),(864,560,845,1,11,160,411.7900),(865,561,853,1,19,160,410.9900),(866,562,843,1,9,77,204.1000),(867,563,516,2,8,96,253.9400),(868,563,797,4,1,504,426.0000),(869,564,771,1,109,160,596.2900),(870,565,795,4,1,294,463.0000),(871,566,763,3,1,12,60.7700),(872,567,864,1,27,167,286.5400),(873,568,847,1,13,151,574.8500),(874,569,863,1,26,160,340.4900),(875,570,773,1,111,160,490.7300),(876,571,801,1,130,160,532.1900),(877,571,810,1,139,160,593.8600),(878,571,811,1,140,160,597.0600),(879,572,763,3,3,36,155.8900),(880,573,763,3,2,24,103.9300),(881,574,687,1,40,160,583.1900),(882,574,696,1,47,160,583.4900),(883,575,820,1,147,160,544.4300),(884,575,830,1,154,160,555.9900),(885,575,833,1,157,160,556.4900),(886,576,872,1,34,112,231.0000),(887,577,870,1,32,160,540.5900),(888,578,866,1,29,142,156.5100),(889,579,868,1,31,160,409.2100),(890,580,784,2,13,117,294.9700),(891,581,809,1,138,160,583.6600),(892,582,807,1,136,160,539.3900),(893,583,804,1,133,160,543.1500),(894,583,823,1,151,160,545.3500),(895,583,834,1,148,160,542.9800),(896,583,854,1,20,160,548.4500),(897,583,867,1,30,160,553.3700),(898,583,874,1,36,160,549.7900),(899,584,882,1,44,126,170.6100),(900,585,763,3,1,12,51.9800),(901,586,858,2,11,165,307.0200),(902,587,887,1,49,160,587.1900),(903,588,876,1,38,97,310.1400),(904,589,848,1,14,161,539.0200),(905,590,851,1,17,160,302.1900),(906,591,896,1,57,160,589.3900),(907,592,865,1,28,160,421.7100),(908,592,893,1,54,160,417.4900),(909,593,899,3,4,48,244.3800),(910,594,869,2,25,225,567.2400),(911,595,897,1,59,160,589.8900),(912,596,842,1,8,156,452.0500),(913,597,799,4,2,750,680.0000),(914,598,857,2,22,264,755.8600),(915,599,884,1,46,160,407.6900),(916,599,895,1,56,160,409.8900),(917,600,764,1,102,176,584.0200),(918,601,898,1,58,160,539.9700),(919,602,894,1,55,160,588.1900),(920,603,904,1,64,38,119.1300),(921,604,908,1,68,160,407.4900),(922,605,755,1,96,160,611.9900),(923,606,98,2,1,28,19.9000),(924,607,98,2,6,87,83.7000),(925,608,880,1,42,160,533.4900),(926,609,878,1,40,160,594.0900),(927,610,913,1,73,160,421.3900),(928,611,852,1,18,160,557.2900),(929,611,859,1,22,160,551.5900),(930,611,862,1,25,160,528.0900),(931,611,885,1,47,160,571.2900),(932,611,886,1,48,160,551.7900),(933,611,890,1,52,160,540.9900),(934,611,903,1,63,160,542.3900),(935,612,879,1,41,70,216.3100),(936,613,849,1,15,160,546.9900),(937,614,917,1,77,160,613.3900),(938,615,921,1,81,160,410.3500),(939,616,905,1,65,192,547.7100),(940,617,919,1,79,160,594.7900),(941,618,914,1,74,160,333.3900),(942,619,888,1,50,160,590.0900),(943,619,889,1,51,160,590.0900),(944,619,906,1,66,160,589.0500),(945,620,899,3,2,18,90.2100),(946,621,892,4,1,504,426.0000),(947,622,899,3,2,12,59.2800),(948,623,869,2,25,225,567.2400),(949,624,899,3,2,24,118.5700),(950,625,850,1,16,160,542.4300),(951,625,861,1,24,164,506.7000),(952,625,902,1,62,160,552.4500),(953,626,855,1,21,160,613.6300),(954,626,860,1,23,160,611.1900),(955,627,869,2,0,0,55.2200),(956,627,784,2,44,396,943.1200),(957,628,881,1,43,160,582.3900),(958,629,934,1,94,160,596.1500),(959,630,899,3,2,12,61.2800),(960,631,761,2,3,36,102.8200),(961,632,877,1,39,160,585.3900),(962,633,931,1,91,160,424.6900),(963,634,932,1,92,160,412.2500),(964,635,828,1,152,160,299.2900),(965,636,832,1,156,160,484.0700),(966,637,944,1,104,160,545.2300),(967,637,945,1,105,160,555.4600),(968,637,947,1,107,160,553.8000),(969,637,948,1,108,160,550.8000),(970,638,936,1,96,160,585.6900),(971,639,875,1,37,160,584.8900),(972,639,946,1,106,160,593.8600),(973,639,949,1,109,160,598.4000),(974,640,942,1,102,160,554.4600),(975,640,943,1,103,160,553.1000),(976,640,956,1,116,160,559.0900),(977,641,341,1,79,165,459.9300),(978,642,899,3,2,24,120.1400),(979,643,941,1,101,160,414.7600),(980,643,957,1,117,160,414.2500),(981,643,961,1,121,161,444.8400),(982,644,822,1,150,160,483.9900),(983,645,967,1,127,117,384.4600),(984,646,930,1,90,160,594.2900),(985,646,940,1,100,111,454.5400),(986,647,925,1,85,160,599.6900),(987,647,938,1,98,160,566.6900),(988,647,939,1,99,160,561.9600),(989,648,716,3,1,43,32.3000),(990,648,717,3,4,149,92.0000),(991,648,826,3,1,37,19.0000),(992,649,962,1,122,160,431.6900),(993,650,970,1,130,160,553.0900),(994,651,873,1,35,160,576.7900),(995,652,821,1,149,160,542.4900),(996,652,958,1,118,160,553.9000),(997,652,959,1,119,160,547.4400),(998,652,963,1,123,160,551.7900),(999,653,98,2,1,17,11.8000),(1000,654,979,2,43,387,1009.3000),(1001,655,798,4,1,115,112.0000),(1002,656,951,1,111,173,574.5400),(1003,656,952,1,112,13,29.6500),(1004,657,981,1,201,507,152.0000),(1005,658,983,1,202,250,85.0000),(1006,659,98,2,4,65,29.8400),(1007,659,727,2,0,29,36.6600),(1008,660,827,2,1,4,3.9000),(1009,661,980,1,110,8,31.2000),(1010,662,891,1,53,160,548.8900),(1011,662,915,1,75,160,544.8500),(1012,662,916,1,76,160,559.2500),(1013,663,883,1,45,160,544.8300),(1014,663,907,1,67,160,553.9100),(1015,663,924,1,84,161,559.9900),(1016,664,923,1,83,160,592.1900),(1017,665,982,1,139,160,419.4900),(1018,666,918,1,78,160,595.7900),(1019,667,761,2,6,72,208.1000),(1020,668,98,2,2,75,34.7100),(1021,669,920,1,80,160,563.7400),(1022,669,922,1,82,160,546.2900),(1023,669,965,1,125,160,560.3300),(1024,669,966,1,126,160,548.3900),(1025,670,871,1,33,160,593.0900),(1026,671,984,1,141,160,562.7400),(1027,672,712,2,17,270,441.5800),(1028,672,793,4,0,0,48.4200),(1029,673,997,1,153,160,470.4900),(1030,674,974,1,135,160,465.0900),(1031,674,976,1,136,160,465.5900),(1032,674,987,1,144,160,467.4900),(1033,675,998,2,45,405,1015.2000),(1034,676,999,2,22,330,613.6400),(1035,677,1000,2,16,240,438.1100),(1036,678,909,1,69,160,591.5900),(1037,678,911,1,71,160,593.6900),(1038,678,912,1,72,160,592.4900),(1039,678,927,1,87,160,596.8900),(1040,679,977,1,137,160,549.3900),(1041,680,969,1,129,160,414.0900),(1042,681,985,1,142,160,548.0900),(1043,681,994,1,150,160,552.8500),(1044,681,995,1,151,160,556.5900),(1045,682,793,4,1,88,95.5000),(1046,683,996,1,152,160,414.7900),(1047,684,1005,1,158,160,421.8900),(1048,685,926,1,86,160,594.7000),(1049,686,991,1,148,160,545.1900),(1050,687,900,1,60,160,592.0900),(1051,687,901,1,61,161,592.4800),(1052,687,933,1,93,160,590.8500),(1053,688,1008,1,3,160,466.2900),(1054,689,825,2,3,43,76.8000),(1055,690,1013,1,601,550,224.0000),(1056,691,1024,2,12,180,338.0900),(1057,692,1023,2,11,161,275.1100),(1058,693,899,3,1,12,61.4700),(1059,694,846,1,12,160,612.1900),(1060,695,972,1,133,160,548.8900),(1061,695,973,1,134,160,545.1900),(1062,695,1002,1,155,160,546.0000),(1063,695,1003,1,156,160,554.0900),(1064,696,935,1,95,168,638.4100),(1065,697,1019,1,14,32,75.3900),(1066,698,1017,1,12,160,463.9900),(1067,699,937,1,97,160,592.5900),(1068,700,1014,1,9,160,421.8900),(1069,701,954,1,114,171,537.1900),(1070,702,971,1,132,160,550.4500),(1071,702,990,1,147,160,564.9600),(1072,702,1011,1,6,160,533.6900),(1073,703,960,1,120,153,573.4500),(1074,704,929,1,89,160,598.4300),(1075,705,978,1,138,160,560.3900),(1076,706,1010,1,5,160,539.7900),(1077,706,1018,1,13,160,538.3900),(1078,706,1022,1,17,160,548.6900),(1079,707,992,1,203,117,211.8400),(1080,708,988,1,145,160,549.2900),(1081,709,1020,1,15,81,190.9100),(1082,710,1026,1,18,160,439.6900),(1083,711,950,1,110,152,576.6600),(1084,712,1028,3,2,24,121.9400),(1085,713,1036,1,25,66,187.5000),(1086,714,1039,1,28,160,591.4900),(1087,715,1032,1,21,160,551.2900),(1088,715,1038,1,27,160,548.3900),(1089,715,1041,1,30,160,549.0900),(1090,716,1025,1,7,160,465.2900),(1091,716,1033,1,22,160,461.1900),(1092,716,1040,1,29,160,456.0900),(1093,717,1037,1,26,144,373.5300),(1094,718,953,1,113,162,606.8400),(1095,719,910,1,70,160,608.5900),(1096,719,928,1,88,160,612.1300),(1097,720,1031,1,20,160,596.1900),(1098,720,1034,1,23,160,591.0900),(1099,720,1035,1,24,160,599.2900),(1100,721,761,2,6,72,208.8100),(1101,722,1029,3,10,120,385.0000),(1102,723,95,2,4,127,90.3000),(1103,724,81,2,6,59,151.1800),(1104,724,141,2,1,13,13.0000),(1105,724,714,2,1,6,6.0000),(1106,724,724,2,2,17,39.0000),(1107,725,836,1,2,160,481.9900),(1108,726,1007,1,2,160,546.8900),(1109,726,1009,1,4,160,541.5900),(1110,726,1012,1,8,160,546.5900),(1111,726,1043,1,32,160,544.5900),(1112,727,1027,1,19,100,199.8800),(1113,728,899,3,1,6,30.5400),(1114,729,1050,2,14,168,544.6400),(1115,730,1052,2,2,44,35.0000),(1116,731,1051,2,2,84,64.3000),(1117,732,1049,2,8,120,226.2900),(1118,733,1015,1,10,160,595.0900),(1119,733,1054,5,0,1191,4018.7800),(1120,734,1055,5,0,480,1069.3500),(1121,734,1067,1,45,160,453.3900),(1122,735,1016,1,11,160,582.5700),(1123,735,1021,1,16,160,592.5900),(1124,735,1056,5,0,1010,3410.0000),(1125,735,1057,5,0,181,608.7800),(1126,736,1058,5,0,407,907.3000),(1127,736,1059,5,0,73,162.0500),(1128,736,1068,1,46,160,618.6900),(1129,737,841,1,7,160,303.0900),(1130,738,1044,1,33,160,457.7900),(1131,739,1047,1,36,160,610.0900),(1132,740,975,1,131,160,338.8600),(1133,741,1046,1,35,160,593.3900),(1134,741,1060,1,38,160,592.5900),(1135,741,1061,1,39,160,583.4900),(1136,741,1062,1,40,160,590.4900),(1137,742,1028,3,20,210,1055.6500),(1138,743,1030,2,4,128,94.7000);
/*!40000 ALTER TABLE `salidash_detalle` ENABLE KEYS */;
UNLOCK TABLES;

--
-- Table structure for table `usuarios`
--

DROP TABLE IF EXISTS `usuarios`;
/*!40101 SET @saved_cs_client     = @@character_set_client */;
/*!40101 SET character_set_client = utf8 */;
CREATE TABLE `usuarios` (
  `idusuario` int(11) NOT NULL AUTO_INCREMENT,
  `usuario` varchar(20) COLLATE utf8_spanish2_ci NOT NULL,
  `password` varchar(32) COLLATE utf8_spanish2_ci NOT NULL,
  `num_emp` int(11) NOT NULL,
  `nombre` varchar(45) COLLATE utf8_spanish2_ci NOT NULL,
  `apaterno` varchar(45) COLLATE utf8_spanish2_ci NOT NULL,
  `amaterno` varchar(45) COLLATE utf8_spanish2_ci NOT NULL,
  PRIMARY KEY (`idusuario`),
  KEY `supervisor` (`num_emp`)
) ENGINE=InnoDB AUTO_INCREMENT=4 DEFAULT CHARSET=utf8 COLLATE=utf8_spanish2_ci;
/*!40101 SET character_set_client = @saved_cs_client */;

--
-- Dumping data for table `usuarios`
--

LOCK TABLES `usuarios` WRITE;
/*!40000 ALTER TABLE `usuarios` DISABLE KEYS */;
INSERT INTO `usuarios` VALUES (1,'ADORANTES','c8dfece5cc68249206e4690fc4737a8d',2341,'ANTONIO','DORANTES','FONZ'),(2,'APEREZ','cfcd208495d565ef66e7dff9f98764da',2336,'ARTURO','PEREZ','SANCHEZ'),(3,'ACHAVEZ','37693cfc748049e45d87b8c7d8b9aacd',2346,'ALFREDO ALEJANDRO','CHAVEZ','GUERRERO');
/*!40000 ALTER TABLE `usuarios` ENABLE KEYS */;
UNLOCK TABLES;

--
-- Table structure for table `vale_entrada`
--

DROP TABLE IF EXISTS `vale_entrada`;
/*!40101 SET @saved_cs_client     = @@character_set_client */;
/*!40101 SET character_set_client = utf8 */;
CREATE TABLE `vale_entrada` (
  `idvale_entrada` int(11) NOT NULL AUTO_INCREMENT,
  `idvale` int(11) NOT NULL,
  `id_entrada` int(11) NOT NULL,
  `presenta` int(11) NOT NULL,
  `presenta_cant` int(11) NOT NULL,
  `Bobinas` int(11) NOT NULL,
  `kilos` decimal(15,4) NOT NULL,
  PRIMARY KEY (`idvale_entrada`),
  KEY `FK_idvale_idx` (`idvale`),
  KEY `FK_presenta_idx` (`presenta`),
  KEY `FK_id_entrada_idx` (`id_entrada`),
  CONSTRAINT `FK_id_entrada` FOREIGN KEY (`id_entrada`) REFERENCES `entradash` (`identradash`) ON DELETE NO ACTION ON UPDATE NO ACTION,
  CONSTRAINT `FK_idvale` FOREIGN KEY (`idvale`) REFERENCES `vale_hilo` (`idvale_hilo`) ON DELETE NO ACTION ON UPDATE NO ACTION,
  CONSTRAINT `FK_presenta` FOREIGN KEY (`presenta`) REFERENCES `presentacion` (`idpresentacion`) ON DELETE NO ACTION ON UPDATE NO ACTION
) ENGINE=InnoDB DEFAULT CHARSET=utf8 COLLATE=utf8_spanish2_ci;
/*!40101 SET character_set_client = @saved_cs_client */;

--
-- Dumping data for table `vale_entrada`
--

LOCK TABLES `vale_entrada` WRITE;
/*!40000 ALTER TABLE `vale_entrada` DISABLE KEYS */;
/*!40000 ALTER TABLE `vale_entrada` ENABLE KEYS */;
UNLOCK TABLES;

--
-- Table structure for table `vale_hilo`
--

DROP TABLE IF EXISTS `vale_hilo`;
/*!40101 SET @saved_cs_client     = @@character_set_client */;
/*!40101 SET character_set_client = utf8 */;
CREATE TABLE `vale_hilo` (
  `idvale_hilo` int(11) NOT NULL AUTO_INCREMENT,
  `supervisor` int(11) NOT NULL,
  `fecha` date NOT NULL,
  `hora` datetime NOT NULL DEFAULT CURRENT_TIMESTAMP,
  `turno` tinyint(4) NOT NULL DEFAULT '1',
  `estado` tinyint(4) NOT NULL DEFAULT '-1',
  `hilo` decimal(5,2) NOT NULL,
  PRIMARY KEY (`idvale_hilo`),
  KEY `fk_vale_hilo_idx` (`hilo`),
  KEY `fk_vale_super_idx` (`supervisor`),
  CONSTRAINT `fk_vale_hilo` FOREIGN KEY (`hilo`) REFERENCES `articulo` (`hilo`) ON DELETE NO ACTION ON UPDATE NO ACTION,
  CONSTRAINT `fk_vale_super` FOREIGN KEY (`supervisor`) REFERENCES `usuarios` (`num_emp`) ON DELETE NO ACTION ON UPDATE NO ACTION
) ENGINE=InnoDB DEFAULT CHARSET=utf8 COLLATE=utf8_spanish2_ci COMMENT='Almacena todos los vales de hilo realizados';
/*!40101 SET character_set_client = @saved_cs_client */;

--
-- Dumping data for table `vale_hilo`
--

LOCK TABLES `vale_hilo` WRITE;
/*!40000 ALTER TABLE `vale_hilo` DISABLE KEYS */;
/*!40000 ALTER TABLE `vale_hilo` ENABLE KEYS */;
UNLOCK TABLES;

--
-- Table structure for table `vale_hilo_detalle`
--

DROP TABLE IF EXISTS `vale_hilo_detalle`;
/*!40101 SET @saved_cs_client     = @@character_set_client */;
/*!40101 SET character_set_client = utf8 */;
CREATE TABLE `vale_hilo_detalle` (
  `idvale_hilo_detalle` int(11) NOT NULL AUTO_INCREMENT,
  `Bobinas` int(11) NOT NULL,
  `kilos` decimal(15,4) NOT NULL,
  `destino` int(11) NOT NULL,
  `tela` varchar(15) COLLATE utf8_spanish2_ci DEFAULT NULL,
  `idvale_hilo` int(11) NOT NULL,
  PRIMARY KEY (`idvale_hilo_detalle`),
  KEY `FK_id_valehilo_idx` (`idvale_hilo`),
  KEY `FK_valehilodestino_idx` (`destino`),
  CONSTRAINT `FK_id_valehilo` FOREIGN KEY (`idvale_hilo`) REFERENCES `vale_hilo` (`idvale_hilo`) ON DELETE NO ACTION ON UPDATE NO ACTION,
  CONSTRAINT `FK_valehilodestino` FOREIGN KEY (`destino`) REFERENCES `origen` (`idorigen`) ON DELETE NO ACTION ON UPDATE NO ACTION
) ENGINE=InnoDB DEFAULT CHARSET=utf8 COLLATE=utf8_spanish2_ci COMMENT='Guarda la informacion detallada del vale de hilo';
/*!40101 SET character_set_client = @saved_cs_client */;

--
-- Dumping data for table `vale_hilo_detalle`
--

LOCK TABLES `vale_hilo_detalle` WRITE;
/*!40000 ALTER TABLE `vale_hilo_detalle` DISABLE KEYS */;
/*!40000 ALTER TABLE `vale_hilo_detalle` ENABLE KEYS */;
UNLOCK TABLES;

--
-- Table structure for table `vale_salida`
--

DROP TABLE IF EXISTS `vale_salida`;
/*!40101 SET @saved_cs_client     = @@character_set_client */;
/*!40101 SET character_set_client = utf8 */;
CREATE TABLE `vale_salida` (
  `idvale_salida` int(11) NOT NULL AUTO_INCREMENT,
  `id_vale` int(11) NOT NULL,
  `id_salida` int(11) NOT NULL,
  `estatu` tinyint(4) NOT NULL DEFAULT '1',
  PRIMARY KEY (`idvale_salida`),
  KEY `FK_vale_salida_idsalida_idx` (`id_salida`),
  KEY `FK_vale_salida_vale_idx` (`id_vale`),
  CONSTRAINT `FK_vale_salida_idsalida` FOREIGN KEY (`id_salida`) REFERENCES `salidash` (`idsalidash`) ON DELETE NO ACTION ON UPDATE NO ACTION,
  CONSTRAINT `FK_vale_salida_vale` FOREIGN KEY (`id_vale`) REFERENCES `vale_hilo` (`idvale_hilo`) ON DELETE NO ACTION ON UPDATE NO ACTION
) ENGINE=InnoDB DEFAULT CHARSET=utf8 COLLATE=utf8_spanish2_ci;
/*!40101 SET character_set_client = @saved_cs_client */;

--
-- Dumping data for table `vale_salida`
--

LOCK TABLES `vale_salida` WRITE;
/*!40000 ALTER TABLE `vale_salida` DISABLE KEYS */;
/*!40000 ALTER TABLE `vale_salida` ENABLE KEYS */;
UNLOCK TABLES;

--
-- Dumping routines for database 'urdido_engomado'
--
/*!40103 SET TIME_ZONE=@OLD_TIME_ZONE */;

/*!40101 SET SQL_MODE=@OLD_SQL_MODE */;
/*!40014 SET FOREIGN_KEY_CHECKS=@OLD_FOREIGN_KEY_CHECKS */;
/*!40014 SET UNIQUE_CHECKS=@OLD_UNIQUE_CHECKS */;
/*!40101 SET CHARACTER_SET_CLIENT=@OLD_CHARACTER_SET_CLIENT */;
/*!40101 SET CHARACTER_SET_RESULTS=@OLD_CHARACTER_SET_RESULTS */;
/*!40101 SET COLLATION_CONNECTION=@OLD_COLLATION_CONNECTION */;
/*!40111 SET SQL_NOTES=@OLD_SQL_NOTES */;

-- Dump completed on 2019-06-14 18:36:27
