CREATE DATABASE  IF NOT EXISTS `urdido_engomado` /*!40100 DEFAULT CHARACTER SET utf8 COLLATE utf8_spanish2_ci */;
USE `urdido_engomado`;
-- MySQL dump 10.13  Distrib 5.7.17, for Win64 (x86_64)
--
-- Host: 127.0.0.1    Database: urdido_engomado
-- ------------------------------------------------------
-- Server version	5.5.5-10.1.38-MariaDB

/*!40101 SET @OLD_CHARACTER_SET_CLIENT=@@CHARACTER_SET_CLIENT */;
/*!40101 SET @OLD_CHARACTER_SET_RESULTS=@@CHARACTER_SET_RESULTS */;
/*!40101 SET @OLD_COLLATION_CONNECTION=@@COLLATION_CONNECTION */;
/*!40101 SET NAMES utf8 */;
/*!40103 SET @OLD_TIME_ZONE=@@TIME_ZONE */;
/*!40103 SET TIME_ZONE='+00:00' */;
/*!40014 SET @OLD_UNIQUE_CHECKS=@@UNIQUE_CHECKS, UNIQUE_CHECKS=0 */;
/*!40014 SET @OLD_FOREIGN_KEY_CHECKS=@@FOREIGN_KEY_CHECKS, FOREIGN_KEY_CHECKS=0 */;
/*!40101 SET @OLD_SQL_MODE=@@SQL_MODE, SQL_MODE='NO_AUTO_VALUE_ON_ZERO' */;
/*!40111 SET @OLD_SQL_NOTES=@@SQL_NOTES, SQL_NOTES=0 */;

--
-- Table structure for table `acceso`
--

DROP TABLE IF EXISTS `acceso`;
/*!40101 SET @saved_cs_client     = @@character_set_client */;
/*!40101 SET character_set_client = utf8 */;
CREATE TABLE `acceso` (
  `idacceso` int(11) NOT NULL AUTO_INCREMENT,
  `tope` date NOT NULL,
  `guar` date NOT NULL,
  PRIMARY KEY (`idacceso`)
) ENGINE=InnoDB AUTO_INCREMENT=2 DEFAULT CHARSET=utf8 COLLATE=utf8_spanish2_ci;
/*!40101 SET character_set_client = @saved_cs_client */;

--
-- Dumping data for table `acceso`
--

LOCK TABLES `acceso` WRITE;
/*!40000 ALTER TABLE `acceso` DISABLE KEYS */;
INSERT INTO `acceso` VALUES (1,'2019-03-31','2019-04-15');
/*!40000 ALTER TABLE `acceso` ENABLE KEYS */;
UNLOCK TABLES;

--
-- Table structure for table `articulo`
--

DROP TABLE IF EXISTS `articulo`;
/*!40101 SET @saved_cs_client     = @@character_set_client */;
/*!40101 SET character_set_client = utf8 */;
CREATE TABLE `articulo` (
  `hilo` decimal(5,2) NOT NULL,
  `descripcion` varchar(35) COLLATE utf8_spanish2_ci NOT NULL,
  `h_practico` decimal(10,2) NOT NULL,
  `prod_neta` decimal(8,2) DEFAULT NULL,
  `generico` varchar(35) COLLATE utf8_spanish2_ci NOT NULL,
  PRIMARY KEY (`hilo`)
) ENGINE=InnoDB DEFAULT CHARSET=utf8 COLLATE=utf8_spanish2_ci;
/*!40101 SET character_set_client = @saved_cs_client */;

--
-- Dumping data for table `articulo`
--

LOCK TABLES `articulo` WRITE;
/*!40000 ALTER TABLE `articulo` DISABLE KEYS */;
INSERT INTO `articulo` VALUES (4.00,'Hilo 4, 100% Algodón          ',4.00,0.96,'4         '),(4.10,'Hilo 4, Algodón Poliéster PYT ',4.00,0.00,'4 P/AP    '),(4.30,'Hilo 12/3 torzal camello      ',4.00,0.00,'12/3  TCAM'),(4.40,'Hilo 8/2 algodón PYT          ',4.00,0.00,'8/2 PYT   '),(5.00,'Hilo 10/2 Torzal 100% Algodón ',5.10,0.96,'10/2 TORFM'),(5.10,'Hilo 10/2 100% Algodón PYT    ',5.00,0.00,'10/2 PYT  '),(5.20,'Hilo 10/2 MAQUILA             ',5.00,0.00,'10/2MAQ   '),(7.10,'Hilo 7 colores alg. 100% organ',7.00,-0.10,'7 COLORES '),(8.00,'Hilo 8, 100% Algodón          ',8.00,0.96,'8         '),(8.10,'Hilo 16/2 Torzal              ',8.00,0.00,'8-T       '),(8.40,'Hilo 8/1 melón los Angeles    ',8.00,0.00,'8 MELON   '),(8.70,'Hilo 8/1 Algodón Jaspe PYT    ',8.00,0.00,'8 PYTJ    '),(8.90,'Hilo 8/1 Alg organic natural  ',8.00,-0.10,'8/1 ORGANI'),(9.20,'Hilo 9, Alg. Preteñido Rojo   ',9.00,0.00,'9 ROJO    '),(10.00,'Hilo 10, 100% Algodón         ',10.00,0.96,'10        '),(10.30,'Hilo 20/2 Torzal 100% Algodón ',10.00,0.96,'20/2 TORFM'),(11.40,'Hilo 12/1 100% Algodón ZAGIS  ',12.00,0.00,'12 ZAG ALG'),(11.50,'Hilo 10/1 100% Alg ROMAMILS   ',10.00,0.00,'10 ROMA M '),(12.00,'Hilo 12, 100% Algodón         ',12.00,0.96,'12        '),(12.10,'Hilo 12, Poliéster-Algodón    ',12.00,0.96,'12 P/A    '),(12.30,'Hilo 12/1 Rosa Mexicano       ',12.00,0.00,'12 ROSA   '),(12.40,'Hilo 12,  A/P (80-20) PYT     ',12.00,0.00,'12 P/AP   '),(12.70,'Hilo 12 P/A Zagis             ',12.00,0.00,'12 P/A Z  '),(12.90,'Hilo 12/2 A/P Lote limón E    ',6.00,0.00,'12/2 LIM  '),(13.20,'Hilo 12/1 preteñido camello   ',12.00,0.00,'12 CAM    '),(13.50,'Hilo 12/1 Fiusha              ',12.00,0.00,'12 FIUSHA '),(13.80,'Hilo 12/1 Color               ',12.00,0.00,'12 COLOR  '),(14.30,'Hilo 12/1 Azul rey            ',12.00,0.00,'12 AZULREY'),(14.40,'Hilo 12/1 Verde Agua          ',12.00,0.00,'12 VERAGUA'),(14.50,'Hilo 12/1 Rojo                ',12.00,0.00,'12 ROJO   '),(14.60,'Hilo 12/1 Morado              ',12.00,0.00,'12 MORADO '),(14.80,'Hilo 12/1 café PYT            ',12.00,0.00,'12/1 CAFE '),(14.90,'Hilo 12/1 Azul Marino         ',12.00,0.00,'12/1 MAR  '),(15.40,'Hilo 20/2 Rivertex            ',10.00,-0.10,'20/2 RIVER'),(15.60,'Hilo 12/1 AP negro Los Angeles',12.00,0.00,'12 NEG LA '),(16.10,'Hilo 16/2 Pol. Algodón PYT    ',8.00,0.00,'16/2 P/AP '),(16.20,'Hilo 16/1 algodón peinado     ',16.00,-0.10,'16/1 A PEI'),(16.30,'16 Filamento 150/2 (180/2)    ',15.80,0.00,'16FIL150/2'),(16.40,'Hilo 16/4 Orgánico            ',4.00,-0.10,'16/4 ORG  '),(16.50,'Hilo 16/1 A/P Naranja         ',16.00,0.00,'16 NAR    '),(16.60,'Hilo 16/1 A/P Rojo            ',16.00,0.00,'16 APROJO '),(16.80,'Hilo 16/1 orgánico            ',16.00,-0.10,'16 ORGAN  '),(16.90,'Hilo 16/1 orgánico colores    ',16.00,-0.10,'16 ORGCOL '),(18.00,'Hilo 18/1 65-35 F. María      ',18.00,0.96,'18 MARIA  '),(18.40,'Hilo 18/1 65-35 P/A open end  ',17.70,0.00,'18P/A 6535'),(19.10,'Hilo 19,  Poliéster Alg. PYT  ',19.00,0.00,'19 P/AP   '),(20.00,'Hilo 20, 100% Algodón         ',20.00,0.96,'20        '),(20.20,'Hilo 20, 50% Pol 50% Alg Zagis',20.00,0.00,'20 P/AZ   '),(20.30,'Hilo 20/2 MAQUILA 2 cabos     ',10.00,0.00,'20/2 MAQ  '),(20.70,'Hilo 20/1 P/A  PYT            ',20.00,0.00,'20/1PYT   '),(20.80,'Hilo 20, 100% Algodón ZAGIS   ',20.00,0.00,'20ZAG     '),(20.90,'Hilo 20/1 AP negro Los Angeles',20.00,0.00,'20 NEG LA '),(21.00,'Hilo 20/1 50/50 Pol/Alg ROM   ',20.00,0.00,'20/1 ROMA '),(21.10,'Hilo 8/1 organico colores     ',8.00,-0.10,'8 ORG COL '),(21.20,'Hilo 20/1 100% Alg. Anillo Pie',20.00,0.00,'20 ANI ZAG'),(21.30,'Hilo 12/1 Blanco Los Angeles  ',12.00,0.00,'12/1 BCO  '),(21.40,'Hilo 12/1 50/50 Pol/Alg ROMAMI',12.00,0.00,'12/1 ROMA '),(21.50,'Hilo 20/1 Algodón Tritón      ',20.00,0.00,'20 TRITON '),(21.60,'Hilo 20/2 P/A Hilvitex        ',10.00,0.00,'20/2 HILV '),(21.70,'Hilo 20/2 P/A PYT             ',10.00,0.00,'20/2 PYT  '),(21.80,'Hilo 20/1 Openend Akaltex     ',20.00,0.00,'20/1 AKAL '),(21.90,'Hilo 20/1 AP negro Angeles MQ ',20.00,-0.10,'20NEGMA   '),(22.10,'Hilo 12/3 fiusha PYT          ',4.00,0.00,'12/3FIU   '),(22.20,'Hilo 12/3 marino PYT          ',4.00,0.00,'12/3MAR   '),(22.30,'Hilo 12/3 morado PYT          ',4.00,0.00,'12/3MOR   '),(22.40,'Hilo 12/3 lila PYT            ',4.00,0.00,'12/3LILA  '),(22.50,'Hilo 12/3 cemento PYT         ',4.00,0.00,'12/3CEM   '),(22.60,'Hilo 12/3 verde militar PYT   ',4.00,0.00,'12/3VMI   '),(22.70,'Hilo 12/1 gris claro          ',12.00,0.00,'12 GRIS   '),(22.80,'Hilo 12/1 kaky                ',12.00,0.00,'12 KAKY   '),(22.90,'Hilo 12/1 gris oxford         ',12.00,0.00,'12 OXFORD '),(23.00,'Hilo 12/1 camello claro       ',12.00,0.00,'12 CAMCLA '),(23.10,'Hilo 24/2  Alg. 100% Hilvitex ',12.00,0.00,'24/2 HILVI'),(23.20,'Hilo 16/2 alg. orgánico       ',8.00,-0.10,'16/2 ORGAN'),(23.30,'Hilo 22/2 Orgánico            ',11.00,-0.10,'22/2 ORG  '),(23.40,'Hilo 26/2 Orgánico            ',13.00,-0.10,'26/2 ORG  '),(23.50,'Hilo 20/1 AP azul rey Ang MQ  ',20.00,-0.10,'20 AR MA  '),(23.60,'Hilo 20/1 AP rojo  Angeles MQ ',20.00,-0.10,'20 ROJ MA '),(23.70,'Hilo 20/1 AP Amarillo  Ang MQ ',20.00,-0.10,'20 AMA MA '),(23.80,'Hilo 20/2 Algodón Torzal VICZA',10.00,0.00,'20/2 VICZA'),(24.00,'Hilo 24 100% Algodón          ',24.00,0.96,'24 ALG    '),(24.10,'Hilo 24/2 Torzal 100% Algodón ',12.00,0.96,'24/2 TORFM'),(24.60,'Hilo 24/2 Torzal 100% Alg. Zag',12.00,0.00,'24 T-Z ALG'),(24.70,'Hilo 24/2 80-20 acrílico vis. ',12.00,-0.10,'24/2 ACRIL'),(24.80,'Hilo 24/2 peinado algodón 100%',12.00,-0.10,'24/2 PEI  '),(24.90,'Hilo perfil 825 (24/2)        ',12.00,-0.10,'PERFIL825 '),(28.30,'Hilo 28/1 Algodón orgánico    ',28.00,-0.10,'28 ORGANIC'),(30.10,'Hilo 30/1 95% Algodón 5% Elast',30.00,0.00,'30/1      '),(30.20,'Hilo 30/1 Uechitl 97-3 Alg/Vis',30.00,0.00,'30 UECHITL'),(30.30,'Hilo 30/1 P/A F. María        ',30.00,0.96,'30/1 P/AFM'),(30.70,'Hilo 30/1 50% Alg 50% Pol Zagi',30.00,0.00,'30 50-50 Z'),(30.80,'Hilo 30/1 P/A 50-50 Tritón    ',30.00,0.00,'30 TRITON '),(30.90,'Hilo 30/1 jaspe 90/10 TAURO   ',30.00,0.00,'30 J TAURO'),(31.20,'Hilo 30/1 50-50 Jet Spinner   ',30.00,0.00,'30 JETSPI '),(31.30,'Hilo 20/1 AP Amarillo         ',20.00,0.00,'20/1AP AMA'),(31.40,'Hilo 20/1 AP Azul Turqueza    ',20.00,0.00,'20/1AP TUR'),(31.50,'Hilo 20/1 AP Coral            ',20.00,0.00,'20/1AP COR'),(31.60,'Hilo 20/1 AP Fiusha           ',20.00,0.00,'20/1AP FIU'),(31.70,'Hilo 20/1 AP Rojo             ',20.00,0.00,'20/1AP ROJ'),(31.80,'Hilo 20/1 AP Verde            ',20.00,0.00,'20/1AP VER'),(31.90,'Hilo 24/1 AP Negro            ',24.00,0.00,'24/1APNEGR'),(32.10,'Hilo 20/1 AP Azul Rey         ',20.00,0.00,'20/1AP REY'),(32.20,'Hilo 19/1 A/P MQ              ',19.00,-0.10,'19 P/A MAQ'),(32.30,'Hilo 20/2 Torzal P/A (C)      ',10.00,0.96,'20/2 PATOR'),(32.40,'Hilo 20/1 Marie Lou P/A       ',20.00,0.00,'20/1 MARIE'),(32.50,'Hilo 20/1 AP COLORES          ',20.00,0.00,'20/1 APCOL'),(36.00,'Hilo 36, 100%  Algodón        ',36.00,0.00,'36        '),(36.20,'Hilo 36/2 orgánico            ',18.10,-0.10,'36/2 ORG  '),(36.30,'HIlo 36/1 VF VORTEX ZAGIS     ',36.00,0.00,'36VORTEX  '),(40.10,'Hilo 40/1  Algodón orgánico   ',40.00,-0.10,'40 ORGANIC'),(40.20,'Hilo 40/1 alg. orgánico café  ',40.00,-0.10,'40 CAFE OR'),(40.40,'Hilo 40/2 Doblado Alg. orgánic',20.00,-0.10,'40/2 ORGAN'),(40.50,'Hilo 40/2 peinado algodón 100%',20.00,-0.10,'40/2 PEI  '),(40.60,'Hilo 424 Dtex Antiestático    ',0.00,-0.10,'424 ANTIES'),(48.10,'Hilo 20/2 Oro                 ',50.00,0.00,'48 O      '),(90.00,'Hilo 12/1 Alg. MAQUILA café   ',12.00,0.00,'12MAQCAF  '),(90.10,'Hilo 20/1 Alg. MAQUILA café   ',20.00,0.00,'20MAQCAF  '),(96.00,'Filamento 180/96/3 P/A        ',12.00,0.00,'96FIL180  ');
/*!40000 ALTER TABLE `articulo` ENABLE KEYS */;
UNLOCK TABLES;

--
-- Table structure for table `articulo_inventario`
--

DROP TABLE IF EXISTS `articulo_inventario`;
/*!40101 SET @saved_cs_client     = @@character_set_client */;
/*!40101 SET character_set_client = utf8 */;
CREATE TABLE `articulo_inventario` (
  `idarticulo_inventario` int(11) NOT NULL AUTO_INCREMENT,
  `hilo` decimal(5,2) NOT NULL,
  `cantidad` int(11) NOT NULL,
  `idpresenta` int(11) NOT NULL,
  `bobinas` int(11) NOT NULL,
  `peso` decimal(15,5) NOT NULL,
  `inv` varchar(2) COLLATE utf8_spanish2_ci NOT NULL,
  PRIMARY KEY (`idarticulo_inventario`),
  KEY `fk_id_presenta_inv_idx` (`idpresenta`),
  KEY `fk_hilo_inv_idx` (`hilo`),
  CONSTRAINT `fk_hilo_inv` FOREIGN KEY (`hilo`) REFERENCES `articulo` (`hilo`) ON DELETE NO ACTION ON UPDATE NO ACTION,
  CONSTRAINT `fk_id_presenta_inv` FOREIGN KEY (`idpresenta`) REFERENCES `presentacion` (`idpresentacion`) ON DELETE NO ACTION ON UPDATE NO ACTION
) ENGINE=InnoDB AUTO_INCREMENT=33 DEFAULT CHARSET=utf8 COLLATE=utf8_spanish2_ci;
/*!40101 SET character_set_client = @saved_cs_client */;

--
-- Dumping data for table `articulo_inventario`
--

LOCK TABLES `articulo_inventario` WRITE;
/*!40000 ALTER TABLE `articulo_inventario` DISABLE KEYS */;
INSERT INTO `articulo_inventario` VALUES (1,4.00,0,1,640,1989.44000,'IF'),(2,8.00,0,1,1389,4929.89000,'IF'),(3,10.00,0,1,160,583.66000,'IF'),(4,12.00,0,1,778,3397.63000,'IF'),(5,12.10,0,1,287,848.93000,'IF'),(6,13.80,10,2,95,199.85850,'IF'),(7,13.80,1,3,11,23.14150,'IF'),(8,14.80,11,2,165,307.02000,'IF'),(9,16.30,6,3,72,311.80000,'IF'),(10,16.40,17,2,270,441.57820,'IF'),(11,16.40,1,4,88,143.92180,'IF'),(12,16.90,15,2,301,216.61000,'IF'),(13,18.40,68,2,830,1584.50680,'IF'),(14,18.40,2,4,750,1431.78320,'IF'),(15,19.10,15,2,180,519.73000,'IF'),(16,20.00,0,1,2725,9256.60000,'IF'),(17,20.90,3,2,43,76.80000,'IF'),(18,21.00,10,3,120,313.29000,'IF'),(19,21.10,1,2,4,2.84080,'IF'),(20,21.10,7,3,261,185.35920,'IF'),(21,23.20,1,4,115,112.00000,'IF'),(22,24.00,0,1,622,1061.08000,'IF'),(23,24.10,0,1,112,231.00000,'IF'),(24,30.20,1,3,11,36.00000,'IF'),(25,30.30,0,1,160,409.21000,'IF'),(26,40.40,1,3,43,47.04270,'IF'),(27,40.40,1,4,74,80.95730,'IF'),(28,90.10,4,2,127,90.30000,'IF'),(29,32.30,0,1,160,421.71000,'IF'),(30,32.40,107,2,963,2427.79000,'IF'),(31,32.50,1,2,11,8.06560,'IF'),(32,32.50,6,3,276,202.37440,'IF');
/*!40000 ALTER TABLE `articulo_inventario` ENABLE KEYS */;
UNLOCK TABLES;

--
-- Table structure for table `distintas_salidas`
--

DROP TABLE IF EXISTS `distintas_salidas`;
/*!40101 SET @saved_cs_client     = @@character_set_client */;
/*!40101 SET character_set_client = utf8 */;
CREATE TABLE `distintas_salidas` (
  `iddistintas_salidas` int(11) NOT NULL AUTO_INCREMENT,
  `descripcion` varchar(30) COLLATE utf8_spanish2_ci NOT NULL,
  PRIMARY KEY (`iddistintas_salidas`)
) ENGINE=InnoDB AUTO_INCREMENT=5 DEFAULT CHARSET=utf8 COLLATE=utf8_spanish2_ci;
/*!40101 SET character_set_client = @saved_cs_client */;

--
-- Dumping data for table `distintas_salidas`
--

LOCK TABLES `distintas_salidas` WRITE;
/*!40000 ALTER TABLE `distintas_salidas` DISABLE KEYS */;
INSERT INTO `distintas_salidas` VALUES (1,'URDIDO                        '),(2,'TEJIDO                        '),(3,'MAQUILA                       '),(4,'TORZAL                        ');
/*!40000 ALTER TABLE `distintas_salidas` ENABLE KEYS */;
UNLOCK TABLES;

--
-- Table structure for table `entradash`
--

DROP TABLE IF EXISTS `entradash`;
/*!40101 SET @saved_cs_client     = @@character_set_client */;
/*!40101 SET character_set_client = utf8 */;
CREATE TABLE `entradash` (
  `identradash` int(11) NOT NULL AUTO_INCREMENT,
  `fecha` date NOT NULL,
  `hilo` decimal(5,2) NOT NULL,
  `lote` decimal(5,0) DEFAULT NULL,
  `turno` tinyint(4) DEFAULT NULL,
  `origen` int(11) DEFAULT NULL,
  `estatus` tinyint(4) NOT NULL DEFAULT '0',
  `bobinas` decimal(7,0) DEFAULT NULL,
  `pesoneto` decimal(15,5) NOT NULL,
  `numero` int(11) NOT NULL,
  `id_presenta` int(11) NOT NULL,
  `quienpeso` varchar(1) COLLATE utf8_spanish2_ci DEFAULT NULL,
  `pesobruto` decimal(15,5) DEFAULT NULL,
  `hora` datetime NOT NULL DEFAULT CURRENT_TIMESTAMP,
  `recibido_u1e` tinyint(4) NOT NULL DEFAULT '0',
  `id_ent` int(11) NOT NULL,
  PRIMARY KEY (`identradash`),
  KEY `fk_entrada_hilo_idx` (`hilo`),
  KEY `fk_entrada_presenta_idx` (`id_presenta`),
  KEY `fk_entrada_origen_idx` (`origen`),
  CONSTRAINT `fk_entrada_hilo` FOREIGN KEY (`hilo`) REFERENCES `articulo` (`hilo`) ON DELETE NO ACTION ON UPDATE NO ACTION,
  CONSTRAINT `fk_entrada_origen` FOREIGN KEY (`origen`) REFERENCES `origen` (`idorigen`) ON DELETE NO ACTION ON UPDATE NO ACTION,
  CONSTRAINT `fk_entrada_presenta` FOREIGN KEY (`id_presenta`) REFERENCES `presentacion` (`idpresentacion`) ON DELETE NO ACTION ON UPDATE NO ACTION
) ENGINE=InnoDB AUTO_INCREMENT=897 DEFAULT CHARSET=utf8 COLLATE=utf8_spanish2_ci;
/*!40101 SET character_set_client = @saved_cs_client */;

--
-- Dumping data for table `entradash`
--

LOCK TABLES `entradash` WRITE;
/*!40000 ALTER TABLE `entradash` DISABLE KEYS */;
INSERT INTO `entradash` VALUES (1,'2018-09-07',12.10,6,1,1,2,32,144.00000,213,1,' ',0.00000,'2019-05-09 16:06:25',1,11883),(2,'2018-10-23',5.00,7,1,1,2,64,134.40000,200,1,' ',0.00000,'2019-05-09 16:06:26',0,12106),(3,'2018-11-09',24.00,9,1,1,2,160,269.99000,30,1,'A',316.90000,'2019-05-09 16:06:26',0,12226),(4,'2018-11-23',4.00,9,3,1,2,160,563.39000,92,1,'A',610.30000,'2019-05-09 16:06:26',0,12290),(5,'2018-12-01',12.00,9,1,1,2,160,592.59000,2,1,'A',639.50000,'2019-05-09 16:06:26',0,12338),(6,'2018-12-05',8.00,10,2,1,2,160,642.57000,19,1,'A',706.70000,'2019-05-09 16:06:26',0,12356),(7,'2018-12-05',10.00,10,2,1,2,160,595.19000,20,1,'A',642.10000,'2019-05-09 16:06:26',0,12357),(8,'2018-12-05',10.00,10,3,1,2,160,599.89000,22,1,'A',646.80000,'2019-05-09 16:06:26',0,12359),(9,'2018-12-06',8.00,10,1,1,2,160,644.89000,24,1,'A',691.80000,'2019-05-09 16:06:26',0,12361),(10,'2018-12-06',10.00,10,1,1,2,160,599.59000,26,1,'A',646.50000,'2019-05-09 16:06:26',0,12363),(11,'2018-12-06',8.00,10,2,1,2,160,644.09000,29,1,'A',691.00000,'2019-05-09 16:06:26',0,12366),(12,'2018-12-06',10.00,10,2,1,2,160,597.19000,30,1,'A',644.10000,'2019-05-09 16:06:26',0,12367),(13,'2018-12-06',8.00,10,3,1,2,87,327.87000,31,1,'A',355.10000,'2019-05-09 16:06:26',0,12368),(14,'2018-12-06',10.00,10,3,1,2,160,599.09000,32,1,'A',646.00000,'2019-05-09 16:06:26',0,12369),(15,'2018-12-13',12.00,10,2,1,2,160,575.89000,51,1,'A',622.80000,'2019-05-09 16:06:26',0,12388),(16,'2018-12-13',12.00,10,3,1,2,160,573.59000,53,1,'A',620.50000,'2019-05-09 16:06:26',0,12390),(17,'2018-12-14',12.00,10,1,1,2,160,572.99000,55,1,'A',619.90000,'2019-05-09 16:06:26',0,12392),(18,'2018-12-14',12.00,10,2,1,2,160,570.79000,57,1,'A',617.70000,'2019-05-09 16:06:26',0,12394),(19,'2018-12-14',12.00,10,3,1,2,160,570.79000,61,1,'A',617.70000,'2019-05-09 16:06:27',0,12398),(20,'2018-12-14',12.00,10,3,1,2,157,525.01000,62,1,'A',571.70000,'2019-05-09 16:06:27',0,12399),(21,'2018-12-17',4.00,10,3,1,2,160,528.99000,68,1,'A',575.90000,'2019-05-09 16:06:27',0,12405),(22,'2018-12-18',4.00,10,2,1,2,160,521.89000,74,1,'A',568.80000,'2019-05-09 16:06:27',0,12411),(23,'2018-12-18',4.00,10,3,1,2,160,522.39000,77,1,'A',569.30000,'2019-05-09 16:06:27',0,12414),(24,'2018-12-19',10.00,10,2,1,2,160,584.19000,79,1,'A',631.10000,'2019-05-09 16:06:28',0,12416),(25,'2018-12-19',20.00,10,2,1,2,160,520.45000,81,1,'A',601.80000,'2019-05-09 16:06:28',0,12418),(26,'2018-12-20',4.00,10,3,1,2,160,513.19000,83,1,'A',560.10000,'2019-05-09 16:06:28',0,12420),(27,'2018-12-20',10.00,10,3,1,2,160,581.39000,84,1,'A',628.30000,'2019-05-09 16:06:28',0,12421),(28,'2018-12-20',4.00,10,1,1,2,159,446.16000,85,1,'A',493.00000,'2019-05-09 16:06:28',0,12423),(29,'2018-12-20',10.00,10,2,1,2,160,568.89000,87,1,'A',615.80000,'2019-05-09 16:06:28',0,12425),(30,'2018-12-21',10.00,10,2,1,2,160,571.69000,92,1,'A',618.60000,'2019-05-09 16:06:28',0,12430),(31,'2018-12-21',10.00,10,2,1,2,160,574.89000,93,1,'A',621.80000,'2019-05-09 16:06:28',0,12431),(32,'2018-12-21',30.30,10,2,1,2,160,472.29000,94,1,'A',519.20000,'2019-05-09 16:06:28',0,12432),(33,'2018-12-21',10.00,10,3,1,2,160,570.69000,95,1,'A',617.60000,'2019-05-09 16:06:28',0,12433),(34,'2018-12-21',10.00,10,3,1,2,160,566.39000,96,1,'A',613.30000,'2019-05-09 16:06:28',0,12434),(35,'2018-12-21',10.00,10,3,1,2,240,456.25000,97,1,'A',509.00000,'2019-05-09 16:06:28',0,12435),(36,'2018-12-21',20.00,10,3,1,2,160,506.09000,98,1,'A',553.00000,'2019-05-09 16:06:28',0,12436),(37,'2018-12-21',20.00,10,3,1,2,160,468.09000,99,1,'A',515.00000,'2019-05-09 16:06:28',0,12437),(38,'2018-12-21',20.00,10,3,1,2,125,186.75000,100,1,'A',231.10000,'2019-05-09 16:06:28',0,12438),(39,'2018-12-21',20.00,10,3,1,2,160,345.57000,101,1,'A',409.70000,'2019-05-09 16:06:29',0,12439),(40,'2018-12-21',20.00,10,3,1,2,55,31.05000,102,1,'A',50.20000,'2019-05-09 16:06:29',0,12440),(41,'2018-12-21',30.30,10,3,1,2,160,421.49000,103,1,'D',468.40000,'2019-05-09 16:06:29',0,12441),(42,'2018-12-21',30.30,10,3,1,2,138,153.58000,104,1,'D',187.40000,'2019-05-09 16:06:29',0,12442),(43,'2019-01-03',10.00,10,2,1,2,160,580.59000,1,1,'A',627.50000,'2019-05-09 16:06:29',0,12443),(44,'2019-01-03',20.00,10,2,1,2,160,509.19000,2,1,'A',556.10000,'2019-05-09 16:06:29',0,12444),(45,'2019-01-03',30.30,10,2,1,2,144,377.63000,3,1,'D',420.50000,'2019-05-09 16:06:29',0,12445),(46,'2019-01-03',10.00,10,3,1,2,160,580.49000,4,1,'A',627.40000,'2019-05-09 16:06:29',0,12446),(47,'2019-01-04',10.00,10,1,1,2,160,583.99000,5,1,'A',630.90000,'2019-05-09 16:06:29',0,12447),(48,'2019-01-04',20.00,10,1,1,2,160,517.29000,6,1,'A',564.20000,'2019-05-09 16:06:29',0,12448),(49,'2019-01-04',10.00,10,2,1,2,160,561.49000,7,1,'A',608.40000,'2019-05-09 16:06:29',0,12449),(50,'2019-01-04',20.00,10,2,1,2,160,516.59000,8,1,'A',563.50000,'2019-05-09 16:06:29',0,12450),(51,'2019-01-04',8.00,10,3,1,2,160,578.99000,9,1,'A',625.90000,'2019-05-09 16:06:29',0,12451),(52,'2019-01-04',10.00,10,3,1,2,160,526.29000,10,1,'A',573.20000,'2019-05-09 16:06:29',0,12452),(53,'2019-01-05',10.00,10,1,1,2,160,583.49000,11,1,'A',630.40000,'2019-05-09 16:06:29',0,12453),(54,'2019-01-05',10.00,10,1,1,2,160,580.19000,12,1,'A',627.10000,'2019-05-09 16:06:29',0,12454),(55,'2019-01-05',20.00,10,1,1,2,160,514.19000,13,1,'D',561.10000,'2019-05-09 16:06:29',0,12455),(56,'2019-01-05',20.00,10,1,1,2,160,515.39000,14,1,'D',562.30000,'2019-05-09 16:06:29',0,12456),(57,'2019-01-07',20.00,10,1,1,2,160,516.29000,15,1,'A',563.20000,'2019-05-09 16:06:29',0,12457),(58,'2019-01-07',20.00,10,1,1,2,160,493.39000,16,1,'A',540.30000,'2019-05-09 16:06:29',0,12458),(59,'2019-01-07',30.30,10,1,1,2,160,475.39000,17,1,'A',522.30000,'2019-05-09 16:06:29',0,12459),(60,'2019-01-07',5.00,9,1,1,2,40,91.60000,200,1,' ',0.00000,'2019-05-09 16:06:29',0,12460),(61,'2019-01-07',18.40,0,1,1,2,83,169.00000,1,4,' ',0.00000,'2019-05-09 16:06:29',1,12461),(62,'2019-01-07',21.80,0,1,1,2,365,221.40000,1,4,' ',0.00000,'2019-05-09 16:06:29',1,12462),(63,'2019-01-07',10.00,10,1,1,2,160,569.59000,18,1,'A',616.50000,'2019-05-09 16:06:29',0,12463),(64,'2019-01-07',20.00,10,1,1,2,160,507.59000,19,1,'A',554.50000,'2019-05-09 16:06:29',0,12464),(65,'2019-01-07',10.00,10,2,1,2,160,566.49000,20,1,'A',613.40000,'2019-05-09 16:06:30',0,12465),(66,'2019-01-07',10.00,10,3,1,2,160,573.49000,21,1,'A',620.40000,'2019-05-09 16:06:30',0,12466),(67,'2019-01-07',20.00,10,3,1,2,160,523.19000,22,1,'A',570.10000,'2019-05-09 16:06:30',0,12467),(68,'2019-01-07',24.10,10,1,1,2,143,241.85000,23,1,'A',270.30000,'2019-05-09 16:06:30',0,12468),(69,'2019-01-08',10.00,10,1,1,2,160,576.59000,24,1,'A',623.50000,'2019-05-09 16:06:30',0,12469),(70,'2019-01-08',30.30,10,1,1,2,160,465.69000,25,1,'A',512.60000,'2019-05-09 16:06:30',0,12470),(71,'2019-01-08',24.10,10,1,1,2,162,171.45000,26,1,'D',209.90000,'2019-05-09 16:06:30',0,12471),(72,'2019-01-08',8.00,10,1,1,2,160,542.39000,27,1,'D',589.30000,'2019-05-09 16:06:30',0,12472),(73,'2019-01-08',8.00,10,1,1,2,32,70.69000,28,1,'D',85.30000,'2019-05-09 16:06:30',0,12473),(74,'2019-01-08',24.10,10,1,1,2,80,132.49000,29,1,'A',150.60000,'2019-05-09 16:06:30',0,12474),(75,'2019-01-08',10.00,10,2,1,2,160,544.19000,30,1,'A',591.10000,'2019-05-09 16:06:30',0,12475),(76,'2019-01-08',20.00,10,2,1,2,160,512.49000,31,1,'A',559.40000,'2019-05-09 16:06:30',0,12476),(77,'2019-01-08',10.00,10,3,1,2,160,574.49000,32,1,'A',621.40000,'2019-05-09 16:06:30',0,12477),(78,'2019-01-08',20.00,10,3,1,2,160,519.15000,33,1,'A',600.50000,'2019-05-09 16:06:30',0,12478),(79,'2018-12-31',8.40,0,1,3,2,6,10.90000,1,2,' ',0.00000,'2019-05-09 16:06:30',0,-981),(80,'2018-12-31',13.80,0,1,1,2,12,19.69000,1,2,' ',0.00000,'2019-05-09 16:06:30',0,-985),(81,'2018-12-31',13.80,0,1,1,1,89,151.18000,10,2,' ',0.00000,'2019-05-09 16:06:30',0,-986),(82,'2018-12-31',13.80,0,1,1,2,11,20.50000,1,2,' ',0.00000,'2019-05-09 16:06:30',0,-988),(83,'2018-12-31',13.80,0,1,1,2,34,57.15000,3,2,' ',0.00000,'2019-05-09 16:06:30',0,-987),(84,'2018-12-31',15.60,0,0,1,2,210,366.01000,14,2,' ',0.00000,'2019-05-09 16:06:30',0,-980),(85,'2018-12-31',16.30,0,0,1,2,156,776.47000,13,3,' ',0.00000,'2019-05-09 16:06:30',0,-979),(86,'2018-12-31',18.40,0,1,1,2,684,2029.40000,57,2,' ',0.00000,'2019-05-09 16:06:30',0,-994),(87,'2018-12-31',19.10,0,0,1,2,238,687.99000,2,4,' ',0.00000,'2019-05-09 16:06:30',0,-1000),(88,'2018-12-31',20.30,0,1,3,2,30,54.79000,2,2,' ',0.00000,'2019-05-09 16:06:31',0,-992),(89,'2018-12-31',21.00,0,0,1,2,168,450.66000,14,3,' ',0.00000,'2019-05-09 16:06:31',0,-995),(90,'2018-12-31',30.20,0,0,1,2,18,57.00000,1,3,' ',0.00000,'2019-05-09 16:06:31',0,-993),(91,'2018-12-31',31.20,0,0,1,2,198,544.79000,11,3,' ',0.00000,'2019-05-09 16:06:31',0,-999),(92,'2018-12-31',32.50,0,1,3,2,554,1037.57000,37,2,' ',0.00000,'2019-05-09 16:06:31',0,-998),(93,'2018-12-31',32.50,0,1,3,2,784,1490.93000,53,2,' ',0.00000,'2019-05-09 16:06:31',0,-997),(94,'2018-12-31',31.90,0,0,1,2,536,1016.11000,36,2,' ',0.00000,'2019-05-09 16:06:31',0,-996),(95,'2018-12-31',90.10,0,1,1,1,127,92.70000,4,2,' ',0.00000,'2019-05-09 16:06:31',0,-989),(96,'2018-12-31',7.10,0,1,1,2,33,79.46000,3,2,' ',0.00000,'2019-05-09 16:06:31',0,-984),(97,'2018-12-31',16.40,0,1,3,2,272,588.00000,17,2,' ',0.00000,'2019-05-09 16:06:31',0,-983),(98,'2018-12-31',16.90,0,0,3,1,272,179.95000,14,2,' ',0.00000,'2019-05-09 16:06:31',0,-978),(99,'2018-12-31',23.20,0,1,1,2,72,150.40000,5,2,' ',0.00000,'2019-05-09 16:06:31',0,-991),(100,'2018-12-31',40.20,0,1,3,2,278,44.41000,1,2,' ',0.00000,'2019-05-09 16:06:31',0,-990),(101,'2019-01-09',10.00,10,1,1,2,119,323.02000,34,1,'A',361.20000,'2019-05-09 16:06:32',0,12479),(102,'2019-01-09',10.00,10,1,1,2,160,555.09000,35,1,'A',602.00000,'2019-05-09 16:06:32',0,12480),(103,'2019-01-09',20.00,10,1,1,2,160,506.39000,36,1,'A',553.30000,'2019-05-09 16:06:32',0,12481),(104,'2019-01-09',30.30,10,3,1,2,160,472.79000,37,1,'A',519.70000,'2019-05-09 16:06:32',0,12482),(105,'2019-01-09',20.00,10,3,1,2,160,517.69000,38,1,'A',564.60000,'2019-05-09 16:06:32',0,12483),(106,'2019-01-09',8.00,10,3,1,2,160,574.39000,39,1,'A',621.30000,'2019-05-09 16:06:32',0,12484),(107,'2019-01-10',4.00,9,1,3,2,54,195.25000,201,1,' ',0.00000,'2019-05-09 16:06:32',0,12485),(108,'2019-01-10',4.00,9,1,3,2,40,138.81000,202,1,' ',0.00000,'2019-05-09 16:06:32',0,12486),(109,'2019-01-10',4.00,9,1,3,2,160,569.09000,203,1,' ',0.00000,'2019-05-09 16:06:32',0,12487),(110,'2019-01-10',20.00,10,1,1,2,160,502.59000,40,1,'D',549.50000,'2019-05-09 16:06:32',0,12488),(111,'2019-01-10',8.00,10,2,1,2,160,520.19000,41,1,'A',567.10000,'2019-05-09 16:06:32',0,12489),(112,'2019-01-10',20.00,10,3,1,2,160,521.79000,42,1,'A',568.70000,'2019-05-09 16:06:32',0,12490),(113,'2019-01-10',20.00,10,3,1,2,160,510.69000,43,1,'A',557.60000,'2019-05-09 16:06:32',0,12491),(114,'2019-01-11',13.80,0,1,3,2,12,21.00000,1,2,' ',0.00000,'2019-05-09 16:06:32',0,12492),(115,'2019-01-11',20.90,0,1,1,2,160,100.00000,0,4,' ',0.00000,'2019-05-09 16:06:32',1,12493),(116,'2019-01-11',32.50,0,1,3,1,11,21.40000,1,2,' ',0.00000,'2019-05-09 16:06:32',0,12494),(117,'2019-01-11',8.00,10,1,1,2,160,584.59000,44,1,'A',631.50000,'2019-05-09 16:06:33',0,12495),(118,'2019-01-11',30.30,10,1,1,2,160,474.99000,45,1,'D',521.90000,'2019-05-09 16:06:33',0,12496),(119,'2019-01-11',30.30,10,1,1,2,57,166.43000,46,1,'D',188.60000,'2019-05-09 16:06:33',0,12497),(120,'2019-01-11',12.00,10,2,1,2,160,564.09000,47,1,'D',611.00000,'2019-05-09 16:06:33',0,12498),(121,'2019-01-11',20.00,10,2,1,2,160,510.89000,48,1,'D',557.80000,'2019-05-09 16:06:33',0,12499),(122,'2019-01-11',8.00,10,3,1,2,160,576.19000,49,1,'A',623.10000,'2019-05-09 16:06:33',0,12500),(123,'2019-01-11',12.00,10,3,1,2,160,569.19000,50,1,'A',616.10000,'2019-05-09 16:06:33',0,12501),(124,'2019-01-11',12.00,10,2,1,2,160,571.49000,51,1,'A',618.40000,'2019-05-09 16:06:33',0,12502),(125,'2019-01-11',12.00,10,2,1,2,160,572.59000,52,1,'A',619.50000,'2019-05-09 16:06:33',0,12503),(126,'2019-01-11',20.00,10,2,1,2,160,512.69000,53,1,'A',559.60000,'2019-05-09 16:06:33',0,12504),(127,'2019-01-11',20.00,10,2,1,2,160,518.79000,54,1,'A',565.70000,'2019-05-09 16:06:33',0,12505),(128,'2019-01-14',20.00,10,1,1,2,160,520.19000,55,1,'A',567.10000,'2019-05-09 16:06:33',0,12506),(129,'2019-01-14',30.30,10,1,1,2,160,477.79000,56,1,'A',524.70000,'2019-05-09 16:06:33',0,12507),(130,'2019-01-14',10.30,0,1,1,2,113,192.50000,204,1,' ',0.00000,'2019-05-09 16:06:33',0,12508),(131,'2019-01-14',10.30,0,1,1,2,240,409.00000,205,1,' ',0.00000,'2019-05-09 16:06:33',0,12509),(132,'2019-01-14',8.00,10,1,1,2,147,476.84000,57,1,'A',522.80000,'2019-05-09 16:06:34',0,12510),(133,'2019-01-14',20.00,10,2,1,2,160,512.99000,58,1,'D',559.90000,'2019-05-09 16:06:34',0,12511),(134,'2019-01-14',20.00,10,2,1,2,67,219.30000,59,1,'D',242.20000,'2019-05-09 16:06:34',0,12512),(135,'2019-01-14',12.00,10,2,1,2,160,575.09000,60,1,'A',622.00000,'2019-05-09 16:06:34',0,12513),(136,'2019-01-14',12.00,10,3,1,2,160,575.89000,61,1,'A',622.80000,'2019-05-09 16:06:34',0,12514),(137,'2019-01-15',12.00,10,1,1,2,46,155.10000,62,1,'A',173.60000,'2019-05-09 16:06:34',0,12515),(138,'2019-01-15',12.00,10,1,1,2,160,573.29000,63,1,'A',620.20000,'2019-05-09 16:06:34',0,12516),(139,'2019-01-15',12.00,1,2,1,2,160,512.59000,64,1,'A',559.50000,'2019-05-09 16:06:34',0,12517),(140,'2019-01-15',31.20,0,0,1,2,378,1025.71000,21,3,' ',0.00000,'2019-05-09 16:06:34',0,205),(141,'2019-01-16',13.80,0,1,3,1,13,13.00000,1,2,' ',0.00000,'2019-05-09 16:06:34',0,12518),(142,'2019-01-16',15.60,0,1,1,2,124,195.99000,8,2,' ',0.00000,'2019-05-09 16:06:34',1,12519),(143,'2019-01-15',30.30,10,3,1,2,160,481.09000,69,1,'A',528.00000,'2019-05-09 16:06:34',0,12520),(144,'2019-01-16',20.00,10,2,1,2,160,525.59000,65,1,'D',572.50000,'2019-05-09 16:06:34',0,12521),(145,'2019-01-16',20.00,10,2,1,2,160,480.89000,66,1,'D',527.80000,'2019-05-09 16:06:34',0,12522),(146,'2019-01-16',20.00,10,2,1,2,90,352.28000,67,1,'D',382.60000,'2019-05-09 16:06:35',0,12523),(147,'2019-01-16',20.00,10,2,1,2,46,49.94000,68,1,'D',62.70000,'2019-05-09 16:06:35',0,12524),(148,'2019-01-16',24.10,10,1,1,2,129,225.84000,70,1,'D',250.40000,'2019-05-09 16:06:35',0,12525),(149,'2019-01-16',12.00,1,1,1,2,160,563.19000,71,1,'A',610.10000,'2019-05-09 16:06:35',0,12526),(150,'2019-01-16',12.00,1,1,1,2,160,571.99000,72,1,'A',618.90000,'2019-05-09 16:06:35',0,12527),(151,'2019-01-16',20.00,10,2,1,2,160,511.29000,73,1,'A',558.20000,'2019-05-09 16:06:35',0,12528),(152,'2019-01-16',20.00,10,2,1,2,69,108.62000,74,1,'A',128.80000,'2019-05-09 16:06:35',0,12529),(153,'2019-01-16',30.30,10,2,1,2,160,478.39000,75,1,'A',525.30000,'2019-05-09 16:06:35',0,12530),(154,'2019-01-16',10.00,1,3,1,2,160,597.99000,76,1,'A',644.90000,'2019-05-09 16:06:35',0,12531),(155,'2019-01-16',24.00,10,3,1,2,36,37.30000,77,1,'A',52.20000,'2019-05-09 16:06:35',0,12532),(156,'2019-01-17',10.00,1,1,1,2,160,588.09000,78,1,'A',635.00000,'2019-05-09 16:06:35',0,12533),(157,'2019-01-17',10.00,1,2,1,2,160,586.79000,79,1,'A',633.70000,'2019-05-09 16:06:35',0,12534),(158,'2019-01-17',20.00,1,2,1,2,160,517.89000,80,1,'D',564.80000,'2019-05-09 16:06:36',0,12535),(159,'2019-01-17',30.30,10,2,1,2,160,476.69000,81,1,'D',523.60000,'2019-05-09 16:06:36',0,12536),(160,'2019-01-18',10.00,1,3,1,2,160,588.09000,82,1,'A',635.00000,'2019-05-09 16:06:36',0,12537),(161,'2019-01-18',20.00,1,3,1,2,160,521.89000,83,1,'D',568.80000,'2019-05-09 16:06:36',0,12538),(162,'2019-01-18',20.00,1,1,1,2,160,512.29000,84,1,'D',559.20000,'2019-05-09 16:06:36',0,12539),(163,'2019-01-18',20.00,1,1,1,2,157,251.05000,85,1,'D',292.00000,'2019-05-09 16:06:36',0,12540),(164,'2019-01-18',10.00,1,1,1,2,160,615.29000,86,1,'A',662.20000,'2019-05-09 16:06:36',0,12541),(165,'2019-01-18',20.00,10,2,1,2,160,436.46000,87,1,'A',480.50000,'2019-05-09 16:06:36',0,12542),(166,'2019-01-18',10.00,1,3,1,2,160,610.69000,88,1,'A',657.60000,'2019-05-09 16:06:37',0,12543),(167,'2019-01-18',10.00,1,3,1,2,160,606.19000,89,1,'A',653.10000,'2019-05-09 16:06:37',0,12544),(168,'2019-01-18',10.00,1,3,1,2,160,608.19000,90,1,'A',655.10000,'2019-05-09 16:06:37',0,12545),(169,'2019-01-19',24.00,10,1,1,2,149,228.69000,91,1,'A',274.80000,'2019-05-09 16:06:37',0,12546),(170,'2019-01-19',10.00,1,1,1,2,160,608.29000,92,1,'A',655.20000,'2019-05-09 16:06:37',0,12547),(171,'2019-01-19',30.30,1,1,1,2,160,468.19000,93,1,'A',515.10000,'2019-05-09 16:06:37',0,12548),(172,'2019-01-21',10.00,1,1,1,2,160,614.09000,94,1,'A',661.00000,'2019-05-09 16:06:37',0,12549),(173,'2019-01-21',20.00,1,1,1,2,160,519.59000,95,1,'A',566.50000,'2019-05-09 16:06:37',0,12550),(174,'2019-01-21',20.00,1,1,1,2,160,526.69000,96,1,'D',573.60000,'2019-05-09 16:06:37',0,12551),(175,'2019-01-21',30.30,10,1,1,2,160,460.49000,97,1,'A',507.40000,'2019-05-09 16:06:37',0,12552),(176,'2019-01-21',24.00,1,1,1,2,160,244.69000,98,1,'A',291.60000,'2019-05-09 16:06:38',0,12553),(177,'2019-01-21',24.00,1,1,1,2,204,242.08000,99,1,'A',292.20000,'2019-05-09 16:06:38',0,12554),(178,'2019-01-21',24.00,1,1,1,2,80,70.65000,100,1,'A',94.50000,'2019-05-09 16:06:38',0,12555),(179,'2019-01-21',10.00,1,1,1,2,160,600.99000,101,1,'A',647.90000,'2019-05-09 16:06:38',0,12556),(180,'2019-01-21',20.00,10,1,1,2,78,177.20000,102,1,'A',200.90000,'2019-05-09 16:06:38',0,12557),(181,'2019-01-21',10.00,10,2,1,2,160,418.89000,103,1,'A',465.80000,'2019-05-09 16:06:38',0,12558),(182,'2019-01-21',10.00,10,2,1,2,160,551.99000,104,1,'A',598.90000,'2019-05-09 16:06:38',0,12559),(183,'2019-01-21',10.00,10,2,1,2,35,25.55000,105,1,'A',37.50000,'2019-05-09 16:06:38',0,12560),(184,'2019-01-21',20.00,1,3,1,2,160,538.89000,106,1,'A',585.80000,'2019-05-09 16:06:38',0,12561),(185,'2019-01-21',30.30,10,3,1,2,160,456.19000,107,1,'A',503.10000,'2019-05-09 16:06:39',0,12562),(186,'2019-01-22',30.30,1,2,1,2,47,119.43000,108,1,'D',138.00000,'2019-05-09 16:06:39',0,12563),(187,'2019-01-22',20.00,1,1,1,2,160,542.49000,109,1,'A',589.40000,'2019-05-09 16:06:39',0,12564),(188,'2019-01-22',20.00,1,3,1,2,160,527.99000,110,1,'A',574.90000,'2019-05-09 16:06:39',0,12565),(189,'2019-01-22',20.00,1,3,1,2,160,501.99000,111,1,'A',548.90000,'2019-05-09 16:06:39',0,12566),(190,'2019-01-22',8.00,1,1,1,2,160,570.09000,112,1,'A',617.00000,'2019-05-09 16:06:39',0,12567),(191,'2019-01-22',20.00,1,2,1,2,160,537.59000,113,1,'A',584.50000,'2019-05-09 16:06:39',0,12568),(192,'2019-01-22',30.30,9,2,1,2,160,446.79000,114,1,'A',493.70000,'2019-05-09 16:06:39',0,12569),(193,'2019-01-23',20.00,1,3,1,2,160,535.29000,115,1,'A',582.20000,'2019-05-09 16:06:40',0,12570),(194,'2019-01-23',20.00,1,3,1,2,160,495.39000,116,1,'A',542.30000,'2019-05-09 16:06:40',0,12571),(195,'2019-01-23',8.00,1,1,1,2,160,574.09000,117,1,'A',621.00000,'2019-05-09 16:06:40',0,12572),(196,'2019-01-23',20.00,1,2,1,2,160,531.59000,118,1,'A',578.50000,'2019-05-09 16:06:40',0,12573),(197,'2019-01-23',20.00,1,2,1,2,160,533.19000,119,1,'A',580.10000,'2019-05-09 16:06:40',0,12574),(198,'2019-01-24',8.00,1,3,1,2,160,573.79000,120,1,'A',620.70000,'2019-05-09 16:06:40',0,12575),(199,'2019-01-24',20.00,1,3,1,2,160,534.49000,121,1,'A',581.40000,'2019-05-09 16:06:40',0,12576),(200,'2019-01-24',30.30,1,3,1,2,160,473.09000,122,1,'A',520.00000,'2019-05-09 16:06:40',0,12577),(201,'2019-01-24',20.00,1,3,1,2,160,521.49000,123,1,'A',568.40000,'2019-05-09 16:06:41',0,12578),(202,'2019-01-25',8.00,1,1,1,2,160,576.29000,124,1,'A',623.20000,'2019-05-09 16:06:41',0,12579),(203,'2019-01-25',20.00,1,1,1,2,160,533.69000,125,1,'D',580.60000,'2019-05-09 16:06:41',0,12580),(204,'2019-01-25',20.00,1,2,1,2,160,538.99000,126,1,'D',585.90000,'2019-05-09 16:06:41',0,12581),(205,'2019-01-25',20.00,1,3,1,2,160,522.49000,127,1,'A',569.40000,'2019-05-09 16:06:41',0,12582),(206,'2019-01-25',30.30,1,3,1,2,160,474.09000,128,1,'A',521.00000,'2019-05-09 16:06:41',0,12583),(207,'2019-01-26',24.10,1,1,1,2,160,269.59000,129,1,'D',316.50000,'2019-05-09 16:06:41',0,12584),(208,'2019-01-26',24.10,1,1,1,2,68,110.66000,130,1,'D',136.50000,'2019-05-09 16:06:41',0,12585),(209,'2019-01-26',20.00,1,2,1,2,160,536.49000,131,1,'A',583.40000,'2019-05-09 16:06:41',0,12586),(210,'2019-01-26',20.00,1,2,1,2,160,526.39000,132,1,'D',573.30000,'2019-05-09 16:06:41',0,12587),(211,'2019-01-26',8.00,1,2,1,2,117,411.24000,133,1,'A',446.40000,'2019-05-09 16:06:42',0,12588),(212,'2019-01-28',20.00,1,1,1,2,160,513.39000,134,1,'A',560.30000,'2019-05-09 16:06:42',0,12589),(213,'2019-01-28',20.00,1,1,1,2,160,541.89000,135,1,'A',588.80000,'2019-05-09 16:06:42',0,12590),(214,'2019-01-28',20.00,1,1,1,2,160,535.95000,136,1,'A',588.60000,'2019-05-09 16:06:42',0,12591),(215,'2019-01-28',20.00,1,1,1,2,160,520.39000,137,1,'A',567.30000,'2019-05-09 16:06:42',0,12592),(216,'2019-01-28',20.00,1,1,1,2,160,533.09000,138,1,'A',580.00000,'2019-05-09 16:06:42',0,12593),(217,'2019-01-28',20.00,1,1,1,2,160,517.99000,139,1,'A',564.90000,'2019-05-09 16:06:42',0,12594),(218,'2019-01-28',20.00,1,1,1,2,160,510.49000,140,1,'A',557.40000,'2019-05-09 16:06:42',0,12595),(219,'2019-01-28',30.30,1,1,1,2,160,473.69000,141,1,'A',520.60000,'2019-05-09 16:06:42',0,12596),(220,'2019-01-28',30.30,1,1,1,2,160,477.79000,142,1,'A',524.70000,'2019-05-09 16:06:43',0,12597),(221,'2019-01-28',20.00,1,1,1,2,160,446.89000,143,1,'A',493.80000,'2019-05-09 16:06:43',0,12598),(222,'2019-01-28',20.00,1,1,1,2,160,469.09000,144,1,'A',516.00000,'2019-05-09 16:06:43',0,12599),(223,'2019-01-28',20.00,1,1,1,2,54,72.89000,145,1,'A',89.10000,'2019-05-09 16:06:43',0,12600),(224,'2019-01-28',12.00,1,3,1,2,160,570.09000,146,1,'A',617.00000,'2019-05-09 16:06:44',0,12601),(225,'2019-01-28',20.00,1,3,1,2,160,538.29000,147,1,'A',585.20000,'2019-05-09 16:06:44',0,12602),(226,'2019-01-28',20.00,1,3,1,2,160,517.29000,148,1,'A',564.20000,'2019-05-09 16:06:44',0,12603),(227,'2019-01-28',24.10,1,1,1,2,18,16.59000,149,1,'D',27.30000,'2019-05-09 16:06:44',0,12604),(228,'2019-01-28',32.50,0,1,1,1,175,99.44000,4,3,' ',0.00000,'2019-05-09 16:06:44',1,12605),(229,'2019-01-28',21.00,0,0,1,2,500,1679.60000,63,3,' ',0.00000,'2019-05-09 16:06:44',0,395),(230,'2019-01-28',12.00,1,1,1,2,160,569.29000,150,1,'A',616.20000,'2019-05-09 16:06:44',0,12606),(231,'2019-01-28',20.00,1,1,1,2,160,530.79000,151,1,'A',577.70000,'2019-05-09 16:06:44',0,12607),(232,'2019-01-28',20.00,1,1,1,2,169,245.83000,152,1,'A',293.40000,'2019-05-09 16:06:45',0,12608),(233,'2019-01-28',30.30,1,1,1,2,160,477.89000,153,1,'A',524.80000,'2019-05-09 16:06:45',0,12609),(234,'2019-01-28',12.00,1,1,1,2,160,567.49000,154,1,'A',614.40000,'2019-05-09 16:06:45',0,12610),(235,'2019-01-29',12.00,1,3,1,2,160,565.39000,155,1,'A',612.30000,'2019-05-09 16:06:45',0,12611),(236,'2019-01-29',20.00,1,3,1,2,160,522.69000,156,1,'A',569.60000,'2019-05-09 16:06:45',0,12612),(237,'2019-01-29',24.10,1,3,1,2,103,122.46000,157,1,'A',156.60000,'2019-05-09 16:06:45',0,12613),(238,'2019-01-29',19.10,0,0,1,2,252,729.11000,21,2,' ',0.00000,'2019-05-09 16:06:45',0,400),(239,'2019-01-29',40.40,0,0,1,2,454,1161.00000,26,3,' ',0.00000,'2019-05-09 16:06:45',0,401),(240,'2019-01-29',12.00,1,1,1,2,160,567.39000,158,1,'A',614.30000,'2019-05-09 16:06:45',0,12614),(241,'2019-01-29',30.30,1,1,1,2,160,477.59000,159,1,'A',524.50000,'2019-05-09 16:06:45',0,12615),(242,'2019-01-30',24.00,1,1,1,2,101,148.61000,160,1,'D',182.60000,'2019-05-09 16:06:46',0,12616),(243,'2019-01-30',24.10,1,1,1,2,47,73.43000,161,1,'A',92.00000,'2019-05-09 16:06:46',0,12617),(244,'2019-01-30',12.00,1,2,1,2,160,568.89000,162,1,'A',615.80000,'2019-05-09 16:06:46',0,12618),(245,'2019-01-30',12.00,1,3,1,2,160,566.89000,163,1,'A',613.80000,'2019-05-09 16:06:46',0,12619),(246,'2019-01-30',20.00,1,3,1,2,159,519.46000,164,1,'A',566.30000,'2019-05-09 16:06:47',0,12620),(247,'2019-01-30',12.00,1,1,1,2,160,566.69000,165,1,'A',613.60000,'2019-05-09 16:06:47',0,12621),(248,'2019-01-30',24.00,1,1,1,2,160,252.99000,166,1,'A',299.90000,'2019-05-09 16:06:47',0,12622),(249,'2019-01-30',12.00,1,2,1,2,160,444.59000,167,1,'A',491.50000,'2019-05-09 16:06:47',0,12623),(250,'2019-01-30',12.00,1,2,1,2,72,235.76000,168,1,'A',261.90000,'2019-05-09 16:06:47',0,12624),(251,'2019-01-30',12.00,1,2,1,2,160,565.79000,169,1,'A',612.70000,'2019-05-09 16:06:47',0,12625),(252,'2019-01-31',20.00,1,2,1,2,96,306.87000,170,1,'D',340.50000,'2019-05-09 16:06:47',0,12626),(253,'2019-01-31',10.00,1,3,1,2,160,586.39000,171,1,'A',633.30000,'2019-05-09 16:06:47',0,12627),(254,'2019-01-31',30.30,1,3,1,2,160,474.89000,172,1,'A',521.80000,'2019-05-09 16:06:47',0,12628),(255,'2019-02-01',10.00,1,1,1,2,160,593.19000,1,1,'A',640.10000,'2019-05-09 16:06:47',0,12629),(256,'2019-02-02',10.00,1,2,1,2,160,602.29000,2,1,'A',649.20000,'2019-05-09 16:06:47',0,12630),(257,'2019-02-02',10.00,1,2,1,2,160,591.49000,3,1,'A',638.40000,'2019-05-09 16:06:48',0,12631),(258,'2019-02-02',10.00,1,3,1,2,160,588.99000,4,1,'A',635.90000,'2019-05-09 16:06:48',0,12632),(259,'2019-02-02',24.00,1,3,1,2,160,237.99000,5,1,'A',284.90000,'2019-05-09 16:06:48',0,12633),(260,'2019-02-02',20.00,1,3,1,2,160,517.39000,6,1,'D',564.30000,'2019-05-09 16:06:48',0,12634),(261,'2019-02-02',30.30,1,3,1,2,160,481.99000,7,1,'A',528.90000,'2019-05-09 16:06:48',0,12635),(262,'2019-02-02',10.00,1,1,1,2,160,595.89000,8,1,'A',642.80000,'2019-05-09 16:06:48',0,12636),(263,'2019-02-02',20.00,1,2,1,2,160,515.99000,9,1,'A',562.90000,'2019-05-09 16:06:48',0,12637),(264,'2019-02-02',24.00,1,2,1,2,160,178.69000,10,1,'A',225.60000,'2019-05-09 16:06:48',0,12638),(265,'2019-02-02',10.00,1,2,1,2,160,583.29000,11,1,'A',630.20000,'2019-05-09 16:06:48',0,12639),(266,'2019-02-05',20.00,1,1,1,2,160,505.29000,12,1,'A',552.20000,'2019-05-09 16:06:48',0,12640),(267,'2019-02-05',24.00,1,1,1,2,160,237.49000,13,1,'A',284.40000,'2019-05-09 16:06:48',0,12641),(268,'2019-02-05',30.30,1,1,1,2,160,482.09000,14,1,'A',529.00000,'2019-05-09 16:06:49',0,12642),(269,'2019-02-05',20.00,1,1,1,2,160,490.49000,15,1,'A',537.40000,'2019-05-09 16:06:49',0,12643),(270,'2019-02-05',30.30,1,1,1,2,160,482.19000,16,1,'A',529.10000,'2019-05-09 16:06:49',0,12644),(271,'2019-02-05',10.00,1,1,1,2,160,587.79000,17,1,'A',634.70000,'2019-05-09 16:06:49',0,12645),(272,'2019-02-05',24.00,1,1,1,2,160,215.29000,18,1,'A',262.20000,'2019-05-09 16:06:49',0,12646),(273,'2019-02-05',24.00,1,1,1,2,151,89.30000,19,1,'A',121.20000,'2019-05-09 16:06:49',0,12647),(274,'2019-02-05',10.00,1,3,1,2,160,597.09000,20,1,'A',644.00000,'2019-05-09 16:06:49',0,12648),(275,'2019-02-05',10.00,1,3,1,2,160,597.69000,21,1,'A',644.60000,'2019-05-09 16:06:49',0,12649),(276,'2019-02-05',20.00,1,3,1,2,160,500.99000,22,1,'A',547.90000,'2019-05-09 16:06:50',0,12650),(277,'2019-02-06',8.00,1,1,1,2,160,614.19000,23,1,'A',661.10000,'2019-05-09 16:06:50',0,12651),(278,'2019-02-06',10.00,1,1,1,2,107,318.07000,24,1,'A',352.50000,'2019-05-09 16:06:50',0,12652),(279,'2019-02-06',10.00,1,1,1,2,160,512.89000,25,1,'A',559.80000,'2019-05-09 16:06:50',0,12653),(280,'2019-02-06',30.30,1,1,1,2,160,481.39000,26,1,'A',528.30000,'2019-05-09 16:06:50',0,12654),(281,'2019-02-06',8.00,1,1,1,2,160,613.99000,27,1,'A',660.90000,'2019-05-09 16:06:50',0,12655),(282,'2019-02-06',20.00,1,3,1,2,160,523.89000,28,1,'A',570.80000,'2019-05-09 16:06:50',0,12656),(283,'2019-02-06',20.00,1,3,1,2,163,520.17000,29,1,'A',567.30000,'2019-05-09 16:06:50',0,12657),(284,'2019-01-31',20.00,1,1,1,2,160,527.79000,173,1,'D',574.70000,'2019-05-09 16:06:50',0,12658),(285,'2019-01-31',20.00,1,1,1,0,160,538.49000,174,1,'A',585.40000,'2019-05-09 16:06:50',0,12659),(286,'2019-01-31',20.00,1,1,1,2,160,538.49000,174,1,'D',585.40000,'2019-05-09 16:06:50',0,12660),(287,'2019-01-31',10.00,1,1,1,2,160,603.79000,175,1,'D',650.70000,'2019-05-09 16:06:50',0,12661),(288,'2019-02-06',20.00,1,1,1,2,160,540.59000,30,1,'D',587.50000,'2019-05-09 16:06:51',0,12662),(289,'2019-02-07',8.00,1,1,1,2,160,615.49000,31,1,'A',662.40000,'2019-05-09 16:06:51',0,12663),(290,'2019-02-08',20.00,1,1,1,2,160,522.19000,32,1,'A',569.10000,'2019-05-09 16:06:51',0,12664),(291,'2019-02-08',24.10,1,1,1,2,160,266.59000,33,1,'A',313.50000,'2019-05-09 16:06:51',0,12665),(292,'2019-02-08',20.00,1,1,1,2,160,512.19000,34,1,'A',559.10000,'2019-05-09 16:06:51',0,12666),(293,'2019-02-08',30.30,1,1,1,2,160,478.19000,35,1,'A',525.10000,'2019-05-09 16:06:51',0,12667),(294,'2019-02-06',18.40,0,0,1,1,732,2013.40000,61,2,' ',0.00000,'2019-05-09 16:06:51',0,520),(295,'2019-02-05',16.30,0,0,1,2,210,1054.35000,20,3,' ',0.00000,'2019-05-09 16:06:51',0,462),(296,'2019-02-08',8.00,1,1,1,2,160,610.59000,36,1,'A',657.50000,'2019-05-09 16:06:51',0,12668),(297,'2019-02-08',20.00,1,1,1,2,160,539.29000,37,1,'A',586.20000,'2019-05-09 16:06:51',0,12669),(298,'2019-02-08',8.00,1,1,1,2,160,602.89000,38,1,'A',649.80000,'2019-05-09 16:06:51',0,12670),(299,'2019-02-08',20.00,1,3,1,2,160,531.59000,39,1,'A',578.50000,'2019-05-09 16:06:52',0,12671),(300,'2019-02-08',20.00,1,3,1,2,160,479.69000,40,1,'A',526.60000,'2019-05-09 16:06:52',0,12672),(301,'2019-02-08',30.30,1,3,1,2,160,483.69000,41,1,'A',530.60000,'2019-05-09 16:06:52',0,12673),(302,'2019-02-09',20.00,1,1,1,2,160,539.79000,42,1,'A',586.70000,'2019-05-09 16:06:52',0,12674),(303,'2019-02-09',8.00,1,1,1,2,160,605.79000,43,1,'A',652.70000,'2019-05-09 16:06:52',0,12675),(304,'2019-02-09',20.00,1,1,1,2,160,539.49000,44,1,'A',586.40000,'2019-05-09 16:06:52',0,12676),(305,'2019-02-09',24.10,1,1,1,2,160,265.49000,45,1,'A',312.40000,'2019-05-09 16:06:52',0,12677),(306,'2019-02-11',20.00,1,1,1,2,160,535.79000,46,1,'A',582.70000,'2019-05-09 16:06:52',0,12678),(307,'2019-02-11',20.00,1,1,1,2,160,534.89000,47,1,'A',581.80000,'2019-05-09 16:06:52',0,12679),(308,'2019-02-11',20.00,1,1,1,2,160,516.39000,48,1,'A',563.30000,'2019-05-09 16:06:52',0,12680),(309,'2019-02-11',20.00,1,1,1,2,160,504.59000,49,1,'A',551.50000,'2019-05-09 16:06:52',0,12681),(310,'2019-02-11',30.30,1,1,1,2,160,483.39000,50,1,'A',530.30000,'2019-05-09 16:06:53',0,12682),(311,'2019-02-11',20.00,1,1,1,2,160,523.19000,51,1,'A',570.10000,'2019-05-09 16:06:53',0,12683),(312,'2019-02-11',20.00,1,3,1,2,160,533.99000,52,1,'A',580.90000,'2019-05-09 16:06:53',0,12684),(313,'2019-02-11',30.30,1,3,1,2,160,480.59000,53,1,'A',527.50000,'2019-05-09 16:06:53',0,12685),(314,'2019-02-12',40.40,0,0,1,2,128,136.20000,8,2,' ',0.00000,'2019-05-09 16:06:53',0,555),(315,'2019-02-12',20.00,1,1,1,2,160,533.49000,54,1,'A',580.40000,'2019-05-09 16:06:53',0,12686),(316,'2019-02-12',20.00,1,1,1,2,160,528.19000,55,1,'A',575.10000,'2019-05-09 16:06:53',0,12687),(317,'2019-02-12',8.00,1,2,1,2,160,502.89000,56,1,'A',549.80000,'2019-05-09 16:06:53',0,12688),(318,'2019-02-12',20.00,1,2,1,2,160,501.39000,57,1,'A',548.30000,'2019-05-09 16:06:54',0,12689),(319,'2019-02-12',20.00,1,3,1,2,160,525.49000,58,1,'A',572.40000,'2019-05-09 16:06:54',0,12690),(320,'2019-02-12',30.30,1,3,1,2,160,482.69000,59,1,'A',529.60000,'2019-05-09 16:06:54',0,12691),(321,'2019-02-12',13.80,0,0,1,2,180,324.99000,12,2,' ',0.00000,'2019-05-09 16:06:54',0,593),(322,'2019-02-13',8.00,1,1,1,2,160,615.69000,60,1,'A',662.60000,'2019-05-09 16:06:54',0,12692),(323,'2019-02-13',20.00,1,1,1,2,129,328.39000,61,1,'A',367.30000,'2019-05-09 16:06:54',0,12693),(324,'2019-02-13',20.00,1,1,1,2,160,464.29000,62,1,'A',511.20000,'2019-05-09 16:06:54',0,12694),(325,'2019-02-13',24.10,1,1,1,2,160,264.39000,63,1,'A',311.30000,'2019-05-09 16:06:54',0,12695),(326,'2019-02-13',12.00,1,2,1,2,160,576.39000,64,1,'A',623.30000,'2019-05-09 16:06:54',0,12696),(327,'2019-02-13',20.00,1,2,1,2,160,500.09000,65,1,'A',547.00000,'2019-05-09 16:06:54',0,12697),(328,'2019-02-13',8.00,1,3,1,2,160,608.09000,66,1,'A',655.00000,'2019-05-09 16:06:54',0,12698),(329,'2019-02-13',20.00,1,3,1,2,160,531.09000,67,1,'A',578.00000,'2019-05-09 16:06:54',0,12699),(330,'2019-02-14',30.30,1,1,1,2,160,480.09000,68,1,'A',527.00000,'2019-05-09 16:06:54',0,12700),(331,'2019-02-14',12.00,1,1,1,2,160,580.99000,69,1,'A',627.90000,'2019-05-09 16:06:54',0,12701),(332,'2019-02-14',30.30,1,1,1,2,201,304.30000,70,1,'A',354.20000,'2019-05-09 16:06:54',0,12702),(333,'2019-02-14',24.10,1,1,1,2,160,262.79000,71,1,'A',309.70000,'2019-05-09 16:06:54',0,12703),(334,'2019-02-13',30.20,0,0,1,2,18,57.00000,1,3,' ',0.00000,'2019-05-09 16:06:55',0,598),(335,'2019-02-14',8.00,1,2,1,2,160,607.49000,72,1,'A',654.40000,'2019-05-09 16:06:55',0,12704),(336,'2019-02-14',12.00,1,2,1,2,158,575.74000,73,1,'D',622.50000,'2019-05-09 16:06:55',0,12705),(337,'2019-02-14',12.10,1,2,1,2,122,428.40000,74,1,'D',466.80000,'2019-05-09 16:06:55',0,12706),(338,'2019-02-15',20.00,1,3,1,2,160,519.09000,75,1,'A',566.00000,'2019-05-09 16:06:55',0,12707),(339,'2019-02-15',12.00,1,3,1,2,160,580.59000,76,1,'A',627.50000,'2019-05-09 16:06:55',0,12708),(340,'2019-02-15',20.00,1,3,1,2,160,529.69000,77,1,'A',576.60000,'2019-05-09 16:06:55',0,12709),(341,'2019-02-15',12.00,1,1,1,2,160,569.99000,78,1,'A',616.90000,'2019-05-09 16:06:55',0,12710),(342,'2019-02-15',12.10,1,1,1,1,165,459.93000,79,1,'A',507.20000,'2019-05-09 16:06:55',0,12711),(343,'2019-02-15',12.10,1,1,1,2,50,132.11000,80,1,'A',150.90000,'2019-05-09 16:06:55',0,12712),(344,'2019-02-15',24.10,1,2,1,2,121,183.55000,81,1,'D',219.00000,'2019-05-09 16:06:55',0,12713),(345,'2019-02-15',12.00,1,2,1,2,160,519.69000,82,1,'A',566.60000,'2019-05-09 16:06:55',0,12714),(346,'2019-02-15',12.00,1,2,1,2,160,571.19000,83,1,'A',618.10000,'2019-05-09 16:06:55',0,12715),(347,'2019-02-15',8.00,1,2,1,2,160,519.79000,84,1,'A',566.70000,'2019-05-09 16:06:56',0,12716),(348,'2019-02-15',12.00,1,1,1,2,160,579.59000,85,1,'A',626.50000,'2019-05-09 16:06:56',0,12717),(349,'2019-02-15',20.00,1,3,1,2,160,533.59000,86,1,'A',580.50000,'2019-05-09 16:06:56',0,12718),(350,'2019-02-15',20.00,1,1,1,2,160,518.39000,87,1,'A',565.30000,'2019-05-09 16:06:56',0,12719),(351,'2019-02-16',12.00,1,1,1,2,160,520.79000,88,1,'A',567.70000,'2019-05-09 16:06:56',0,12720),(352,'2019-02-16',12.00,1,1,1,2,94,197.26000,89,1,'A',225.00000,'2019-05-09 16:06:56',0,12721),(353,'2019-02-17',20.00,1,3,1,2,160,516.69000,90,1,'A',563.60000,'2019-05-09 16:06:56',0,12722),(354,'2019-02-17',20.00,1,3,1,2,160,529.19000,91,1,'A',576.10000,'2019-05-09 16:06:56',0,12723),(355,'2019-02-17',20.00,1,3,1,2,160,532.69000,92,1,'A',579.60000,'2019-05-09 16:06:56',0,12724),(356,'2019-02-17',20.00,1,3,1,2,160,527.99000,93,1,'A',574.90000,'2019-05-09 16:06:56',0,12725),(357,'2019-02-17',20.00,1,3,1,2,160,527.59000,94,1,'A',574.50000,'2019-05-09 16:06:56',0,12726),(358,'2019-02-18',10.00,1,1,1,2,64,241.62000,95,1,'D',264.30000,'2019-05-09 16:06:56',0,12727),(359,'2019-02-18',10.00,1,1,1,2,73,273.29000,96,1,'D',299.50000,'2019-05-09 16:06:57',0,12728),(360,'2019-02-19',10.00,1,2,1,0,621,587.64000,97,1,'D',668.20000,'2019-05-09 16:06:57',0,12729),(361,'2019-02-19',10.00,1,2,1,2,160,602.59000,98,1,'D',649.50000,'2019-05-09 16:06:57',0,12730),(362,'2019-02-19',20.00,1,3,1,2,160,534.89000,99,1,'A',581.80000,'2019-05-09 16:06:57',0,12731),(363,'2019-02-19',20.00,1,3,1,2,160,531.19000,100,1,'A',578.10000,'2019-05-09 16:06:57',0,12732),(364,'2019-02-19',30.30,1,3,1,2,160,478.65000,101,1,'A',531.30000,'2019-05-09 16:06:57',0,12733),(365,'2019-02-18',10.00,1,2,1,2,160,621.29000,97,1,'D',668.20000,'2019-05-09 16:06:58',0,12734),(366,'2019-02-19',10.00,1,1,1,2,160,598.39000,102,1,'A',645.30000,'2019-05-09 16:06:58',0,12735),(367,'2019-02-19',10.00,1,1,1,2,160,602.49000,103,1,'A',649.40000,'2019-05-09 16:06:58',0,12736),(368,'2019-02-13',16.30,0,0,1,2,210,1081.85000,20,3,' ',0.00000,'2019-05-09 16:06:58',0,591),(369,'2019-02-19',10.00,1,2,1,2,160,600.29000,104,1,'A',647.20000,'2019-05-09 16:06:58',0,12737),(370,'2019-02-19',10.00,1,3,1,2,160,591.89000,105,1,'A',638.80000,'2019-05-09 16:06:58',0,12738),(371,'2019-02-19',20.00,1,3,1,2,160,530.99000,106,1,'A',577.90000,'2019-05-09 16:06:58',0,12739),(372,'2019-02-19',20.00,1,3,1,2,160,521.79000,107,1,'A',568.70000,'2019-05-09 16:06:58',0,12740),(373,'2019-02-19',30.30,1,3,1,2,160,474.15000,108,1,'A',555.50000,'2019-05-09 16:06:58',0,12741),(374,'2019-02-20',10.00,1,1,1,2,160,589.39000,109,1,'A',636.30000,'2019-05-09 16:06:58',0,12742),(375,'2019-02-20',10.00,1,1,1,2,160,594.29000,110,1,'A',641.20000,'2019-05-09 16:06:58',0,12743),(376,'2019-02-20',32.20,0,0,1,2,348,1024.87000,29,2,' ',0.00000,'2019-05-09 16:06:58',0,678),(377,'2019-02-20',10.00,1,1,1,2,160,601.39000,111,1,'A',648.30000,'2019-05-09 16:06:58',0,12744),(378,'2019-02-20',10.00,1,3,1,2,160,589.09000,112,1,'A',636.00000,'2019-05-09 16:06:58',0,12745),(379,'2019-02-20',20.00,1,3,1,2,160,534.49000,113,1,'A',581.40000,'2019-05-09 16:06:58',0,12746),(380,'2019-02-20',20.00,1,3,1,2,160,514.19000,114,1,'A',561.10000,'2019-05-09 16:06:59',0,12747),(381,'2019-02-20',10.00,1,3,1,2,160,589.25000,115,1,'A',641.90000,'2019-05-09 16:06:59',0,12748),(382,'2019-02-20',21.00,0,2,1,2,414,337.00000,1,4,' ',0.00000,'2019-05-09 16:06:59',1,12749),(383,'2019-02-20',32.30,0,3,1,2,114,220.56000,116,1,'A',255.50000,'2019-05-09 16:06:59',0,12750),(384,'2019-02-21',20.00,1,1,1,2,165,199.97000,117,1,'A',241.50000,'2019-05-09 16:06:59',0,12751),(385,'2019-02-21',20.00,1,1,1,2,160,504.59000,118,1,'A',551.50000,'2019-05-09 16:06:59',0,12752),(386,'2019-02-21',12.10,1,1,1,0,38,92.05000,201,1,'A',115.70000,'2019-05-09 16:06:59',0,12753),(387,'2019-02-20',21.00,0,0,1,2,504,1321.08000,42,3,' ',0.00000,'2019-05-09 16:06:59',0,728),(388,'2019-02-21',12.10,1,2,3,1,84,297.00000,201,1,' ',0.00000,'2019-05-09 16:06:59',0,12754),(389,'2019-02-21',12.10,1,1,3,1,38,92.00000,202,1,' ',0.00000,'2019-05-09 16:06:59',0,12755),(390,'2019-02-21',32.50,0,1,3,2,0,81.20000,0,2,' ',0.00000,'2019-05-09 16:06:59',0,12756),(391,'2019-02-21',10.00,1,2,1,2,160,591.53000,119,1,'A',661.40000,'2019-05-09 16:06:59',0,12757),(392,'2019-02-21',10.00,1,2,1,2,160,594.89000,120,1,'A',641.80000,'2019-05-09 16:06:59',0,12758),(393,'2019-02-21',20.00,1,2,1,2,120,381.45000,121,1,'D',419.70000,'2019-05-09 16:06:59',0,12759),(394,'2019-02-21',10.00,1,3,1,2,160,592.09000,122,1,'A',639.00000,'2019-05-09 16:06:59',0,12760),(395,'2019-02-21',30.30,1,3,1,2,160,480.89000,123,1,'A',527.80000,'2019-05-09 16:06:59',0,12761),(396,'2019-02-21',20.90,0,1,1,2,79,145.80000,5,2,' ',0.00000,'2019-05-09 16:06:59',1,12762),(397,'2019-02-20',13.80,0,2,3,2,36,59.40000,3,2,' ',0.00000,'2019-05-09 16:06:59',0,12763),(398,'2019-02-22',10.00,1,1,1,2,160,591.29000,124,1,'A',638.20000,'2019-05-09 16:06:59',0,12764),(399,'2019-02-22',10.00,1,1,1,2,160,594.19000,125,1,'A',641.10000,'2019-05-09 16:06:59',0,12765),(400,'2019-02-22',10.00,1,2,1,2,160,601.29000,126,1,'A',648.20000,'2019-05-09 16:06:59',0,12766),(401,'2019-02-22',10.00,1,2,1,2,160,604.19000,127,1,'A',651.10000,'2019-05-09 16:06:59',0,12767),(402,'2019-02-22',24.00,1,1,1,2,160,232.03000,128,1,'D',330.60000,'2019-05-09 16:07:00',0,12768),(403,'2019-02-22',20.00,1,3,1,2,160,512.03000,129,1,'D',610.60000,'2019-05-09 16:07:00',0,12769),(404,'2019-02-22',30.30,1,3,1,2,160,476.89000,130,1,'A',523.80000,'2019-05-09 16:07:00',0,12770),(405,'2019-02-23',10.00,1,1,1,2,36,81.50000,131,1,'A',96.40000,'2019-05-09 16:07:00',0,12771),(406,'2019-02-23',10.00,1,1,1,2,180,430.43000,132,1,'D',478.80000,'2019-05-09 16:07:00',0,12772),(407,'2019-02-23',10.00,1,1,1,2,160,593.99000,133,1,'A',640.90000,'2019-05-09 16:07:00',0,12773),(408,'2019-02-23',24.00,1,2,1,2,160,229.27000,134,1,'A',293.40000,'2019-05-09 16:07:00',0,12774),(409,'2019-02-23',20.00,1,2,1,2,160,436.71000,135,1,'A',495.10000,'2019-05-09 16:07:00',0,12775),(410,'2019-02-24',20.00,1,3,1,2,160,541.79000,136,1,'A',588.70000,'2019-05-09 16:07:00',0,12776),(411,'2019-02-24',24.00,1,3,1,2,178,255.94000,137,1,'A',309.90000,'2019-05-09 16:07:00',0,12777),(412,'2019-02-24',20.00,1,3,1,2,160,492.25000,138,1,'A',544.90000,'2019-05-09 16:07:00',0,12778),(413,'2019-02-24',30.30,1,3,1,2,160,479.09000,139,1,'A',526.00000,'2019-05-09 16:07:01',0,12779),(414,'2019-02-22',13.80,0,0,1,2,105,179.32000,7,2,' ',0.00000,'2019-05-09 16:07:01',0,751),(415,'2019-02-22',21.80,0,0,1,2,774,2022.00000,86,2,' ',0.00000,'2019-05-09 16:07:01',0,752),(416,'2019-02-25',20.00,1,1,1,2,160,539.19000,140,1,'A',586.10000,'2019-05-09 16:07:01',0,12780),(417,'2019-02-25',20.00,1,1,1,2,160,514.87000,141,1,'A',607.70000,'2019-05-09 16:07:01',0,12781),(418,'2019-02-25',30.30,1,2,1,2,160,477.41000,142,1,'A',535.80000,'2019-05-09 16:07:01',0,12782),(419,'2019-02-25',20.00,1,3,1,2,160,541.39000,143,1,'A',588.30000,'2019-05-09 16:07:01',0,12783),(420,'2019-02-26',20.00,1,1,1,2,160,500.29000,144,1,'A',547.20000,'2019-05-09 16:07:01',0,12784),(421,'2019-02-26',24.00,1,1,1,2,160,233.63000,145,1,'A',303.50000,'2019-05-09 16:07:01',0,12785),(422,'2019-02-26',24.00,1,1,1,2,160,230.49000,146,1,'A',277.40000,'2019-05-09 16:07:01',0,12786),(423,'2019-02-26',32.30,1,1,1,2,154,321.28000,147,1,'A',410.80000,'2019-05-09 16:07:02',0,12787),(424,'2019-02-26',24.00,1,2,1,2,160,231.39000,148,1,'A',278.30000,'2019-05-09 16:07:02',0,12788),(425,'2019-02-26',20.00,1,2,1,2,160,522.89000,149,1,'A',569.80000,'2019-05-09 16:07:02',0,12789),(426,'2019-02-26',8.00,1,3,1,2,160,613.59000,150,1,'A',660.50000,'2019-05-09 16:07:02',0,12790),(427,'2019-02-26',20.00,1,3,1,2,161,415.12000,151,1,'A',462.10000,'2019-05-09 16:07:02',0,12791),(428,'2019-02-26',20.00,1,3,1,2,105,238.32000,152,1,'A',272.60000,'2019-05-09 16:07:02',0,12792),(429,'2019-02-26',30.30,1,3,1,2,160,470.89000,153,1,'A',517.80000,'2019-05-09 16:07:02',0,12793),(430,'2019-02-27',12.00,1,1,1,2,160,588.09000,154,1,'A',635.00000,'2019-05-09 16:07:02',0,12794),(431,'2019-02-27',24.00,1,1,1,2,160,231.89000,155,1,'A',278.80000,'2019-05-09 16:07:02',0,12795),(432,'2019-02-27',24.00,1,1,1,2,175,191.64000,156,1,'A',233.90000,'2019-05-09 16:07:02',0,12796),(433,'2019-02-27',24.10,1,2,1,2,160,241.49000,157,1,'D',288.40000,'2019-05-09 16:07:03',0,12797),(434,'2019-02-27',8.00,1,1,1,2,160,606.49000,158,1,'A',653.40000,'2019-05-09 16:07:03',0,12798),(435,'2019-02-27',12.00,1,1,1,2,160,583.79000,159,1,'A',630.70000,'2019-05-09 16:07:03',0,12799),(436,'2019-02-27',20.00,1,3,1,2,160,482.89000,160,1,'A',529.80000,'2019-05-09 16:07:03',0,12800),(437,'2019-02-28',21.80,0,1,1,2,443,435.00000,1,4,' ',0.00000,'2019-05-09 16:07:03',1,12801),(438,'2019-02-28',24.10,1,1,1,2,95,171.67000,203,1,' ',0.00000,'2019-05-09 16:07:03',1,12802),(439,'2019-02-28',30.20,0,1,3,1,11,36.00000,1,3,' ',0.00000,'2019-05-09 16:07:03',0,12803),(440,'2019-02-28',12.00,1,1,1,2,160,584.39000,161,1,'A',631.30000,'2019-05-09 16:07:03',0,12804),(441,'2019-02-28',12.00,1,1,1,2,160,585.59000,162,1,'A',632.50000,'2019-05-09 16:07:03',0,12805),(442,'2019-02-28',20.00,1,2,1,2,160,483.29000,163,1,'A',530.20000,'2019-05-09 16:07:03',0,12806),(443,'2019-02-28',20.00,1,2,1,2,160,527.95000,164,1,'A',580.60000,'2019-05-09 16:07:03',0,12807),(444,'2019-02-28',12.00,1,3,1,2,160,580.89000,165,1,'A',627.80000,'2019-05-09 16:07:03',0,12808),(445,'2019-02-28',12.00,1,3,1,2,160,582.21000,166,1,'A',640.60000,'2019-05-09 16:07:04',0,12809),(446,'2019-02-28',30.30,1,3,1,2,160,482.49000,167,1,'A',529.40000,'2019-05-09 16:07:04',0,12810),(447,'2019-02-28',20.00,1,1,1,2,160,530.99000,204,1,' ',0.00000,'2019-05-09 16:07:04',1,12811),(448,'2019-02-28',21.80,0,0,1,2,1206,3005.80000,134,2,' ',0.00000,'2019-05-09 16:07:04',0,817),(449,'2019-02-28',15.60,0,0,1,2,240,425.56000,16,2,' ',0.00000,'2019-05-09 16:07:04',0,816),(450,'2019-02-28',20.90,0,0,1,2,270,510.28000,18,2,' ',0.00000,'2019-05-09 16:07:04',0,815),(451,'2019-03-01',12.00,1,1,1,2,160,584.89000,1,1,'A',631.80000,'2019-05-09 16:07:04',0,12812),(452,'2019-03-01',20.00,1,1,1,2,160,533.89000,2,1,'A',580.80000,'2019-05-09 16:07:04',0,12813),(453,'2019-03-01',20.00,1,1,1,2,160,526.39000,3,1,'A',573.30000,'2019-05-09 16:07:04',0,12814),(454,'2019-03-01',12.00,1,2,1,2,160,512.79000,4,1,'A',559.70000,'2019-05-09 16:07:04',0,12815),(455,'2019-03-01',12.00,1,2,1,2,150,456.42000,5,1,'A',502.60000,'2019-05-09 16:07:04',0,12816),(456,'2019-03-02',10.00,1,1,1,2,160,594.19000,6,1,'A',641.10000,'2019-05-09 16:07:04',0,12817),(457,'2019-03-02',10.00,1,1,1,2,160,599.09000,7,1,'A',646.00000,'2019-05-09 16:07:04',0,12818),(458,'2019-03-02',10.00,1,1,1,2,150,526.12000,8,1,'A',572.30000,'2019-05-09 16:07:05',0,12819),(459,'2019-03-02',20.00,1,2,1,2,160,517.29000,9,1,'A',564.20000,'2019-05-09 16:07:05',0,12820),(460,'2019-03-02',20.00,1,2,1,2,160,522.67000,10,1,'A',586.80000,'2019-05-09 16:07:05',0,12821),(461,'2019-03-02',30.30,1,2,1,2,160,517.79000,11,1,'A',564.70000,'2019-05-09 16:07:05',0,12822),(462,'2019-03-03',20.00,2,3,1,2,160,529.09000,12,1,'A',604.70000,'2019-05-09 16:07:05',0,12823),(463,'2019-03-03',20.00,1,3,1,2,160,349.83000,13,1,'A',391.00000,'2019-05-09 16:07:05',0,12824),(464,'2019-03-03',20.00,1,3,1,2,196,386.65000,14,1,'A',444.80000,'2019-05-09 16:07:05',0,12825),(465,'2019-03-03',30.30,1,3,1,2,160,481.89000,15,1,'A',528.80000,'2019-05-09 16:07:05',0,12826),(466,'2019-03-03',10.00,1,3,1,2,49,58.28000,16,1,'A',77.00000,'2019-05-09 16:07:05',0,12827),(467,'2019-03-01',19.10,0,1,1,0,348,1024.87000,29,2,' ',0.00000,'2019-05-09 16:07:06',0,12828),(468,'2019-03-04',8.00,1,2,1,2,160,607.79000,17,1,'A',654.70000,'2019-05-09 16:07:06',0,12829),(469,'2019-03-04',20.00,2,3,1,2,160,528.69000,18,1,'A',575.60000,'2019-05-09 16:07:06',0,12830),(470,'2019-03-04',30.30,1,3,1,2,160,477.73000,19,1,'D',547.60000,'2019-05-09 16:07:06',0,12831),(471,'2019-03-04',8.00,1,3,1,2,160,612.19000,20,1,'A',659.10000,'2019-05-09 16:07:06',0,12832),(472,'2019-03-05',20.00,2,1,1,2,160,639.69000,21,1,'A',686.60000,'2019-05-09 16:07:06',0,12833),(473,'2019-03-05',24.10,1,3,1,2,139,269.39000,22,1,'A',340.60000,'2019-05-09 16:07:06',0,12834),(474,'2019-03-06',8.00,2,1,1,2,160,609.09000,23,1,'A',656.00000,'2019-05-09 16:07:06',0,12835),(475,'2019-03-06',20.00,2,1,1,2,160,535.89000,24,1,'A',582.80000,'2019-05-09 16:07:06',0,12836),(476,'2019-03-06',30.30,1,1,1,2,179,439.50000,25,1,'A',487.80000,'2019-05-09 16:07:06',0,12837),(477,'2019-03-01',32.20,0,1,1,2,348,1024.87000,29,2,' ',0.00000,'2019-05-09 16:07:06',1,12838),(478,'2019-03-06',8.00,2,2,1,2,86,231.54000,26,1,'A',258.70000,'2019-05-09 16:07:07',0,12839),(479,'2019-03-06',8.00,1,2,1,2,140,379.96000,27,1,'A',416.80000,'2019-05-09 16:07:07',0,12840),(480,'2019-03-06',32.30,0,2,1,2,100,205.95000,28,1,'A',237.00000,'2019-05-09 16:07:07',0,12841),(481,'2019-03-06',20.00,2,2,1,2,160,535.39000,29,1,'A',582.30000,'2019-05-09 16:07:07',0,12842),(482,'2019-03-06',20.00,2,3,1,2,160,530.69000,30,1,'A',577.60000,'2019-05-09 16:07:07',0,12843),(483,'2019-03-07',20.00,2,2,1,2,160,547.29000,31,1,'A',594.20000,'2019-05-09 16:07:07',0,12844),(484,'2019-03-07',4.00,2,2,1,2,160,540.99000,32,1,'A',587.90000,'2019-05-09 16:07:07',0,12845),(485,'2019-03-07',20.00,2,3,1,2,160,529.39000,33,1,'A',576.30000,'2019-05-09 16:07:07',0,12846),(486,'2019-03-07',20.70,0,0,1,2,468,1396.81000,39,2,' ',0.00000,'2019-05-09 16:07:07',0,889),(487,'2019-03-07',13.80,0,0,1,2,179,304.81000,12,2,' ',0.00000,'2019-05-09 16:07:08',0,890),(488,'2019-03-08',21.00,0,0,1,2,504,1284.62000,42,3,' ',0.00000,'2019-05-09 16:07:08',0,898),(489,'2019-03-08',4.00,2,1,1,2,160,527.49000,34,1,'A',574.40000,'2019-05-09 16:07:08',0,12847),(490,'2019-03-08',20.00,2,1,1,2,160,535.79000,35,1,'A',582.70000,'2019-05-09 16:07:08',0,12848),(491,'2019-03-08',20.00,2,2,1,2,160,537.29000,36,1,'D',584.20000,'2019-05-09 16:07:08',0,12849),(492,'2019-03-08',20.00,2,2,1,2,160,521.39000,37,1,'D',568.30000,'2019-05-09 16:07:08',0,12850),(493,'2019-03-08',4.00,2,3,1,2,160,482.19000,38,1,'A',529.10000,'2019-05-09 16:07:08',0,12851),(494,'2019-03-09',20.00,2,1,1,2,83,264.79000,39,1,'D',294.60000,'2019-05-09 16:07:08',0,12852),(495,'2019-03-09',4.00,2,2,1,2,160,540.99000,40,1,'D',587.90000,'2019-05-09 16:07:08',0,12853),(496,'2019-03-09',20.00,2,2,1,2,160,528.39000,41,1,'A',575.30000,'2019-05-09 16:07:08',0,12854),(497,'2019-03-10',8.00,2,3,1,2,160,627.39000,42,1,'A',674.30000,'2019-05-09 16:07:08',0,12855),(498,'2019-03-10',8.00,2,3,1,2,160,619.49000,43,1,'A',666.40000,'2019-05-09 16:07:08',0,12856),(499,'2019-03-10',20.00,2,3,1,2,160,524.59000,44,1,'A',571.50000,'2019-05-09 16:07:08',0,12857),(500,'2019-03-10',20.00,2,3,1,2,160,538.19000,45,1,'A',585.10000,'2019-05-09 16:07:09',0,12858),(501,'2019-03-10',24.10,1,3,1,2,160,285.19000,46,1,'A',332.10000,'2019-05-09 16:07:09',0,12859),(502,'2019-03-10',20.00,2,3,1,2,160,531.79000,47,1,'A',578.70000,'2019-05-09 16:07:09',0,12860),(503,'2019-03-10',20.00,2,3,1,2,160,511.99000,48,1,'A',558.90000,'2019-05-09 16:07:09',0,12861),(504,'2019-03-10',30.30,1,3,1,2,170,423.46000,49,1,'A',471.10000,'2019-05-09 16:07:09',0,12862),(505,'2019-03-10',30.30,2,3,1,2,160,485.69000,50,1,'A',532.60000,'2019-05-09 16:07:09',0,12863),(506,'2019-03-10',4.00,1,3,1,2,13,39.45000,51,1,'A',49.80000,'2019-05-09 16:07:09',0,12864),(507,'2019-03-10',4.00,2,3,1,2,21,56.20000,52,1,'A',70.00000,'2019-05-09 16:07:09',0,12865),(508,'2019-03-11',24.10,1,2,1,2,74,120.82000,53,1,'D',147.10000,'2019-05-09 16:07:09',0,12866),(509,'2019-03-11',8.00,2,2,1,2,160,617.79000,54,1,'A',664.70000,'2019-05-09 16:07:09',0,12867),(510,'2019-03-11',20.00,2,2,1,2,160,532.19000,55,1,'A',579.10000,'2019-05-09 16:07:09',0,12868),(511,'2019-03-11',20.00,2,2,1,2,160,513.89000,56,1,'A',560.80000,'2019-05-09 16:07:09',0,12869),(512,'2019-03-11',20.00,2,3,1,2,160,527.29000,57,1,'A',574.20000,'2019-05-09 16:07:10',0,12870),(513,'2019-03-12',8.00,2,1,1,2,160,621.39000,58,1,'A',668.30000,'2019-05-09 16:07:10',0,12871),(514,'2019-03-12',20.00,2,1,1,2,114,354.29000,59,1,'A',392.10000,'2019-05-09 16:07:10',0,12872),(515,'2019-03-12',20.00,2,1,1,2,158,186.12000,60,1,'A',221.40000,'2019-05-09 16:07:10',0,12873),(516,'2019-03-12',20.00,2,1,1,2,161,336.12000,61,1,'A',383.10000,'2019-05-09 16:07:10',0,12874),(517,'2019-03-12',30.30,2,2,1,2,160,487.59000,62,1,'A',534.50000,'2019-05-09 16:07:10',0,12875),(518,'2019-03-12',20.00,2,2,1,2,160,531.39000,63,1,'A',578.30000,'2019-05-09 16:07:10',0,12876),(519,'2019-03-12',19.10,0,0,1,2,180,515.80000,15,2,' ',0.00000,'2019-05-09 16:07:10',0,961),(520,'2019-03-12',20.70,0,0,1,2,263,745.28000,23,2,' ',0.00000,'2019-05-09 16:07:10',0,962),(521,'2019-03-13',8.00,2,1,1,2,160,605.99000,64,1,'A',652.90000,'2019-05-09 16:07:11',0,12877),(522,'2019-03-13',20.00,2,1,1,2,147,252.58000,65,1,'A',292.80000,'2019-05-09 16:07:11',0,12878),(523,'2019-03-13',8.00,2,1,1,2,57,181.23000,66,1,'A',203.40000,'2019-05-09 16:07:11',0,12879),(524,'2019-03-13',20.00,2,1,1,2,160,501.29000,67,1,'A',548.20000,'2019-05-09 16:07:11',0,12880),(525,'2019-03-13',10.00,2,1,1,2,130,282.22000,68,1,'A',321.20000,'2019-05-09 16:07:11',0,12881),(526,'2019-03-13',20.00,2,1,1,2,131,213.59000,69,1,'A',246.90000,'2019-05-09 16:07:11',0,12882),(527,'2019-03-13',8.00,3,3,1,2,160,622.69000,70,1,'A',669.60000,'2019-05-09 16:07:11',0,12883),(528,'2019-03-13',10.00,2,3,1,2,160,592.29000,71,1,'A',639.20000,'2019-05-09 16:07:12',0,12884),(529,'2019-03-13',20.00,3,3,1,2,160,531.99000,72,1,'A',578.90000,'2019-05-09 16:07:12',0,12885),(530,'2019-03-11',16.30,0,0,1,2,210,1050.35000,20,3,' ',0.00000,'2019-05-09 16:07:12',0,901),(531,'2019-03-14',10.00,2,1,1,2,166,471.05000,73,1,'A',518.40000,'2019-05-09 16:07:12',0,12886),(532,'2019-03-14',10.00,2,1,1,2,160,593.49000,74,1,'A',640.40000,'2019-05-09 16:07:12',0,12887),(533,'2019-03-14',30.30,3,1,1,2,160,504.99000,75,1,'A',551.90000,'2019-05-09 16:07:12',0,12888),(534,'2019-03-14',10.00,2,1,1,2,49,19.92000,76,1,'A',32.90000,'2019-05-09 16:07:12',0,12889),(535,'2019-03-14',12.00,2,2,1,2,115,313.49000,77,1,'D',348.50000,'2019-05-09 16:07:12',0,12890),(536,'2019-03-14',8.00,3,2,1,2,94,245.59000,78,1,'A',276.20000,'2019-05-09 16:07:12',0,12891),(537,'2019-03-14',20.00,3,3,1,2,160,532.49000,79,1,'A',579.40000,'2019-05-09 16:07:12',0,12892),(538,'2019-03-14',4.00,3,3,1,2,160,542.69000,80,1,'A',589.60000,'2019-05-09 16:07:13',0,12893),(539,'2019-03-15',30.30,2,1,1,2,76,247.24000,81,1,'D',270.80000,'2019-05-09 16:07:13',0,12894),(540,'2019-03-15',12.00,3,1,1,2,160,574.99000,82,1,'D',621.90000,'2019-05-09 16:07:13',0,12895),(541,'2019-03-14',15.60,0,0,1,2,165,281.03000,11,2,' ',0.00000,'2019-05-09 16:07:13',0,1027),(542,'2019-03-14',20.90,0,0,1,2,300,578.53000,20,2,' ',0.00000,'2019-05-09 16:07:13',0,1026),(543,'2019-03-15',12.00,3,1,1,2,160,576.59000,83,1,'A',623.50000,'2019-05-09 16:07:13',0,12896),(544,'2019-03-15',4.00,3,2,1,2,160,516.69000,84,1,'A',563.60000,'2019-05-09 16:07:13',0,12897),(545,'2019-03-15',30.30,2,2,1,2,85,271.02000,85,1,'D',298.10000,'2019-05-09 16:07:13',0,12898),(546,'2019-03-15',12.00,3,3,1,2,160,576.69000,86,1,'A',623.60000,'2019-05-09 16:07:13',0,12899),(547,'2019-03-15',20.00,3,3,1,2,160,528.19000,87,1,'A',575.10000,'2019-05-09 16:07:13',0,12900),(548,'2019-03-15',20.00,3,3,1,2,160,514.89000,88,1,'A',561.80000,'2019-05-09 16:07:14',0,12901),(549,'2019-03-15',32.30,0,3,1,2,160,327.89000,89,1,'A',374.80000,'2019-05-09 16:07:14',0,12902),(550,'2019-03-16',4.00,3,1,1,2,160,530.79000,90,1,'A',577.70000,'2019-05-09 16:07:14',0,12903),(551,'2019-03-16',12.00,3,1,1,2,160,577.39000,91,1,'A',624.30000,'2019-05-09 16:07:14',0,12904),(552,'2019-03-16',12.00,3,2,1,2,160,578.69000,92,1,'A',625.60000,'2019-05-09 16:07:14',0,12905),(553,'2019-03-16',20.00,3,2,1,2,160,517.69000,93,1,'A',564.60000,'2019-05-09 16:07:14',0,12906),(554,'2019-03-16',4.00,3,2,1,2,160,525.79000,94,1,'A',572.70000,'2019-05-09 16:07:14',0,12907),(555,'2019-03-17',12.00,3,3,1,2,160,577.79000,95,1,'A',624.70000,'2019-05-09 16:07:15',0,12908),(556,'2019-03-17',20.00,2,3,1,2,160,516.49000,96,1,'A',563.40000,'2019-05-09 16:07:15',0,12909),(557,'2019-03-17',20.00,3,3,1,2,160,528.29000,97,1,'A',575.20000,'2019-05-09 16:07:15',0,12910),(558,'2019-03-17',20.00,3,3,1,2,160,511.19000,98,1,'A',558.10000,'2019-05-09 16:07:15',0,12911),(559,'2019-03-17',30.30,2,3,1,2,180,410.13000,99,1,'A',458.50000,'2019-05-09 16:07:15',0,12912),(560,'2019-03-17',24.10,0,3,1,2,165,311.43000,100,1,'A',358.70000,'2019-05-09 16:07:15',0,12913),(561,'2019-03-19',12.00,3,1,1,2,160,581.09000,101,1,'A',628.00000,'2019-05-09 16:07:15',0,12914),(562,'2019-03-19',12.00,3,2,1,2,160,581.49000,102,1,'A',628.40000,'2019-05-09 16:07:15',0,12915),(563,'2019-03-19',4.00,3,2,1,2,160,531.59000,103,1,'A',578.50000,'2019-05-09 16:07:15',0,12916),(564,'2019-03-19',12.00,3,3,1,2,160,579.89000,104,1,'A',626.80000,'2019-05-09 16:07:16',0,12917),(565,'2019-03-19',20.00,3,3,1,2,160,525.29000,105,1,'A',572.20000,'2019-05-09 16:07:16',0,12918),(566,'2019-03-19',23.20,0,0,1,2,216,524.20000,12,3,' ',0.00000,'2019-05-09 16:07:16',0,1036),(567,'2019-03-20',12.00,3,1,1,2,160,581.29000,106,1,'A',628.20000,'2019-05-09 16:07:16',0,12919),(568,'2019-03-20',12.00,3,1,1,2,139,453.39000,107,1,'A',495.90000,'2019-05-09 16:07:16',0,12920),(569,'2019-03-20',30.30,3,1,1,2,160,501.89000,108,1,'A',548.80000,'2019-05-09 16:07:16',0,12921),(570,'2019-03-20',4.00,3,2,1,2,176,512.12000,109,1,'A',560.20000,'2019-05-09 16:07:16',0,12922),(571,'2019-03-20',10.00,3,3,1,2,160,596.39000,110,1,'A',643.30000,'2019-05-09 16:07:16',0,12923),(572,'2019-03-20',32.30,0,3,1,2,67,159.83000,111,1,'D',185.60000,'2019-05-09 16:07:16',0,12924),(573,'2019-03-20',32.30,0,3,1,2,160,363.09000,112,1,'D',410.00000,'2019-05-09 16:07:16',0,12925),(574,'2019-03-20',20.00,3,3,1,2,160,531.89000,113,1,'A',578.80000,'2019-05-09 16:07:17',0,12926),(575,'2019-03-19',21.00,0,0,1,2,504,1292.98000,42,3,' ',0.00000,'2019-05-09 16:07:17',0,1079),(576,'2019-03-20',20.00,3,3,1,2,160,538.39000,114,1,'A',585.30000,'2019-05-09 16:07:17',0,12927),(577,'2019-03-21',10.00,3,1,1,2,160,598.99000,115,1,'A',645.90000,'2019-05-09 16:07:17',0,12928),(578,'2019-03-21',10.00,3,2,1,2,160,604.89000,116,1,'A',651.80000,'2019-05-09 16:07:17',0,12929),(579,'2019-03-21',30.30,3,2,1,2,160,448.29000,117,1,'A',495.20000,'2019-05-09 16:07:17',0,12930),(580,'2019-03-21',10.00,3,2,1,2,160,597.39000,118,1,'A',644.30000,'2019-05-09 16:07:17',0,12931),(581,'2019-03-21',20.00,3,3,1,2,123,433.80000,119,1,'A',469.40000,'2019-05-09 16:07:17',0,12932),(582,'2019-03-21',8.00,3,3,1,2,160,632.49000,120,1,'A',679.40000,'2019-05-09 16:07:17',0,12933),(583,'2019-03-21',10.00,3,3,1,2,160,605.09000,121,1,'A',652.00000,'2019-05-09 16:07:17',0,12934),(584,'2019-03-21',20.00,3,3,1,2,160,538.79000,122,1,'A',585.70000,'2019-05-09 16:07:17',0,12935),(585,'2019-03-21',30.30,3,3,1,2,160,391.49000,123,1,'A',438.40000,'2019-05-09 16:07:18',0,12936),(586,'2019-03-22',10.00,3,1,1,2,160,604.59000,124,1,'A',651.50000,'2019-05-09 16:07:18',0,12937),(587,'2019-03-22',10.00,3,2,1,2,160,601.99000,125,1,'A',648.90000,'2019-05-09 16:07:18',0,12938),(588,'2019-03-22',10.00,3,2,1,2,160,606.29000,126,1,'A',653.20000,'2019-05-09 16:07:18',0,12939),(589,'2019-03-22',10.00,3,3,1,2,160,605.89000,127,1,'A',652.80000,'2019-05-09 16:07:18',0,12940),(590,'2019-03-22',20.00,3,3,1,2,160,535.19000,128,1,'A',582.10000,'2019-05-09 16:07:18',0,12941),(591,'2019-03-22',20.00,3,3,1,2,160,533.93000,129,1,'A',603.80000,'2019-05-09 16:07:18',0,12942),(592,'2019-03-22',30.30,3,3,1,2,160,257.59000,130,1,'A',304.50000,'2019-05-09 16:07:18',0,12943),(593,'2019-03-23',30.30,3,3,1,2,71,115.74000,131,1,'A',141.80000,'2019-05-09 16:07:18',0,12944),(594,'2019-03-23',10.00,3,1,1,2,160,608.19000,132,1,'A',655.10000,'2019-05-09 16:07:18',0,12945),(595,'2019-03-23',10.00,3,2,1,2,160,606.29000,133,1,'A',653.20000,'2019-05-09 16:07:18',0,12946),(596,'2019-03-23',20.00,2,2,1,2,169,451.25000,134,1,'A',510.30000,'2019-05-09 16:07:18',0,12947),(597,'2019-03-23',20.00,3,2,1,2,160,540.29000,135,1,'A',587.20000,'2019-05-09 16:07:18',0,12948),(598,'2019-03-23',20.00,3,3,1,2,160,533.49000,136,1,'A',580.40000,'2019-05-09 16:07:19',0,12949),(599,'2019-03-23',24.10,3,3,1,2,160,287.19000,137,1,'A',334.10000,'2019-05-09 16:07:19',0,12950),(600,'2019-03-24',20.00,3,3,1,2,160,548.09000,138,1,'A',595.00000,'2019-05-09 16:07:19',0,12951),(601,'2019-03-24',20.00,3,3,1,2,160,530.69000,139,1,'A',577.60000,'2019-05-09 16:07:19',0,12952),(602,'2019-03-24',20.00,3,3,1,2,160,536.69000,140,1,'A',583.60000,'2019-05-09 16:07:19',0,12953),(603,'2019-03-25',10.00,3,1,1,2,75,129.62000,141,1,'D',153.10000,'2019-05-09 16:07:19',0,12954),(604,'2019-03-25',10.00,3,1,1,2,206,512.93000,142,1,'D',563.20000,'2019-05-09 16:07:19',0,12955),(605,'2019-03-25',20.00,2,1,1,2,30,80.84000,143,1,'D',95.30000,'2019-05-09 16:07:19',0,12956),(606,'2019-03-25',20.00,3,1,1,2,198,326.79000,144,1,'D',373.60000,'2019-05-09 16:07:19',0,12957),(607,'2019-03-25',30.30,2,1,1,2,131,281.58000,145,1,'D',323.50000,'2019-05-09 16:07:19',0,12958),(608,'2019-03-26',30.30,3,2,1,2,160,508.19000,146,1,'D',555.10000,'2019-05-09 16:07:19',0,12959),(609,'2019-03-26',20.00,3,3,1,2,160,545.99000,147,1,'D',592.90000,'2019-05-09 16:07:19',0,12960),(610,'2019-03-26',32.30,0,1,1,2,160,356.11000,148,1,'A',414.50000,'2019-05-09 16:07:19',0,12961),(611,'2019-03-26',24.00,3,1,1,2,105,185.75000,149,1,'D',222.90000,'2019-05-09 16:07:19',0,12962),(612,'2019-03-27',12.00,3,3,1,2,160,563.59000,150,1,'A',610.50000,'2019-05-09 16:07:19',0,12963),(613,'2019-03-27',20.00,3,3,1,2,160,533.09000,151,1,'A',580.00000,'2019-05-09 16:07:19',0,12964),(614,'2019-03-27',30.30,3,3,1,2,161,483.22000,152,1,'A',530.20000,'2019-05-09 16:07:19',0,12965),(615,'2019-03-27',12.00,3,1,1,0,91,47.43000,153,1,'A',89.30000,'2019-05-09 16:07:19',0,12966),(616,'2019-03-27',12.00,3,1,1,2,91,61.78000,153,1,'A',89.30000,'2019-05-09 16:07:19',0,12967),(617,'2019-03-27',12.00,3,1,1,2,160,526.39000,154,1,'A',573.30000,'2019-05-09 16:07:19',0,12969),(618,'2019-03-27',12.00,3,1,1,2,160,560.39000,155,1,'A',607.30000,'2019-05-09 16:07:19',0,12970),(619,'2019-03-27',24.00,3,1,1,2,160,278.35000,156,1,'A',331.00000,'2019-05-09 16:07:19',0,12971),(620,'2019-03-28',8.00,3,2,1,2,160,630.19000,157,1,'A',677.10000,'2019-05-09 16:07:19',0,12972),(621,'2019-03-28',20.00,3,2,1,2,160,542.79000,158,1,'A',589.70000,'2019-05-09 16:07:19',0,12973),(622,'2019-03-28',8.00,3,1,1,0,160,604.89000,160,1,'A',651.80000,'2019-05-09 16:07:19',0,12974),(623,'2019-03-28',24.00,3,1,1,2,160,277.09000,160,1,'A',324.00000,'2019-05-09 16:07:19',0,12975),(624,'2019-03-28',20.00,3,2,1,2,160,545.69000,161,1,'A',592.60000,'2019-05-09 16:07:20',0,12976),(625,'2019-03-29',30.30,3,2,1,2,160,494.29000,162,1,'A',541.20000,'2019-05-09 16:07:20',0,12977),(626,'2019-03-29',20.00,3,2,1,2,160,525.39000,163,1,'A',572.30000,'2019-05-09 16:07:20',0,12978),(627,'2019-03-29',8.00,3,2,1,2,160,522.39000,164,1,'A',569.30000,'2019-05-09 16:07:20',0,12979),(628,'2019-03-29',32.30,0,3,1,2,160,371.99000,165,1,'A',418.90000,'2019-05-09 16:07:20',0,12980),(629,'2019-03-29',24.00,3,3,1,2,160,276.09000,166,1,'A',323.00000,'2019-05-09 16:07:20',0,12981),(630,'2019-03-29',8.00,2,3,1,2,22,80.39000,167,1,'A',91.40000,'2019-05-09 16:07:20',0,12982),(631,'2019-03-29',20.00,3,1,1,2,160,485.09000,168,1,'A',532.00000,'2019-05-09 16:07:20',0,12983),(632,'2019-03-29',24.10,3,1,1,2,160,283.29000,169,1,'A',330.20000,'2019-05-09 16:07:20',0,12984),(633,'2019-03-29',8.00,3,2,1,2,160,537.29000,170,1,'A',584.20000,'2019-05-09 16:07:20',0,12985),(634,'2019-03-29',20.00,3,2,1,2,160,531.89000,171,1,'A',578.80000,'2019-05-09 16:07:20',0,12986),(635,'2019-03-29',30.30,3,2,1,2,160,446.99000,172,1,'A',493.90000,'2019-05-09 16:07:20',0,12987),(636,'2019-03-29',8.00,3,1,1,2,160,533.49000,173,1,'A',580.40000,'2019-05-09 16:07:20',0,12988),(637,'2019-03-30',8.00,3,1,1,2,136,411.41000,174,1,'A',453.70000,'2019-05-09 16:07:20',0,12989),(638,'2019-03-30',20.00,3,1,1,2,160,513.59000,175,1,'A',560.50000,'2019-05-09 16:07:20',0,12990),(639,'2019-03-30',24.00,3,1,1,0,160,269.29000,160,1,'A',316.20000,'2019-05-09 16:07:20',0,12991),(640,'2019-03-30',24.00,3,1,1,2,160,269.29000,176,1,'A',316.20000,'2019-05-09 16:07:20',0,12992),(641,'2019-03-30',20.00,3,3,1,2,160,519.59000,177,1,'A',566.50000,'2019-05-09 16:07:20',0,12993),(642,'2019-03-30',20.00,3,3,1,2,160,523.79000,178,1,'A',570.70000,'2019-05-09 16:07:20',0,12994),(643,'2019-03-30',20.00,3,3,1,2,160,515.09000,179,1,'A',562.00000,'2019-05-09 16:07:20',0,12995),(644,'2019-03-30',24.00,3,3,1,2,194,174.65000,180,1,'A',218.30000,'2019-05-09 16:07:20',0,12996),(645,'2019-03-31',8.00,3,3,1,2,92,317.43000,181,1,'A',347.90000,'2019-05-09 16:07:20',0,12997),(646,'2019-03-31',20.00,3,3,1,2,160,515.29000,182,1,'A',562.20000,'2019-05-09 16:07:20',0,12998),(647,'2019-03-31',30.30,3,3,1,2,160,446.29000,183,1,'A',493.20000,'2019-05-09 16:07:20',0,12999),(648,'2019-03-29',21.10,0,0,1,2,144,78.80000,3,3,' ',0.00000,'2019-05-09 16:07:20',0,1150),(649,'2019-03-31',32.30,0,3,1,2,153,293.91000,184,1,'A',360.40000,'2019-05-09 16:07:21',0,13000),(650,'2019-04-01',20.00,3,1,1,2,162,322.08000,1,1,'A',363.40000,'2019-05-09 16:07:21',0,13001),(651,'2019-04-01',20.00,3,1,1,2,163,503.17000,2,1,'A',550.30000,'2019-05-09 16:07:21',0,13002),(652,'2019-04-01',20.00,3,1,1,2,157,247.62000,3,1,'A',285.70000,'2019-05-09 16:07:21',0,13003),(653,'2019-04-01',8.00,4,2,1,2,160,552.69000,4,1,'A',599.60000,'2019-05-09 16:07:21',0,13004),(654,'2019-04-01',8.00,4,2,1,2,24,75.45000,5,1,'A',86.60000,'2019-05-09 16:07:21',0,13005),(655,'2019-04-01',20.00,3,2,1,2,160,523.19000,6,1,'A',570.10000,'2019-05-09 16:07:21',0,13006),(656,'2019-04-01',30.30,3,2,1,2,160,455.19000,7,1,'A',502.10000,'2019-05-09 16:07:21',0,13007),(657,'2019-04-02',10.00,3,1,1,2,160,602.99000,8,1,'A',649.90000,'2019-05-09 16:07:21',0,13008),(658,'2019-04-02',10.00,3,1,1,2,160,600.19000,9,1,'A',647.10000,'2019-05-09 16:07:21',0,13009),(659,'2019-04-02',20.00,3,1,1,2,160,502.99000,10,1,'A',549.90000,'2019-05-09 16:07:21',0,13010),(660,'2019-03-28',8.00,3,1,1,2,160,604.89000,159,1,'A',651.80000,'2019-05-09 16:07:21',0,13011),(661,'2019-04-02',4.00,4,2,1,2,160,537.29000,11,1,'A',584.20000,'2019-05-09 16:07:21',0,13012),(662,'2019-04-02',20.00,3,2,1,2,59,154.95000,12,1,'A',174.40000,'2019-05-09 16:07:21',0,13013),(663,'2019-04-02',4.00,4,3,1,2,160,534.39000,13,1,'A',581.30000,'2019-05-09 16:07:21',0,13014),(664,'2019-04-02',10.00,3,3,1,2,160,598.89000,14,1,'A',645.80000,'2019-05-09 16:07:21',0,13015),(665,'2019-04-02',30.30,3,3,1,2,160,436.89000,15,1,'A',483.80000,'2019-05-09 16:07:21',0,13016),(666,'2019-03-31',24.10,3,3,1,2,40,56.44000,185,1,'A',74.50000,'2019-05-09 16:07:21',0,13017),(667,'2019-04-03',10.00,3,1,1,2,160,604.19000,16,1,'A',651.10000,'2019-05-09 16:07:21',0,13018),(668,'2019-04-03',10.00,3,2,1,2,160,601.29000,17,1,'A',648.20000,'2019-05-09 16:07:21',0,13019),(669,'2019-04-03',10.00,3,2,1,2,160,607.69000,18,1,'A',654.60000,'2019-05-09 16:07:21',0,13020),(670,'2019-04-03',10.00,3,3,1,2,160,527.69000,19,1,'A',574.60000,'2019-05-09 16:07:21',0,13021),(671,'2019-04-03',20.00,4,3,1,2,160,540.49000,20,1,'A',587.40000,'2019-05-09 16:07:21',0,13022),(672,'2019-04-04',24.10,3,1,1,2,160,266.29000,21,1,'A',313.20000,'2019-05-09 16:07:21',0,13023),(673,'2019-04-04',30.30,3,1,1,2,160,438.69000,22,1,'A',485.60000,'2019-05-09 16:07:21',0,13024),(674,'2019-04-04',10.00,4,2,1,2,160,591.79000,23,1,'A',638.70000,'2019-05-09 16:07:21',0,13025),(675,'2019-04-04',4.00,4,2,1,2,169,500.53000,24,1,'A',548.10000,'2019-05-09 16:07:22',0,13026),(676,'2019-04-04',20.00,4,2,1,2,160,528.99000,25,1,'A',575.90000,'2019-05-09 16:07:22',0,13027),(677,'2019-04-03',21.10,0,0,1,2,129,101.80000,4,2,' ',0.00000,'2019-05-09 16:07:22',0,1173),(678,'2019-04-03',21.10,0,0,1,2,147,88.20000,3,2,' ',0.00000,'2019-05-09 16:07:22',0,1174),(679,'2019-04-05',4.00,4,0,1,0,160,515.49000,26,1,'A',562.40000,'2019-05-09 16:07:22',0,13028),(680,'2019-04-05',10.00,4,1,1,2,160,598.69000,27,1,'A',645.60000,'2019-05-09 16:07:22',0,13029),(681,'2019-04-05',10.00,4,2,1,2,160,606.59000,28,1,'A',653.50000,'2019-05-09 16:07:22',0,13030),(682,'2019-04-05',4.00,4,2,1,0,160,511.49000,29,1,'A',558.40000,'2019-05-09 16:07:22',0,13031),(683,'2019-04-05',4.00,4,1,1,2,160,515.49000,26,1,'A',562.40000,'2019-05-09 16:07:22',0,13032),(684,'2019-04-05',4.00,4,3,1,2,160,511.49000,29,1,'A',558.40000,'2019-05-09 16:07:22',0,13033),(685,'2019-04-05',10.00,4,3,1,2,160,602.49000,30,1,'A',649.40000,'2019-05-09 16:07:22',0,13034),(686,'2019-04-05',20.00,4,3,1,2,160,551.09000,31,1,'A',598.00000,'2019-05-09 16:07:22',0,13035),(687,'2019-04-05',30.30,3,3,1,2,160,423.29000,32,1,'A',470.20000,'2019-05-09 16:07:22',0,13036),(688,'2019-04-06',16.30,0,0,1,2,210,1067.58000,20,3,' ',0.00000,'2019-05-09 16:07:22',0,1156),(689,'2019-04-05',20.00,4,3,1,2,160,529.99000,33,1,'A',576.90000,'2019-05-09 16:07:22',0,13037),(690,'2019-04-06',32.30,0,1,1,2,160,331.09000,34,1,'A',378.00000,'2019-05-09 16:07:22',0,13038),(691,'2019-04-06',10.00,3,1,1,2,173,498.54000,35,1,'A',546.40000,'2019-05-09 16:07:22',0,13039),(692,'2019-04-06',10.00,4,1,1,2,110,310.25000,36,1,'A',344.90000,'2019-05-09 16:07:22',0,13040),(693,'2019-04-06',10.00,4,1,1,2,176,534.42000,37,1,'A',582.50000,'2019-05-09 16:07:22',0,13041),(694,'2019-04-07',20.00,4,3,1,2,112,345.20000,39,1,'A',380.00000,'2019-05-09 16:07:22',0,13042),(695,'2019-04-05',32.40,0,0,1,2,999,2619.80000,111,2,' ',0.00000,'2019-05-09 16:07:22',0,1204),(696,'2019-04-08',12.00,4,1,1,1,160,583.19000,40,1,'A',630.10000,'2019-05-09 16:07:22',0,13043),(697,'2019-04-08',30.30,3,1,1,2,148,387.04000,41,1,'A',430.20000,'2019-05-09 16:07:22',0,13044),(698,'2019-04-07',20.00,4,3,1,2,160,535.09000,38,1,'A',582.00000,'2019-05-09 16:07:22',0,13045),(699,'2019-04-08',21.00,0,0,1,1,504,1321.06000,42,3,' ',0.00000,'2019-05-09 16:07:22',0,1211),(700,'2019-04-08',12.00,4,2,1,2,160,578.89000,42,1,'A',625.80000,'2019-05-09 16:07:22',0,13046),(701,'2019-04-08',4.00,4,3,1,2,160,513.79000,43,1,'A',560.70000,'2019-05-09 16:07:23',0,13047),(702,'2019-04-08',20.00,4,3,1,2,160,536.79000,44,1,'A',583.70000,'2019-05-09 16:07:23',0,13048),(703,'2019-04-08',30.30,3,3,1,2,160,405.79000,45,1,'A',452.70000,'2019-05-09 16:07:23',0,13049),(704,'2019-04-09',12.00,4,1,1,2,160,583.09000,46,1,'A',630.00000,'2019-05-09 16:07:23',0,13050),(705,'2019-04-09',12.00,4,1,1,1,160,583.49000,47,1,'A',630.40000,'2019-05-09 16:07:23',0,13051),(706,'2019-04-09',12.00,3,1,1,2,14,45.78000,48,1,'A',56.20000,'2019-05-09 16:07:23',0,13052),(707,'2019-04-09',32.30,0,2,1,2,160,337.19000,49,1,'A',384.10000,'2019-05-09 16:07:23',0,13053),(708,'2019-04-09',4.00,4,2,1,2,160,509.29000,50,1,'A',556.20000,'2019-05-09 16:07:23',0,13054),(709,'2019-04-09',12.00,4,2,1,2,160,590.19000,51,1,'A',637.10000,'2019-05-09 16:07:23',0,13055),(710,'2019-04-09',24.10,3,3,1,2,160,261.29000,52,1,'A',308.20000,'2019-05-09 16:07:23',0,13056),(711,'2019-04-10',4.00,4,1,1,2,172,459.51000,53,1,'A',507.30000,'2019-05-09 16:07:23',0,13057),(712,'2019-04-10',12.00,4,1,1,2,160,582.09000,54,1,'A',629.00000,'2019-05-09 16:07:23',0,13058),(713,'2019-04-10',20.00,4,1,1,2,160,541.99000,55,1,'A',588.90000,'2019-05-09 16:07:23',0,13059),(714,'2019-04-10',12.00,4,2,1,2,160,562.29000,56,1,'A',609.20000,'2019-05-09 16:07:23',0,13060),(715,'2019-04-10',12.00,4,2,1,2,160,473.69000,57,1,'A',520.60000,'2019-05-09 16:07:23',0,13061),(716,'2019-04-10',12.00,4,2,1,2,66,181.17000,58,1,'A',204.00000,'2019-05-09 16:07:23',0,13062),(717,'2019-04-10',20.00,4,3,1,2,160,530.29000,59,1,'A',577.20000,'2019-05-09 16:07:23',0,13063),(718,'2019-04-10',30.30,3,3,1,2,160,411.89000,60,1,'A',458.80000,'2019-05-09 16:07:23',0,13064),(719,'2019-04-10',24.10,3,3,1,2,121,155.35000,61,1,'A',190.80000,'2019-05-09 16:07:23',0,13065),(720,'2019-04-11',8.00,4,1,1,2,146,562.11000,62,1,'A',608.00000,'2019-05-09 16:07:23',0,13066),(721,'2019-04-11',16.40,0,1,3,1,270,441.58000,17,2,' ',0.00000,'2019-05-09 16:07:23',0,13067),(722,'2019-04-11',32.50,0,1,3,1,101,89.60000,2,3,' ',0.00000,'2019-05-09 16:07:24',0,13068),(723,'2019-04-11',13.80,0,1,3,1,6,6.00000,1,2,' ',0.00000,'2019-05-09 16:07:24',0,13069),(724,'2019-04-11',40.40,0,1,3,1,74,81.00000,1,4,' ',0.00000,'2019-05-09 16:07:24',0,13070),(725,'2019-04-11',21.10,0,1,3,1,43,32.30000,1,3,' ',0.00000,'2019-05-09 16:07:24',0,13071),(726,'2019-04-11',21.10,0,1,3,1,149,92.00000,4,3,' ',0.00000,'2019-05-09 16:07:24',0,13072),(727,'2019-04-11',10.00,4,1,1,2,160,590.19000,63,1,'A',637.10000,'2019-05-09 16:07:24',0,13073),(728,'2019-04-11',20.00,4,1,1,2,160,538.49000,64,1,'A',585.40000,'2019-05-09 16:07:24',0,13074),(729,'2019-04-11',10.00,4,0,1,2,160,595.39000,65,1,'A',642.30000,'2019-05-09 16:07:24',0,13075),(730,'2019-04-11',8.00,4,3,1,2,160,612.39000,66,1,'A',659.30000,'2019-05-09 16:07:24',0,13076),(731,'2019-04-11',10.00,4,3,1,2,160,593.79000,67,1,'A',640.70000,'2019-05-09 16:07:24',0,13077),(732,'2019-04-11',32.30,0,3,1,2,160,327.39000,68,1,'A',374.30000,'2019-05-09 16:07:24',0,13078),(733,'2019-04-12',13.80,0,1,3,1,17,39.00000,2,2,' ',0.00000,'2019-05-09 16:07:24',0,13079),(734,'2019-04-12',13.80,0,1,3,1,11,13.82000,1,3,' ',0.00000,'2019-05-09 16:07:24',0,13080),(735,'2019-04-12',21.10,0,1,3,2,70,101.60000,3,3,' ',0.00000,'2019-05-09 16:07:24',0,13081),(736,'2019-04-12',16.90,0,1,3,1,29,36.66000,1,2,' ',0.00000,'2019-05-09 16:07:24',0,13082),(737,'2019-04-11',8.00,4,3,1,2,136,525.21000,69,1,'A',567.50000,'2019-05-09 16:07:24',0,13083),(738,'2019-04-12',10.00,4,1,1,2,20,45.67000,70,1,'A',59.40000,'2019-05-09 16:07:24',0,13084),(739,'2019-04-12',10.00,4,1,1,2,176,469.62000,71,1,'A',517.70000,'2019-05-09 16:07:24',0,13085),(740,'2019-04-12',10.00,4,1,1,2,160,596.79000,72,1,'A',643.70000,'2019-05-09 16:07:24',0,13086),(741,'2019-04-12',10.00,4,1,1,2,160,594.29000,73,1,'A',641.20000,'2019-05-09 16:07:24',0,13087),(742,'2019-04-12',30.30,3,2,1,2,160,410.49000,74,1,'A',457.40000,'2019-05-09 16:07:24',0,13088),(743,'2019-04-12',20.00,4,2,1,2,160,531.29000,75,1,'A',578.20000,'2019-05-09 16:07:24',0,13089),(744,'2019-04-12',20.00,4,2,1,2,160,535.39000,76,1,'A',582.30000,'2019-05-09 16:07:24',0,13090),(745,'2019-04-12',8.00,4,1,1,0,160,616.59000,77,1,'A',663.50000,'2019-05-09 16:07:24',0,13091),(746,'2019-04-14',8.00,4,3,1,2,69,267.88000,78,1,'A',293.80000,'2019-05-09 16:07:24',0,13092),(747,'2019-04-14',8.00,4,3,1,2,160,620.59000,79,1,'A',667.50000,'2019-05-09 16:07:24',0,13093),(748,'2019-04-14',8.00,4,3,1,2,160,619.59000,80,1,'A',666.50000,'2019-05-09 16:07:24',0,13094),(749,'2019-04-14',20.00,4,3,1,2,161,535.62000,81,1,'A',582.60000,'2019-05-09 16:07:24',0,13095),(750,'2019-04-14',20.00,4,3,1,2,160,529.19000,82,1,'A',576.10000,'2019-05-09 16:07:24',0,13096),(751,'2019-04-14',20.00,4,3,1,2,160,528.09000,83,1,'A',575.00000,'2019-05-09 16:07:24',0,13097),(752,'2019-04-14',20.00,4,3,1,2,160,531.39000,84,1,'A',578.30000,'2019-05-09 16:07:24',0,13098),(753,'2019-04-14',20.00,4,3,1,2,160,538.69000,85,1,'A',585.60000,'2019-05-09 16:07:25',0,13099),(754,'2019-04-14',30.30,3,3,1,2,160,410.49000,86,1,'A',457.40000,'2019-05-09 16:07:25',0,13100),(755,'2019-04-14',8.00,4,1,1,2,160,616.59000,77,1,'A',663.50000,'2019-05-09 16:07:25',0,13101),(756,'2019-04-14',8.00,4,2,1,2,160,616.69000,87,1,'A',663.60000,'2019-05-09 16:07:25',0,13102),(757,'2019-04-14',20.00,4,2,1,2,160,526.39000,88,1,'A',573.30000,'2019-05-09 16:07:25',0,13103),(758,'2019-04-14',20.00,4,3,1,0,160,537.89000,89,1,'A',584.80000,'2019-05-09 16:07:25',0,13104),(759,'2019-04-14',20.00,4,3,1,0,160,539.39000,90,1,'A',586.30000,'2019-05-09 16:07:25',0,13105),(760,'2019-04-15',20.00,4,3,1,2,160,537.89000,89,1,'A',584.80000,'2019-05-09 16:07:25',0,13106),(761,'2019-04-15',20.00,4,3,1,2,160,539.39000,90,1,'A',586.30000,'2019-05-09 16:07:25',0,13107),(762,'2019-04-15',32.30,0,3,1,2,160,341.09000,91,1,'A',388.00000,'2019-05-09 16:07:25',0,13108),(763,'2019-04-16',8.00,4,1,1,2,160,615.29000,92,1,'A',662.20000,'2019-05-09 16:07:25',0,13109),(764,'2019-04-16',20.00,4,1,1,2,184,390.57000,93,1,'A',442.10000,'2019-05-09 16:07:25',0,13110),(765,'2019-04-16',32.30,0,2,1,2,54,118.45000,94,1,'A',140.40000,'2019-05-09 16:07:25',0,13111),(766,'2019-04-16',30.30,3,2,1,2,160,400.29000,95,1,'A',447.20000,'2019-05-09 16:07:25',0,13112),(767,'2019-04-16',8.00,4,3,1,1,160,611.99000,96,1,'A',658.90000,'2019-05-09 16:07:25',0,13113),(768,'2019-04-17',8.00,4,2,1,2,160,619.19000,97,1,'A',666.10000,'2019-05-09 16:07:25',0,13114),(769,'2019-04-17',20.00,4,2,1,2,160,532.19000,98,1,'A',579.10000,'2019-05-09 16:07:25',0,13115),(770,'2019-04-17',20.00,4,2,1,2,160,526.59000,99,1,'A',573.50000,'2019-05-09 16:07:25',0,13116),(771,'2019-04-17',20.00,4,2,1,2,160,537.09000,100,1,'A',584.00000,'2019-05-09 16:07:25',0,13117),(772,'2019-04-17',32.30,0,3,1,2,160,336.69000,101,1,'A',383.60000,'2019-05-09 16:07:25',0,13118),(773,'2019-04-17',19.10,0,0,1,1,180,519.73000,15,2,' ',0.00000,'2019-05-09 16:07:25',0,1296),(774,'2019-04-17',14.90,0,0,1,2,120,184.94000,8,2,' ',0.00000,'2019-05-09 16:07:25',0,1297),(775,'2019-04-22',16.30,0,0,1,1,210,1083.70000,20,3,' ',0.00000,'2019-05-09 16:07:25',0,1278),(776,'2019-04-22',8.00,4,1,1,1,176,584.02000,102,1,'A',632.10000,'2019-05-09 16:07:25',0,13119),(777,'2019-04-22',8.00,4,1,1,2,13,29.35000,103,1,'A',39.70000,'2019-05-09 16:07:25',0,13120),(778,'2019-04-22',20.00,4,2,1,2,128,394.30000,104,1,'A',436.00000,'2019-05-09 16:07:25',0,13121),(779,'2019-04-22',20.00,4,2,1,2,160,525.49000,105,1,'A',572.40000,'2019-05-09 16:07:25',0,13122),(780,'2019-04-22',10.00,4,1,1,0,160,593.59000,106,1,'A',640.50000,'2019-05-09 16:07:25',0,13123),(781,'2019-04-23',10.00,4,1,1,2,160,593.59000,106,1,'A',640.50000,'2019-05-09 16:07:25',0,13124),(782,'2019-04-23',20.00,4,1,1,2,160,533.39000,107,1,'A',580.30000,'2019-05-09 16:07:25',0,13125),(783,'2019-04-23',20.00,4,1,1,2,160,550.39000,108,1,'A',597.30000,'2019-05-09 16:07:25',0,13126),(784,'2019-04-23',10.00,4,2,1,2,160,596.29000,109,1,'A',643.20000,'2019-05-09 16:07:25',0,13127),(785,'2019-04-23',30.30,3,2,1,2,160,411.39000,110,1,'A',458.30000,'2019-05-09 16:07:25',0,13128),(786,'2019-04-23',4.00,4,3,1,2,160,490.73000,111,1,'A',560.60000,'2019-05-09 16:07:26',0,13129),(787,'2019-04-23',10.00,4,3,1,2,160,599.87000,112,1,'A',664.00000,'2019-05-09 16:07:26',0,13130),(788,'2019-04-23',32.30,0,3,1,2,160,357.39000,113,1,'A',404.30000,'2019-05-09 16:07:26',0,13131),(789,'2019-04-24',10.00,4,1,1,2,160,591.29000,114,1,'A',638.20000,'2019-05-09 16:07:26',0,13132),(790,'2019-04-24',20.00,4,1,1,2,160,537.59000,115,1,'A',584.50000,'2019-05-09 16:07:26',0,13133),(791,'2019-04-24',20.00,4,2,1,2,160,545.19000,116,1,'A',592.10000,'2019-05-09 16:07:26',0,13134),(792,'2019-04-24',10.00,4,2,1,2,160,590.29000,117,1,'A',637.20000,'2019-05-09 16:07:26',0,13135),(793,'2019-04-24',4.00,4,3,1,2,160,496.45000,118,1,'A',549.10000,'2019-05-09 16:07:26',0,13136),(794,'2019-04-24',10.00,4,3,1,2,160,603.39000,119,1,'A',650.30000,'2019-05-09 16:07:26',0,13137),(795,'2019-04-24',10.00,4,3,1,2,160,601.69000,120,1,'A',648.60000,'2019-05-09 16:07:26',0,13138),(796,'2019-04-24',30.30,3,3,1,2,160,405.35000,121,1,'A',458.00000,'2019-05-09 16:07:26',0,13139),(797,'2019-04-24',32.40,0,0,1,1,792,2013.40000,88,2,' ',0.00000,'2019-05-09 16:07:26',0,1331),(798,'2019-04-25',10.00,4,1,1,2,160,602.53000,122,1,'A',672.40000,'2019-05-09 16:07:26',0,13140),(799,'2019-04-25',20.00,4,2,1,2,160,543.69000,123,1,'A',619.30000,'2019-05-09 16:07:26',0,13141),(800,'2019-04-25',20.00,4,2,1,2,160,533.33000,124,1,'A',603.20000,'2019-05-09 16:07:26',0,13142),(801,'2019-04-25',10.00,4,2,1,2,160,597.65000,125,1,'A',650.30000,'2019-05-09 16:07:26',0,13143),(802,'2019-04-25',4.00,4,2,1,2,160,494.05000,126,1,'A',575.40000,'2019-05-09 16:07:26',0,13144),(803,'2019-04-25',10.00,4,2,1,2,160,597.51000,127,1,'A',655.90000,'2019-05-09 16:07:26',0,13145),(804,'2019-04-25',32.30,0,3,1,2,160,370.87000,128,1,'A',435.00000,'2019-05-09 16:07:26',0,13146),(805,'2019-04-25',4.00,4,3,1,2,80,237.95000,129,1,'A',261.80000,'2019-05-09 16:07:26',0,13147),(806,'2019-04-11',16.40,0,1,3,1,88,143.92000,1,4,' ',0.00000,'2019-05-09 16:07:26',0,13148),(807,'2019-04-26',40.40,0,1,1,1,43,47.00000,1,3,' ',0.00000,'2019-05-09 16:07:26',0,13149),(808,'2019-04-26',32.40,0,1,1,2,526,750.00000,2,4,' ',0.00000,'2019-05-09 16:07:26',0,13150),(809,'2019-04-26',21.00,0,1,1,2,175,254.00000,1,4,' ',0.00000,'2019-05-09 16:07:26',0,13151),(810,'2019-04-26',20.70,0,1,1,2,504,426.00000,1,4,' ',0.00000,'2019-05-09 16:07:26',0,13152),(811,'2019-04-26',23.20,0,1,1,1,115,112.00000,1,4,' ',0.00000,'2019-05-09 16:07:26',0,13153),(812,'2019-04-26',18.40,0,1,1,1,750,680.00000,2,4,' ',0.00000,'2019-05-09 16:07:26',0,13154),(813,'2019-04-27',20.00,4,1,1,2,70,234.68000,1,1,'A',0.00000,'2019-05-09 16:07:26',0,13155),(814,'2019-04-26',10.00,4,3,1,2,160,532.19000,130,1,'A',579.10000,'2019-05-09 16:07:26',0,13156),(815,'2019-04-26',32.30,0,3,1,2,160,407.29000,131,1,'A',454.20000,'2019-05-09 16:07:26',0,13157),(816,'2019-04-26',20.00,4,3,1,2,160,532.21000,132,1,'A',590.60000,'2019-05-09 16:07:27',0,13158),(817,'2019-04-26',20.00,4,3,1,1,160,543.15000,133,1,'A',595.80000,'2019-05-09 16:07:27',0,13159),(818,'2019-04-27',4.00,4,1,1,2,160,496.53000,134,1,'A',537.70000,'2019-05-09 16:07:27',0,13160),(819,'2019-04-27',20.00,4,1,1,2,160,547.69000,135,1,'A',594.60000,'2019-05-09 16:07:27',0,13161),(820,'2019-04-27',4.00,4,1,1,1,160,539.39000,136,1,'A',586.30000,'2019-05-09 16:07:27',0,13162),(821,'2019-04-27',30.30,3,1,1,2,160,404.89000,137,1,'A',451.80000,'2019-05-09 16:07:27',0,13163),(822,'2019-04-27',10.00,4,1,1,1,160,583.66000,138,1,'A',627.70000,'2019-05-09 16:07:27',0,13164),(823,'2019-04-27',10.00,4,1,1,2,160,593.86000,139,1,'A',637.90000,'2019-05-09 16:07:27',0,13165),(824,'2019-04-27',10.00,4,1,1,2,160,597.06000,140,1,'A',641.10000,'2019-05-09 16:07:27',0,13166),(825,'2019-04-27',20.00,4,1,1,0,131,363.42000,141,1,'A',399.60000,'2019-05-09 16:07:27',0,13167),(826,'2019-04-28',20.00,4,3,1,2,131,363.42000,141,1,'A',399.60000,'2019-05-09 16:07:27',0,13168),(827,'2019-04-28',20.00,4,3,1,2,160,529.63000,142,1,'A',599.50000,'2019-05-09 16:07:27',0,13169),(828,'2019-04-28',30.30,3,3,1,2,163,417.87000,143,1,'A',465.00000,'2019-05-09 16:07:27',0,13170),(829,'2019-04-28',20.00,4,3,1,2,160,535.19000,144,1,'A',582.10000,'2019-05-09 16:07:27',0,13171),(830,'2019-04-28',10.00,4,3,1,2,48,151.93000,145,1,'A',167.70000,'2019-05-09 16:07:27',0,13172),(831,'2019-04-29',10.00,4,1,1,2,41,130.00000,2904,1,' ',0.00000,'2019-05-09 16:07:27',0,13173),(832,'2018-12-31',7.10,0,1,1,2,216,520.14000,1,4,' ',0.00000,'2019-05-09 16:07:27',0,-982),(833,'2019-04-28',4.00,4,2,1,2,160,480.88000,146,1,'A',536.40000,'2019-05-09 16:07:27',0,13174),(834,'2019-04-28',20.00,4,2,1,1,160,544.43000,147,1,'A',614.30000,'2019-05-09 16:07:27',0,13175),(835,'2019-04-29',20.00,4,2,1,0,160,542.98000,148,1,'A',598.50000,'2019-05-09 16:07:27',0,13176),(836,'2019-04-29',20.00,4,3,1,1,160,542.49000,149,1,'A',589.40000,'2019-05-09 16:07:27',0,13177),(837,'2019-04-30',4.00,4,1,1,1,160,483.99000,150,1,'A',530.90000,'2019-05-09 16:07:27',0,13178),(838,'2019-04-30',20.00,4,1,1,1,160,545.35000,151,1,'A',598.00000,'2019-05-09 16:07:27',0,13179),(839,'2019-04-30',21.10,0,1,3,1,29,41.00000,1,3,' ',0.00000,'2019-05-09 16:07:27',0,13180),(840,'2019-04-30',20.90,0,1,1,1,43,76.80000,3,2,' ',0.00000,'2019-05-09 16:07:28',0,13181),(841,'2019-04-30',21.10,0,1,3,1,40,19.00000,1,3,' ',0.00000,'2019-05-09 16:07:28',0,13182),(842,'2019-04-30',21.10,0,1,3,1,4,3.90000,1,2,' ',0.00000,'2019-05-09 16:07:28',0,13183),(843,'2019-04-30',24.00,4,2,1,1,160,299.29000,152,1,'A',346.20000,'2019-05-09 16:07:28',0,13184),(844,'2019-04-30',32.30,0,2,1,2,160,415.59000,153,1,'A',462.50000,'2019-05-09 16:07:28',0,13185),(845,'2019-04-30',20.00,4,2,1,1,160,555.99000,154,1,'A',602.90000,'2019-05-09 16:07:28',0,13186),(846,'2019-04-30',30.30,3,2,1,2,160,411.39000,155,1,'A',458.30000,'2019-05-09 16:07:28',0,13187),(847,'2019-04-30',4.00,4,3,1,1,160,484.07000,156,1,'A',548.20000,'2019-05-09 16:07:28',0,13188),(848,'2019-04-30',20.00,4,3,1,1,160,556.49000,157,1,'A',603.40000,'2019-05-09 16:07:28',0,13189),(849,'2019-04-28',20.00,4,2,1,1,160,542.98000,148,1,'A',598.50000,'2019-05-09 16:07:28',0,13190),(850,'2019-05-01',20.00,4,1,1,2,160,538.89000,1,1,'A',585.80000,'2019-05-09 16:07:28',0,13191),(851,'2019-05-02',4.00,4,2,1,1,160,481.99000,2,1,'A',528.90000,'2019-05-09 16:07:28',0,13192),(852,'2019-05-02',4.00,4,2,1,2,19,56.41000,3,1,'A',67.20000,'2019-05-09 16:07:28',0,13193),(853,'2019-05-02',20.00,4,3,1,2,160,532.59000,4,1,'A',579.50000,'2019-05-09 16:07:29',0,13194),(854,'2019-05-02',20.00,4,3,1,2,160,560.47000,5,1,'A',624.60000,'2019-05-09 16:07:29',0,13195),(855,'2019-05-03',20.00,4,1,1,2,160,544.79000,6,1,'A',591.70000,'2019-05-09 16:07:29',0,13196),(856,'2019-05-03',24.00,4,1,1,1,160,303.09000,7,1,'A',350.00000,'2019-05-09 16:07:29',0,13197),(857,'2019-05-03',8.00,4,1,1,1,156,452.05000,8,1,'A',495.80000,'2019-05-09 16:07:29',0,13198),(858,'2019-05-03',8.00,4,2,1,2,77,204.10000,9,1,'A',230.60000,'2019-05-09 16:07:29',0,13199),(859,'2019-05-03',20.00,4,3,1,2,160,558.35000,10,1,'A',611.00000,'2019-05-09 16:07:29',0,13200),(860,'2019-05-03',30.30,3,3,1,2,160,411.79000,11,1,'A',458.70000,'2019-05-09 16:07:29',0,13201),(861,'2019-05-05',8.00,4,3,1,1,160,612.19000,12,1,'A',659.10000,'2019-05-09 16:07:29',0,13202),(862,'2019-05-05',8.00,4,3,1,2,151,574.85000,13,1,'A',621.10000,'2019-05-09 16:07:29',0,13203),(863,'2019-05-05',20.00,4,3,1,1,161,539.02000,14,1,'A',586.00000,'2019-05-09 16:07:29',0,13204),(864,'2019-05-05',20.00,4,3,1,1,160,546.99000,15,1,'A',593.90000,'2019-05-09 16:07:29',0,13205),(865,'2019-05-05',20.00,4,3,1,1,160,542.43000,16,1,'A',583.60000,'2019-05-09 16:07:29',0,13206),(866,'2019-05-05',24.00,4,3,1,1,160,302.19000,17,1,'A',349.10000,'2019-05-09 16:07:29',0,13207),(867,'2019-05-05',20.00,4,3,1,1,160,557.29000,18,1,'A',604.20000,'2019-05-09 16:07:29',0,13208),(868,'2019-05-05',30.30,4,3,1,2,160,410.99000,19,1,'A',457.90000,'2019-05-09 16:07:29',0,13209),(869,'2019-05-05',20.00,4,1,1,1,160,548.45000,20,1,'A',601.10000,'2019-05-09 16:07:29',0,13210),(870,'2019-05-05',8.00,4,1,1,1,160,613.63000,21,1,'A',683.50000,'2019-05-09 16:07:29',0,13211),(871,'2019-05-03',21.00,0,0,1,1,504,1315.06000,42,3,' ',0.00000,'2019-05-09 16:07:29',0,1393),(872,'2019-05-03',18.40,0,0,1,1,710,2017.40000,58,2,' ',0.00000,'2019-05-09 16:07:29',0,1392),(873,'2019-05-06',14.80,0,0,1,1,165,307.02000,11,2,' ',0.00000,'2019-05-09 16:07:29',0,1421),(874,'2019-05-06',20.00,4,2,1,1,160,551.59000,22,1,'A',598.50000,'2019-05-09 16:07:29',0,13212),(875,'2019-05-06',8.00,4,3,1,1,160,611.19000,23,1,'A',658.10000,'2019-05-09 16:07:29',0,13213),(876,'2019-05-06',20.00,4,3,1,1,164,506.70000,24,1,'A',553.90000,'2019-05-09 16:07:29',0,13214),(877,'2019-05-06',20.00,4,3,1,1,160,528.09000,25,1,'A',575.00000,'2019-05-09 16:07:30',0,13215),(878,'2019-05-06',24.10,4,3,1,2,160,340.49000,26,1,'A',387.40000,'2019-05-09 16:07:30',0,13216),(879,'2019-05-06',24.00,4,3,1,2,167,286.54000,27,1,'A',339.70000,'2019-05-09 16:07:30',0,13217),(880,'2019-05-06',32.30,0,3,1,1,160,421.71000,28,1,'A',480.10000,'2019-05-09 16:07:30',0,13218),(881,'2019-05-06',24.00,4,3,1,1,142,156.51000,29,1,'A',193.50000,'2019-05-09 16:07:30',0,13219),(882,'2019-05-07',20.00,4,1,1,1,160,553.37000,30,1,'A',617.50000,'2019-05-09 16:07:30',0,13220),(883,'2019-05-07',30.30,3,1,1,0,160,494.98000,30,1,'A',553.37000,'2019-05-09 16:07:30',0,13221),(884,'2019-05-07',30.30,3,1,1,1,160,409.21000,31,1,'A',467.60000,'2019-05-09 16:07:30',0,13222),(885,'2019-05-07',32.40,0,0,1,1,450,1189.70000,50,2,' ',0.00000,'2019-05-09 16:07:30',0,1427),(886,'2019-05-07',8.00,4,2,1,1,160,540.59000,32,1,'A',587.50000,'2019-05-09 16:07:30',0,13223),(887,'2019-05-07',12.00,4,3,1,1,160,593.09000,33,1,'A',640.00000,'2019-05-09 16:07:30',0,13224),(888,'2019-05-08',24.10,4,1,1,1,112,231.00000,34,1,'A',265.80000,'2019-05-09 16:07:30',0,13225),(889,'2019-05-08',12.00,4,1,1,1,160,576.79000,35,1,'A',623.70000,'2019-05-09 16:07:30',0,13226),(890,'2019-05-08',20.00,4,1,1,1,160,549.79000,36,1,'A',596.70000,'2019-05-09 16:07:30',0,13227),(891,'2019-05-08',12.00,4,1,1,0,160,584.89000,160,1,'A',631.80000,'2019-05-09 16:07:30',0,13228),(892,'2019-05-08',12.00,4,1,1,1,160,584.89000,37,1,'A',631.80000,'2019-05-09 16:07:30',0,13229),(893,'2019-05-08',8.00,4,2,1,1,97,310.14000,38,1,'A',338.10000,'2019-05-09 16:07:30',0,13230),(894,'2019-05-08',12.00,4,2,1,1,160,585.39000,39,1,'A',632.30000,'2019-05-09 16:07:30',0,13231),(895,'2019-05-08',8.00,4,2,1,1,160,594.09000,40,1,'A',641.00000,'2019-05-09 16:07:30',0,13232),(896,'2019-05-09',8.00,1,2,1,0,177,441.41000,15,1,'A',489.56000,'2019-05-09 16:07:30',0,13233);
/*!40000 ALTER TABLE `entradash` ENABLE KEYS */;
UNLOCK TABLES;

--
-- Table structure for table `origen`
--

DROP TABLE IF EXISTS `origen`;
/*!40101 SET @saved_cs_client     = @@character_set_client */;
/*!40101 SET character_set_client = utf8 */;
CREATE TABLE `origen` (
  `idorigen` int(11) NOT NULL AUTO_INCREMENT,
  `descripcion` varchar(20) COLLATE utf8_spanish2_ci NOT NULL,
  PRIMARY KEY (`idorigen`)
) ENGINE=InnoDB AUTO_INCREMENT=10 DEFAULT CHARSET=utf8 COLLATE=utf8_spanish2_ci;
/*!40101 SET character_set_client = @saved_cs_client */;

--
-- Dumping data for table `origen`
--

LOCK TABLES `origen` WRITE;
/*!40000 ALTER TABLE `origen` DISABLE KEYS */;
INSERT INTO `origen` VALUES (1,'NORMAL'),(2,'URDIDO'),(3,'TEJIDO'),(4,'AJUSTE'),(5,'MAQUILA'),(6,'COMPRADO'),(7,'TORZAL'),(8,'VENTA'),(9,'PROVEEDOR');
/*!40000 ALTER TABLE `origen` ENABLE KEYS */;
UNLOCK TABLES;

--
-- Table structure for table `presentacion`
--

DROP TABLE IF EXISTS `presentacion`;
/*!40101 SET @saved_cs_client     = @@character_set_client */;
/*!40101 SET character_set_client = utf8 */;
CREATE TABLE `presentacion` (
  `idpresentacion` int(11) NOT NULL AUTO_INCREMENT,
  `descripcion` varchar(20) COLLATE utf8_spanish2_ci NOT NULL,
  PRIMARY KEY (`idpresentacion`)
) ENGINE=InnoDB AUTO_INCREMENT=6 DEFAULT CHARSET=utf8 COLLATE=utf8_spanish2_ci;
/*!40101 SET character_set_client = @saved_cs_client */;

--
-- Dumping data for table `presentacion`
--

LOCK TABLES `presentacion` WRITE;
/*!40000 ALTER TABLE `presentacion` DISABLE KEYS */;
INSERT INTO `presentacion` VALUES (1,'TARIMA'),(2,'BOLSA'),(3,'CAJA'),(4,'PALET'),(5,'SUELTO');
/*!40000 ALTER TABLE `presentacion` ENABLE KEYS */;
UNLOCK TABLES;

--
-- Table structure for table `salidash`
--

DROP TABLE IF EXISTS `salidash`;
/*!40101 SET @saved_cs_client     = @@character_set_client */;
/*!40101 SET character_set_client = utf8 */;
CREATE TABLE `salidash` (
  `idsalidash` int(11) NOT NULL AUTO_INCREMENT,
  `fecha` date NOT NULL,
  `hilo` decimal(5,2) NOT NULL,
  `peso_neto` decimal(15,4) NOT NULL,
  `bobinas` decimal(7,0) NOT NULL,
  `estatus` tinyint(4) NOT NULL DEFAULT '1',
  `recibio_hil` tinyint(4) DEFAULT NULL,
  `hora` datetime NOT NULL DEFAULT CURRENT_TIMESTAMP,
  `ID_SAL` int(11) DEFAULT NULL,
  `grupodividido` decimal(10,0) DEFAULT '0',
  PRIMARY KEY (`idsalidash`),
  KEY `fk_salida_hilo_idx` (`hilo`),
  CONSTRAINT `fk_salida_hilo` FOREIGN KEY (`hilo`) REFERENCES `articulo` (`hilo`) ON DELETE NO ACTION ON UPDATE NO ACTION
) ENGINE=InnoDB AUTO_INCREMENT=573 DEFAULT CHARSET=utf8 COLLATE=utf8_spanish2_ci;
/*!40101 SET character_set_client = @saved_cs_client */;

--
-- Dumping data for table `salidash`
--

LOCK TABLES `salidash` WRITE;
/*!40000 ALTER TABLE `salidash` DISABLE KEYS */;
INSERT INTO `salidash` VALUES (1,'2019-01-03',10.00,2169.2200,720,1,0,'2019-05-09 16:07:31',1,1),(2,'2019-01-03',30.30,1047.3600,458,1,1,'2019-05-09 16:07:32',2,2),(3,'2019-01-02',20.00,186.7500,125,1,0,'2019-05-09 16:07:32',3,3),(4,'2019-01-02',8.00,642.5700,160,1,0,'2019-05-09 16:07:32',4,4),(5,'2019-01-02',12.00,592.5900,160,1,0,'2019-05-09 16:07:33',5,5),(6,'2019-01-02',10.00,570.6900,160,1,0,'2019-05-09 16:07:33',6,6),(7,'2019-01-02',19.10,132.9700,46,1,0,'2019-05-09 16:07:33',7,-666),(8,'2019-01-04',8.00,644.8900,160,1,0,'2019-05-09 16:07:33',8,7),(9,'2019-01-04',20.00,506.0900,160,1,0,'2019-05-09 16:07:33',9,8),(10,'2019-01-04',31.20,544.7900,198,1,0,'2019-05-09 16:07:33',10,-663),(11,'2019-01-04',30.30,377.6300,144,1,1,'2019-05-09 16:07:34',11,9),(12,'2019-01-04',24.00,269.9900,160,1,0,'2019-05-09 16:07:34',12,10),(13,'2019-01-04',12.00,570.7900,160,1,0,'2019-05-09 16:07:34',13,11),(14,'2019-01-04',20.00,1874.3500,695,1,1,'2019-05-09 16:07:34',14,12),(15,'2019-01-04',10.00,568.8900,160,1,0,'2019-05-09 16:07:35',15,13),(16,'2019-01-07',10.00,597.1900,160,1,0,'2019-05-09 16:07:35',16,14),(17,'2019-01-07',12.00,575.8900,160,1,0,'2019-05-09 16:07:35',17,15),(18,'2019-01-07',10.00,584.1900,160,1,0,'2019-05-09 16:07:36',18,16),(19,'2019-01-07',12.00,572.9900,160,1,0,'2019-05-09 16:07:36',19,17),(20,'2019-01-07',8.00,644.0900,160,1,0,'2019-05-09 16:07:36',20,18),(21,'2019-01-07',20.00,1546.1700,480,1,1,'2019-05-09 16:07:37',21,19),(22,'2019-01-07',15.60,366.0100,210,1,0,'2019-05-09 16:07:37',22,-499),(23,'2019-01-07',19.10,95.5000,32,1,0,'2019-05-09 16:07:37',23,-666),(24,'2019-01-07',32.50,57.3200,30,1,0,'2019-05-09 16:07:38',24,-660),(25,'2019-01-08',24.10,241.8500,143,1,0,'2019-05-09 16:07:38',25,20),(26,'2019-01-08',16.30,181.2100,36,1,0,'2019-05-09 16:07:38',26,-531),(27,'2019-01-08',20.00,2040.4600,640,1,1,'2019-05-09 16:07:38',27,21),(28,'2019-01-09',8.00,906.8600,247,1,1,'2019-05-09 16:07:39',28,22),(29,'2019-01-09',24.10,171.4500,162,1,0,'2019-05-09 16:07:39',29,23),(30,'2019-01-09',12.00,573.5900,160,1,0,'2019-05-09 16:07:40',30,24),(31,'2019-01-09',8.00,613.0800,192,1,1,'2019-05-09 16:07:40',31,25),(32,'2019-01-09',10.00,583.4900,160,1,0,'2019-05-09 16:07:40',32,26),(33,'2019-01-09',30.30,465.6900,160,1,0,'2019-05-09 16:07:40',33,27),(34,'2019-01-09',19.10,459.5200,160,1,0,'2019-05-09 16:07:41',34,-666),(35,'2019-01-10',20.00,1548.9300,480,1,1,'2019-05-09 16:07:41',35,28),(36,'2019-01-10',10.00,323.0200,119,1,0,'2019-05-09 16:07:41',36,29),(37,'2019-01-10',12.00,525.0100,157,1,0,'2019-05-09 16:07:42',37,30),(38,'2019-01-09',24.10,132.4900,80,1,1,'2019-05-09 16:07:42',38,31),(39,'2019-01-11',10.00,2271.3600,640,1,1,'2019-05-09 16:07:42',39,32),(40,'2019-01-11',20.00,1024.0800,320,1,1,'2019-05-09 16:07:44',40,33),(41,'2019-01-11',20.00,502.5900,160,1,1,'2019-05-09 16:07:44',41,34),(42,'2019-01-12',30.30,1589.6000,537,1,1,'2019-05-09 16:07:44',42,35),(43,'2019-01-14',30.30,477.7900,160,1,0,'2019-05-09 16:07:45',43,36),(44,'2019-01-14',20.00,510.8900,160,1,0,'2019-05-09 16:07:45',44,37),(45,'2019-01-14',10.00,580.1900,160,1,0,'2019-05-09 16:07:46',45,38),(46,'2019-01-14',12.00,569.1900,160,1,0,'2019-05-09 16:07:46',46,39),(47,'2019-01-14',10.00,561.4900,160,1,0,'2019-05-09 16:07:46',47,40),(48,'2019-01-14',20.00,512.6900,160,1,0,'2019-05-09 16:07:46',48,41),(49,'2019-01-12',12.00,564.0900,160,1,0,'2019-05-09 16:07:47',49,42),(50,'2019-01-12',8.00,584.5900,160,1,0,'2019-05-09 16:07:48',50,43),(51,'2019-01-12',12.00,570.7900,160,1,0,'2019-05-09 16:07:48',51,44),(52,'2019-01-12',20.00,1032.4800,320,1,1,'2019-05-09 16:07:49',52,45),(53,'2019-01-15',10.00,555.0900,160,1,0,'2019-05-09 16:07:49',53,46),(54,'2019-01-15',20.00,1038.9800,320,1,1,'2019-05-09 16:07:50',54,47),(55,'2019-01-15',16.30,173.0100,36,1,0,'2019-05-09 16:07:50',55,-531),(56,'2019-01-16',32.50,28.6500,15,1,0,'2019-05-09 16:07:50',56,-559),(57,'2019-01-16',20.00,732.2900,227,1,1,'2019-05-09 16:07:50',57,48),(58,'2019-01-16',31.90,1016.1100,536,1,1,'2019-05-09 16:07:50',58,-550),(59,'2019-01-16',12.00,155.1000,46,1,0,'2019-05-09 16:07:51',59,49),(60,'2019-01-16',20.90,100.0000,160,1,0,'2019-05-09 16:07:51',60,-549),(61,'2019-01-16',20.00,1408.7000,456,1,1,'2019-05-09 16:07:51',61,50),(62,'2019-01-16',10.00,574.4900,160,1,0,'2019-05-09 16:07:52',63,51),(63,'2019-01-16',32.50,984.5700,525,1,1,'2019-05-09 16:07:52',64,-558),(64,'2019-01-17',20.00,108.6200,69,1,0,'2019-05-09 16:07:52',65,52),(65,'2019-01-17',10.00,581.3900,160,1,0,'2019-05-09 16:07:52',66,53),(66,'2019-01-17',10.00,2393.7600,640,1,1,'2019-05-09 16:07:53',67,54),(67,'2019-01-17',31.20,444.1500,162,1,0,'2019-05-09 16:07:53',68,-662),(68,'2019-01-17',24.10,225.8400,129,1,0,'2019-05-09 16:07:53',69,55),(69,'2019-01-17',12.00,571.4900,160,1,0,'2019-05-09 16:07:54',70,56),(70,'2019-01-18',8.00,476.8400,147,1,0,'2019-05-09 16:07:54',71,57),(71,'2019-01-18',30.30,476.6900,160,1,1,'2019-05-09 16:07:54',72,58),(72,'2019-01-18',12.00,572.5900,160,1,0,'2019-05-09 16:07:55',73,59),(73,'2019-01-18',31.20,48.5900,18,1,0,'2019-05-09 16:07:55',74,-662),(74,'2019-01-18',30.20,57.0000,18,1,0,'2019-05-09 16:07:55',75,-542),(75,'2019-01-18',30.30,959.4800,320,1,1,'2019-05-09 16:07:55',76,60),(76,'2019-01-18',20.00,1039.7800,320,1,1,'2019-05-09 16:07:55',77,61),(77,'2019-01-21',20.00,1557.5700,480,1,1,'2019-05-09 16:07:56',79,62),(78,'2019-01-21',12.00,575.8900,160,1,0,'2019-05-09 16:07:56',80,63),(79,'2019-01-21',20.00,1199.8000,477,1,1,'2019-05-09 16:07:56',81,64),(80,'2019-01-21',8.00,576.1900,160,1,0,'2019-05-09 16:07:57',82,65),(81,'2019-01-21',10.00,544.1900,160,1,0,'2019-05-09 16:07:57',83,66),(82,'2019-01-21',24.00,228.6900,149,1,0,'2019-05-09 16:07:57',84,67),(83,'2019-01-21',12.00,575.0900,160,1,0,'2019-05-09 16:07:57',85,68),(84,'2019-01-21',12.00,573.2900,160,1,0,'2019-05-09 16:07:57',86,69),(85,'2019-01-22',10.00,418.8900,160,1,0,'2019-05-09 16:07:57',87,70),(86,'2019-01-22',10.00,577.5400,195,1,0,'2019-05-09 16:07:58',88,71),(87,'2019-01-23',32.50,596.0000,312,1,1,'2019-05-09 16:07:58',89,0),(88,'2019-01-23',32.50,355.6000,186,1,0,'2019-05-09 16:07:58',90,0),(89,'2019-01-23',31.20,532.9700,198,1,0,'2019-05-09 16:07:58',91,-662),(90,'2019-01-21',10.30,192.5000,113,1,0,'2019-05-09 16:07:58',92,72),(91,'2019-01-21',30.30,1384.8700,480,1,1,'2019-05-09 16:07:58',93,73),(92,'2019-01-23',16.30,60.2000,12,1,0,'2019-05-09 16:07:59',94,-531),(93,'2019-01-23',20.00,2111.3600,640,1,1,'2019-05-09 16:07:59',95,74),(94,'2019-01-23',24.00,242.0800,204,1,0,'2019-05-09 16:08:00',97,75),(95,'2019-01-23',30.30,119.4300,47,1,1,'2019-05-09 16:08:00',98,76),(96,'2019-01-21',12.00,563.1900,160,1,0,'2019-05-09 16:08:00',99,77),(97,'2019-01-21',10.00,576.5900,160,1,0,'2019-05-09 16:08:00',100,78),(98,'2019-01-21',8.00,520.1900,160,1,0,'2019-05-09 16:08:00',101,79),(99,'2019-01-21',20.00,177.2000,78,1,0,'2019-05-09 16:08:00',102,80),(100,'2019-01-24',16.30,58.2700,12,1,0,'2019-05-09 16:08:01',103,-531),(101,'2019-01-24',20.00,1568.2700,480,1,1,'2019-05-09 16:08:01',104,81),(102,'2019-01-21',10.00,566.4900,160,1,0,'2019-05-09 16:08:01',106,82),(103,'2019-01-21',8.00,574.3900,160,1,0,'2019-05-09 16:08:01',107,83),(104,'2019-01-25',16.30,122.3400,24,1,0,'2019-05-09 16:08:01',108,-531),(105,'2019-01-25',24.00,244.6900,160,1,0,'2019-05-09 16:08:02',109,84),(106,'2019-01-21',10.00,569.5900,160,1,0,'2019-05-09 16:08:02',110,85),(107,'2019-01-21',12.00,571.9900,160,1,0,'2019-05-09 16:08:02',111,86),(108,'2019-01-21',20.00,2120.7600,640,1,1,'2019-05-09 16:08:02',112,87),(109,'2019-01-28',21.00,450.6600,168,1,1,'2019-05-09 16:08:03',113,-546),(110,'2019-01-28',24.10,380.2500,228,1,1,'2019-05-09 16:08:03',114,88),(111,'2019-01-28',20.00,1056.1800,320,1,1,'2019-05-09 16:08:03',115,89),(112,'2019-01-28',24.00,107.9500,116,1,0,'2019-05-09 16:08:03',116,90),(113,'2019-01-28',8.00,411.2400,117,1,0,'2019-05-09 16:08:04',118,91),(114,'2019-01-28',10.00,1804.9700,480,1,1,'2019-05-09 16:08:04',119,92),(115,'2019-01-28',12.00,512.5900,160,1,0,'2019-05-09 16:08:04',120,93),(116,'2019-01-28',30.30,473.0900,160,1,0,'2019-05-09 16:08:05',121,94),(117,'2019-01-28',10.00,573.4900,160,1,0,'2019-05-09 16:08:05',122,95),(118,'2019-01-28',10.00,588.0900,160,1,0,'2019-05-09 16:08:05',123,96),(119,'2019-01-28',20.00,538.9900,160,1,0,'2019-05-09 16:08:05',124,97),(120,'2019-01-29',10.30,409.0000,240,1,0,'2019-05-09 16:08:05',125,98),(121,'2019-01-29',20.00,1592.7700,480,1,1,'2019-05-09 16:08:05',126,99),(122,'2019-01-28',10.00,608.2900,160,1,0,'2019-05-09 16:08:06',127,100),(123,'2019-01-29',24.10,16.5900,18,1,0,'2019-05-09 16:08:06',128,101),(124,'2019-01-30',13.80,20.5000,11,1,0,'2019-05-09 16:08:06',129,-535),(125,'2019-01-30',8.00,576.2900,160,1,0,'2019-05-09 16:08:06',130,102),(126,'2019-01-30',20.00,526.3900,160,1,1,'2019-05-09 16:08:06',131,103),(127,'2019-01-30',24.10,122.4600,103,1,0,'2019-05-09 16:08:06',132,104),(128,'2019-01-30',30.30,446.7900,160,1,0,'2019-05-09 16:08:07',133,105),(129,'2019-01-30',30.30,477.8900,160,1,0,'2019-05-09 16:08:07',134,106),(130,'2019-01-30',10.00,597.9900,160,1,0,'2019-05-09 16:08:07',135,107),(131,'2019-01-29',40.40,139.2000,54,1,0,'2019-05-09 16:08:07',136,-541),(132,'2019-01-29',19.10,171.8300,60,1,0,'2019-05-09 16:08:07',137,-665),(133,'2019-01-30',19.10,171.8300,60,1,0,'2019-05-09 16:08:07',138,-665),(134,'2019-01-30',12.00,567.4900,160,1,0,'2019-05-09 16:08:07',139,108),(135,'2019-01-30',20.00,2008.3800,489,1,1,'2019-05-09 16:08:07',140,109),(136,'2019-01-30',24.00,148.6100,101,1,0,'2019-05-09 16:08:08',141,110),(137,'2019-01-30',20.00,1599.8300,480,1,1,'2019-05-09 16:08:08',142,111),(138,'2019-01-31',40.40,756.6000,296,1,0,'2019-05-09 16:08:08',143,-541),(139,'2019-01-31',40.40,265.2000,104,1,1,'2019-05-09 16:08:08',144,-541),(140,'2019-01-31',24.00,252.9900,160,1,0,'2019-05-09 16:08:08',145,112),(141,'2019-01-31',20.00,306.8700,96,1,1,'2019-05-09 16:08:08',146,113),(142,'2019-02-02',20.00,1820.5700,648,1,1,'2019-05-09 16:08:08',147,114),(143,'2019-02-02',10.00,600.9900,160,1,0,'2019-05-09 16:08:09',148,115),(144,'2019-02-02',30.30,1430.2700,480,1,1,'2019-05-09 16:08:09',149,116),(145,'2019-02-02',20.00,1062.3700,374,1,1,'2019-05-09 16:08:09',150,117),(146,'2019-02-01',10.00,586.3900,160,1,0,'2019-05-09 16:08:09',151,118),(147,'2019-02-01',12.00,235.7600,72,1,0,'2019-05-09 16:08:09',152,119),(148,'2019-02-01',16.30,181.4400,36,1,0,'2019-05-09 16:08:10',153,-531),(149,'2019-02-01',12.00,565.7900,160,1,0,'2019-05-09 16:08:10',154,120),(150,'2019-02-01',12.00,444.5900,160,1,0,'2019-05-09 16:08:10',155,121),(151,'2019-02-02',8.00,570.0900,160,1,0,'2019-05-09 16:08:10',156,122),(152,'2019-02-05',10.00,614.0900,160,1,0,'2019-05-09 16:08:10',157,123),(153,'2019-02-05',12.00,566.8900,160,1,0,'2019-05-09 16:08:10',158,124),(154,'2019-02-05',8.00,574.0900,160,1,0,'2019-05-09 16:08:10',159,125),(155,'2019-02-05',30.30,474.0900,160,1,0,'2019-05-09 16:08:11',160,126),(156,'2019-02-05',10.00,608.1900,160,1,0,'2019-05-09 16:08:11',161,127),(157,'2019-02-06',20.00,2012.7600,640,1,1,'2019-05-09 16:08:11',162,128),(158,'2019-02-06',20.00,517.3900,160,1,1,'2019-05-09 16:08:11',163,129),(159,'2019-02-06',12.00,566.6900,160,1,0,'2019-05-09 16:08:11',164,130),(160,'2019-02-06',8.00,573.7900,160,1,0,'2019-05-09 16:08:12',165,131),(161,'2019-02-06',24.00,237.4900,160,1,0,'2019-05-09 16:08:12',166,132),(162,'2019-01-31',20.00,1066.2800,320,1,0,'2019-05-09 16:08:12',167,133),(163,'2019-01-31',10.00,603.7900,160,1,0,'2019-05-09 16:08:12',168,134),(164,'2019-02-07',10.00,318.0700,107,1,0,'2019-05-09 16:08:12',169,135),(165,'2019-02-07',13.80,78.1500,46,1,0,'2019-05-09 16:08:12',170,-535),(166,'2019-02-07',21.00,1679.6000,500,1,1,'2019-05-09 16:08:13',171,-546),(167,'2019-02-07',8.00,613.9900,160,1,0,'2019-05-09 16:08:13',172,136),(168,'2019-02-07',12.00,570.0900,160,1,0,'2019-05-09 16:08:13',173,137),(169,'2019-02-07',24.00,237.9900,160,1,0,'2019-05-09 16:08:13',174,138),(170,'2019-02-08',10.00,2290.5600,640,1,1,'2019-05-09 16:08:13',175,139),(171,'2019-02-08',8.00,614.1900,160,1,0,'2019-05-09 16:08:14',176,140),(172,'2019-02-08',30.30,478.1900,160,1,0,'2019-05-09 16:08:14',177,141),(173,'2019-02-08',20.00,1584.6500,483,1,1,'2019-05-09 16:08:14',178,142),(174,'2019-02-08',12.00,569.2900,160,1,0,'2019-05-09 16:08:14',179,143),(175,'2019-02-08',10.00,583.2900,160,1,0,'2019-05-09 16:08:14',180,144),(176,'2019-02-11',10.00,595.8900,160,1,0,'2019-05-09 16:08:15',181,145),(177,'2019-02-11',24.00,215.2900,160,1,0,'2019-05-09 16:08:15',182,146),(178,'2019-02-11',10.00,597.0900,160,1,0,'2019-05-09 16:08:15',183,147),(179,'2019-02-11',12.00,568.8900,160,1,0,'2019-05-09 16:08:15',184,148),(180,'2019-02-11',24.00,178.6900,160,1,0,'2019-05-09 16:08:15',185,149),(181,'2019-02-11',30.30,1919.3600,640,1,1,'2019-05-09 16:08:15',186,150),(182,'2019-02-11',16.30,119.6100,24,1,0,'2019-05-09 16:08:16',187,-530),(183,'2019-02-11',20.00,2072.7600,640,1,1,'2019-05-09 16:08:16',188,151),(184,'2019-02-11',8.00,602.8900,160,1,0,'2019-05-09 16:08:16',189,152),(185,'2019-02-11',19.10,140.1900,48,1,0,'2019-05-09 16:08:16',190,-665),(186,'2019-02-11',12.10,144.0000,32,1,0,'2019-05-09 16:08:16',191,153),(187,'2019-02-12',40.40,43.6200,41,1,0,'2019-05-09 16:08:17',192,-541),(188,'2019-02-11',24.10,265.4900,160,1,0,'2019-05-09 16:08:17',193,154),(189,'2019-02-11',30.30,480.5900,160,1,0,'2019-05-09 16:08:17',194,155),(190,'2019-02-11',12.00,567.3900,160,1,0,'2019-05-09 16:08:17',195,156),(191,'2019-02-11',20.00,1593.8700,480,1,1,'2019-05-09 16:08:17',196,157),(192,'2019-02-11',20.00,1554.9700,480,1,1,'2019-05-09 16:08:17',197,158),(193,'2019-02-12',32.50,506.3600,270,1,1,'2019-05-09 16:08:18',198,0),(194,'2019-02-12',18.40,1427.9200,480,1,1,'2019-05-09 16:08:18',199,-543),(195,'2019-02-12',24.00,89.3000,151,1,0,'2019-05-09 16:08:18',200,159),(196,'2019-02-13',12.00,565.3900,160,1,0,'2019-05-09 16:08:18',201,160),(197,'2019-02-13',10.00,591.4900,160,1,0,'2019-05-09 16:08:19',202,161),(198,'2019-02-13',20.00,533.4900,160,1,1,'2019-05-09 16:08:19',203,162),(199,'2019-02-13',10.00,615.2900,160,1,0,'2019-05-09 16:08:19',204,163),(200,'2019-02-13',8.00,605.7900,160,1,0,'2019-05-09 16:08:19',205,164),(201,'2019-02-13',16.30,92.5200,18,1,0,'2019-05-09 16:08:20',206,-530),(202,'2019-02-12',13.80,324.9900,180,1,0,'2019-05-09 16:08:20',207,-535),(203,'2019-02-15',12.10,428.4000,122,1,0,'2019-05-09 16:08:20',208,165),(204,'2019-02-15',40.40,92.5800,87,1,0,'2019-05-09 16:08:20',209,-541),(205,'2019-02-15',12.00,575.7400,158,1,0,'2019-05-09 16:08:21',210,166),(206,'2019-02-14',20.00,1555.0700,480,1,1,'2019-05-09 16:08:21',211,167),(207,'2019-02-14',24.10,867.2000,527,1,1,'2019-05-09 16:08:21',212,168),(208,'2019-02-14',4.00,563.3900,160,1,0,'2019-05-09 16:08:21',213,169),(209,'2019-02-14',8.00,610.5900,160,1,0,'2019-05-09 16:08:22',214,170),(210,'2019-02-14',20.00,500.0900,160,1,0,'2019-05-09 16:08:22',215,171),(211,'2019-02-16',20.00,1610.3700,480,1,1,'2019-05-09 16:08:22',216,172),(212,'2019-02-16',30.20,57.0000,18,1,0,'2019-05-09 16:08:22',217,-542),(213,'2019-02-16',10.00,587.7900,160,1,0,'2019-05-09 16:08:22',218,173),(214,'2019-02-16',8.00,502.8900,160,1,0,'2019-05-09 16:08:22',219,174),(215,'2019-02-18',20.00,1564.1700,480,1,1,'2019-05-09 16:08:23',220,175),(216,'2019-02-18',24.10,183.5500,121,1,1,'2019-05-09 16:08:23',222,176),(217,'2019-02-18',30.30,1446.1700,480,1,1,'2019-05-09 16:08:23',223,177),(218,'2019-02-18',10.00,1191.2800,320,1,0,'2019-05-09 16:08:24',224,178),(219,'2019-02-18',12.00,580.9900,160,1,0,'2019-05-09 16:08:24',225,179),(220,'2019-02-18',10.00,241.6200,64,1,0,'2019-05-09 16:08:24',226,180),(221,'2019-02-18',20.00,2369.4500,769,1,1,'2019-05-09 16:08:24',227,181),(222,'2019-02-18',16.30,211.8900,42,1,0,'2019-05-09 16:08:24',228,-530),(223,'2019-02-18',16.30,211.8900,42,1,0,'2019-05-09 16:08:25',229,-530),(224,'2019-02-18',4.00,513.1900,160,1,0,'2019-05-09 16:08:25',230,182),(225,'2019-02-18',12.00,197.2600,94,1,0,'2019-05-09 16:08:25',231,183),(226,'2019-02-18',10.00,602.5900,160,1,0,'2019-05-09 16:08:25',232,184),(227,'2019-02-18',30.30,304.3000,201,1,1,'2019-05-09 16:08:25',233,185),(228,'2019-02-19',19.10,245.2600,84,1,0,'2019-05-09 16:08:26',234,-665),(229,'2019-02-19',10.00,621.2900,160,1,0,'2019-05-09 16:08:26',235,186),(230,'2019-02-18',12.10,132.1100,50,1,0,'2019-05-09 16:08:26',236,187),(231,'2019-02-20',10.00,598.3900,160,1,0,'2019-05-09 16:08:26',237,188),(232,'2019-02-20',4.00,334.0600,94,1,0,'2019-05-09 16:08:26',238,189),(233,'2019-02-20',30.30,474.1500,160,1,0,'2019-05-09 16:08:26',239,190),(234,'2019-02-20',10.00,273.2900,73,1,0,'2019-05-09 16:08:26',240,191),(235,'2019-02-20',12.00,576.3900,160,1,0,'2019-05-09 16:08:27',241,192),(236,'2019-02-20',12.00,520.7900,160,1,0,'2019-05-09 16:08:27',243,193),(237,'2019-02-20',8.00,615.6900,160,1,0,'2019-05-09 16:08:27',244,194),(238,'2019-02-20',16.30,123.3400,24,1,0,'2019-05-09 16:08:27',245,-530),(239,'2019-02-18',21.80,221.4000,365,1,0,'2019-05-09 16:08:27',246,-540),(240,'2019-02-20',21.00,337.0000,414,1,0,'2019-05-09 16:08:27',247,-546),(241,'2019-02-21',21.00,1321.0800,504,1,1,'2019-05-09 16:08:28',248,-546),(242,'2019-02-21',20.00,1589.4700,480,1,1,'2019-05-09 16:08:28',249,195),(243,'2019-02-21',20.00,516.6900,160,1,1,'2019-05-09 16:08:28',250,196),(244,'2019-02-21',32.20,1024.8700,348,1,1,'2019-05-09 16:08:28',251,-539),(245,'2019-02-22',12.00,580.5900,160,1,0,'2019-05-09 16:08:29',252,197),(246,'2019-02-22',4.00,569.0900,160,1,0,'2019-05-09 16:08:29',253,198),(247,'2019-02-22',20.00,1420.5300,440,1,1,'2019-05-09 16:08:29',254,199),(248,'2019-02-22',10.00,601.3900,160,1,0,'2019-05-09 16:08:29',255,200),(249,'2019-02-22',8.00,519.7900,160,1,0,'2019-05-09 16:08:29',256,201),(250,'2019-02-25',10.00,589.2500,160,1,0,'2019-05-09 16:08:30',257,202),(251,'2019-02-25',20.00,1243.1900,485,1,1,'2019-05-09 16:08:30',258,203),(252,'2019-02-25',30.30,476.8900,160,1,0,'2019-05-09 16:08:30',259,204),(253,'2019-02-25',24.00,232.0300,160,1,0,'2019-05-09 16:08:30',260,205),(254,'2019-02-25',10.00,1700.1100,536,1,1,'2019-05-09 16:08:30',261,206),(255,'2019-02-22',10.00,2375.2600,640,1,1,'2019-05-09 16:08:31',262,207),(256,'2019-02-25',8.00,615.4900,160,1,0,'2019-05-09 16:08:31',263,208),(257,'2019-02-25',12.00,569.9900,160,1,0,'2019-05-09 16:08:31',264,209),(258,'2019-02-22',13.80,199.0100,117,1,0,'2019-05-09 16:08:31',265,-535),(259,'2019-02-25',21.80,1415.2000,522,1,1,'2019-05-09 16:08:32',266,-540),(260,'2019-02-27',24.00,255.9400,178,1,0,'2019-05-09 16:08:32',267,210),(261,'2019-02-27',20.00,2005.6400,640,1,0,'2019-05-09 16:08:32',268,211),(262,'2019-02-27',16.30,300.0000,60,1,0,'2019-05-09 16:08:32',269,-530),(263,'2019-02-27',12.00,519.6900,160,1,0,'2019-05-09 16:08:33',270,212),(264,'2019-02-27',30.30,1908.2800,640,1,1,'2019-05-09 16:08:33',271,213),(265,'2019-02-27',8.00,607.4900,160,1,0,'2019-05-09 16:08:33',272,214),(266,'2019-02-28',21.80,435.0000,443,1,0,'2019-05-09 16:08:33',273,-540),(267,'2019-02-28',24.10,171.6700,95,1,0,'2019-05-09 16:08:33',274,215),(268,'2019-02-28',20.30,54.7900,30,1,0,'2019-05-09 16:08:33',275,-538),(269,'2019-02-28',4.00,522.3900,160,1,0,'2019-05-09 16:08:34',276,216),(270,'2019-02-28',20.00,2067.2600,640,1,1,'2019-05-09 16:08:34',277,217),(271,'2019-02-28',8.00,613.5900,160,1,0,'2019-05-09 16:08:34',278,218),(272,'2019-02-28',12.00,588.0900,160,1,0,'2019-05-09 16:08:34',279,219),(273,'2019-02-28',18.40,1224.0000,432,1,1,'2019-05-09 16:08:35',280,-543),(274,'2019-02-28',24.00,229.2700,160,1,0,'2019-05-09 16:08:35',281,220),(275,'2019-03-02',30.30,482.4900,160,1,0,'2019-05-09 16:08:36',282,221),(276,'2019-03-02',4.00,528.9900,160,1,0,'2019-05-09 16:08:36',283,222),(277,'2019-03-02',20.00,2247.3200,745,1,1,'2019-05-09 16:08:36',284,223),(278,'2019-03-02',12.00,583.7900,160,1,0,'2019-05-09 16:08:36',285,224),(279,'2019-03-02',12.00,582.2100,160,1,0,'2019-05-09 16:08:37',286,225),(280,'2019-03-04',16.30,102.7800,21,1,0,'2019-05-09 16:08:37',287,-529),(281,'2019-03-04',16.30,102.7800,21,1,0,'2019-05-09 16:08:37',288,-529),(282,'2019-03-04',24.00,231.8900,160,1,0,'2019-05-09 16:08:37',289,226),(283,'2019-03-04',10.00,601.2900,160,1,0,'2019-05-09 16:08:37',290,227),(284,'2019-03-04',4.00,521.8900,160,1,0,'2019-05-09 16:08:37',291,228),(285,'2019-03-04',20.00,1611.5700,480,1,1,'2019-05-09 16:08:38',292,229),(286,'2019-03-04',8.00,606.4900,160,1,0,'2019-05-09 16:08:38',293,230),(287,'2019-03-04',12.00,1550.1000,470,1,0,'2019-05-09 16:08:38',294,231),(288,'2019-03-01',19.10,1024.8700,348,1,0,'2019-05-09 16:08:39',297,0),(289,'2019-03-05',20.00,1923.6800,640,1,1,'2019-05-09 16:08:39',298,232),(290,'2019-03-05',30.30,477.7300,160,1,0,'2019-05-09 16:08:39',299,233),(291,'2019-03-06',32.30,541.8400,268,1,1,'2019-05-09 16:08:39',300,234),(292,'2019-03-06',16.30,366.0000,72,1,0,'2019-05-09 16:08:39',301,-529),(293,'2019-03-06',4.00,446.1600,159,1,0,'2019-05-09 16:08:39',302,235),(294,'2019-03-06',20.00,386.6500,196,1,0,'2019-05-09 16:08:40',303,236),(295,'2019-03-06',8.00,1215.8800,320,1,0,'2019-05-09 16:08:40',304,237),(296,'2019-03-06',30.30,1478.3300,480,1,1,'2019-05-09 16:08:40',305,238),(297,'2019-03-01',32.20,1024.8700,348,1,0,'2019-05-09 16:08:40',306,-539),(298,'2019-03-07',10.00,1782.3700,480,1,1,'2019-05-09 16:08:40',307,239),(299,'2019-03-07',12.00,584.8900,160,1,0,'2019-05-09 16:08:41',308,240),(300,'2019-03-07',8.00,992.1500,300,1,1,'2019-05-09 16:08:41',309,241),(301,'2019-03-07',20.90,656.0800,349,1,1,'2019-05-09 16:08:41',310,-549),(302,'2019-03-07',13.80,304.8100,179,1,1,'2019-05-09 16:08:41',311,-535),(303,'2019-03-08',24.10,241.4900,160,1,0,'2019-05-09 16:08:41',312,242),(304,'2019-03-08',13.80,59.4000,36,1,0,'2019-05-09 16:08:42',313,-535),(305,'2019-03-08',15.60,254.0000,150,1,0,'2019-05-09 16:08:42',314,-498),(306,'2019-03-08',32.30,205.9500,100,1,1,'2019-05-09 16:08:42',315,243),(307,'2019-03-08',20.00,1464.4000,481,1,1,'2019-05-09 16:08:42',316,244),(308,'2019-03-08',30.30,439.5000,179,1,0,'2019-05-09 16:08:43',317,245),(309,'2019-03-08',20.00,2134.4600,640,1,1,'2019-05-09 16:08:43',318,246),(310,'2019-03-08',12.00,584.3900,160,1,0,'2019-05-09 16:08:43',319,247),(311,'2019-03-08',24.00,191.6400,175,1,0,'2019-05-09 16:08:44',320,248),(312,'2019-03-12',8.00,1855.9700,480,1,1,'2019-05-09 16:08:44',321,249),(313,'2019-03-12',4.00,1603.6200,493,1,0,'2019-05-09 16:08:44',322,250),(314,'2019-03-12',30.30,423.4600,170,1,1,'2019-05-09 16:08:45',323,251),(315,'2019-03-12',20.00,1859.2600,563,1,1,'2019-05-09 16:08:45',324,252),(316,'2019-03-12',10.00,1186.4200,320,1,0,'2019-05-09 16:08:45',325,253),(317,'2019-03-12',12.00,1165.1800,320,1,1,'2019-05-09 16:08:45',326,254),(318,'2019-03-12',24.10,675.4000,373,1,1,'2019-05-09 16:08:46',327,255),(319,'2019-03-12',24.00,231.3900,160,1,0,'2019-05-09 16:08:46',328,256),(320,'2019-03-12',16.30,242.8000,48,1,0,'2019-05-09 16:08:46',329,-529),(321,'2019-03-12',12.00,571.1900,160,1,0,'2019-05-09 16:08:46',330,257),(322,'2019-03-12',10.00,58.2800,49,1,0,'2019-05-09 16:08:47',331,258),(323,'2019-03-13',10.00,2314.2900,630,1,1,'2019-05-09 16:08:47',332,259),(324,'2019-03-13',21.00,1284.6200,504,1,1,'2019-05-09 16:08:47',333,-546),(325,'2019-03-13',20.00,526.3900,160,1,0,'2019-05-09 16:08:47',334,260),(326,'2019-03-13',20.00,1570.6700,480,1,1,'2019-05-09 16:08:47',335,261),(327,'2019-03-14',16.30,121.4000,24,1,0,'2019-05-09 16:08:47',336,-529),(328,'2019-03-14',16.30,121.4000,24,1,0,'2019-05-09 16:08:48',337,-529),(329,'2019-03-14',24.00,233.6300,160,1,0,'2019-05-09 16:08:48',338,262),(330,'2019-03-14',10.00,602.4900,160,1,0,'2019-05-09 16:08:48',339,263),(331,'2019-03-14',20.00,535.8900,160,1,0,'2019-05-09 16:08:48',340,264),(332,'2019-03-14',20.00,1581.9700,480,1,1,'2019-05-09 16:08:48',341,265),(333,'2019-03-15',16.30,149.9000,30,1,0,'2019-05-09 16:08:49',342,-528),(334,'2019-03-15',21.80,624.2900,252,1,0,'2019-05-09 16:08:49',343,-540),(335,'2019-03-15',19.10,171.9300,60,1,0,'2019-05-09 16:08:49',344,-664),(336,'2019-03-15',30.30,1478.2700,480,1,1,'2019-05-09 16:08:50',345,266),(337,'2019-03-15',30.30,483.6900,160,1,0,'2019-05-09 16:08:50',346,267),(338,'2019-03-15',20.00,213.5900,131,1,0,'2019-05-09 16:08:50',347,268),(339,'2019-03-15',8.00,617.7900,160,1,1,'2019-05-09 16:08:50',348,269),(340,'2019-03-15',7.10,310.0000,133,1,0,'2019-05-09 16:08:50',349,-534),(341,'2019-03-16',20.70,1520.1200,528,1,1,'2019-05-09 16:08:50',350,-545),(342,'2019-03-16',15.60,135.9600,90,1,0,'2019-05-09 16:08:51',351,-498),(343,'2019-03-16',12.00,888.4800,275,1,0,'2019-05-09 16:08:51',352,270),(344,'2019-03-16',20.00,1671.6700,480,1,1,'2019-05-09 16:08:51',353,271),(345,'2019-03-16',20.00,1948.3600,594,1,1,'2019-05-09 16:08:51',354,272),(346,'2019-03-16',30.30,247.2400,76,1,1,'2019-05-09 16:08:52',355,273),(347,'2019-03-19',4.00,583.6900,181,1,0,'2019-05-09 16:08:52',356,274),(348,'2019-03-19',30.30,753.0100,245,1,0,'2019-05-09 16:08:52',357,275),(349,'2019-03-19',10.00,593.4900,160,1,0,'2019-05-09 16:08:52',358,276),(350,'2019-03-19',20.00,2107.5600,640,1,1,'2019-05-09 16:08:52',359,277),(351,'2019-03-19',12.00,576.6900,160,1,0,'2019-05-09 16:08:52',360,278),(352,'2019-03-20',20.00,1557.1700,480,1,1,'2019-05-09 16:08:53',361,279),(353,'2019-03-20',4.00,542.6900,160,1,0,'2019-05-09 16:08:53',362,280),(354,'2019-03-20',12.00,581.4900,160,1,0,'2019-05-09 16:08:53',363,281),(355,'2019-03-21',16.30,183.0000,36,1,0,'2019-05-09 16:08:53',364,-528),(356,'2019-03-21',16.30,183.0000,36,1,0,'2019-05-09 16:08:53',365,-528),(357,'2019-03-21',32.30,850.8100,387,1,1,'2019-05-09 16:08:53',366,282),(358,'2019-03-21',12.00,579.8900,160,1,0,'2019-05-09 16:08:54',368,283),(359,'2019-03-25',16.30,240.0000,48,1,0,'2019-05-09 16:08:54',369,-528),(360,'2019-03-25',4.00,512.1200,176,1,0,'2019-05-09 16:08:54',370,284),(361,'2019-03-25',30.30,759.4800,320,1,0,'2019-05-09 16:08:54',371,285),(362,'2019-03-25',8.00,605.9900,160,1,0,'2019-05-09 16:08:54',372,286),(363,'2019-03-25',20.00,1607.9100,480,1,1,'2019-05-09 16:08:54',373,287),(364,'2019-03-25',10.00,1484.5000,450,1,1,'2019-05-09 16:08:55',374,288),(365,'2019-03-23',16.40,588.0000,360,1,0,'2019-05-09 16:08:55',375,-533),(366,'2019-03-23',21.80,980.8900,396,1,0,'2019-05-09 16:08:55',376,-540),(367,'2019-03-23',23.20,86.0000,72,1,1,'2019-05-09 16:08:55',377,-537),(368,'2019-03-23',23.20,588.6000,216,1,1,'2019-05-09 16:08:55',378,-537),(369,'2019-03-23',30.30,391.4900,160,1,0,'2019-05-09 16:08:56',379,289),(370,'2019-03-23',8.00,658.3600,237,1,0,'2019-05-09 16:08:56',380,290),(371,'2019-03-23',10.00,612.2100,209,1,0,'2019-05-09 16:08:57',381,291),(372,'2019-03-23',24.00,230.4900,160,1,0,'2019-05-09 16:08:57',382,292),(373,'2019-03-23',10.00,1666.4300,486,1,1,'2019-05-09 16:08:57',383,293),(374,'2019-03-23',24.10,311.4300,165,1,0,'2019-05-09 16:08:58',384,294),(375,'2019-03-23',4.00,531.5900,160,1,0,'2019-05-09 16:08:58',385,295),(376,'2019-03-23',12.00,453.3900,139,1,0,'2019-05-09 16:08:58',386,296),(377,'2019-03-23',20.00,1595.5700,480,1,1,'2019-05-09 16:08:58',387,297),(378,'2019-03-25',30.30,115.7400,71,1,0,'2019-05-09 16:08:59',388,298),(379,'2019-03-25',20.00,433.8000,123,1,0,'2019-05-09 16:08:59',389,299),(380,'2019-03-26',12.00,581.2900,160,1,0,'2019-05-09 16:08:59',390,300),(381,'2019-03-26',8.00,621.3900,160,1,0,'2019-05-09 16:08:59',391,301),(382,'2019-03-26',19.10,216.0000,48,1,0,'2019-05-09 16:08:59',392,-664),(383,'2019-03-26',21.00,1292.9800,504,1,1,'2019-05-09 16:09:00',393,-546),(384,'2019-03-26',16.30,33.9900,12,1,0,'2019-05-09 16:09:00',394,-528),(385,'2019-03-26',32.50,81.2000,0,1,0,'2019-05-09 16:09:00',395,0),(386,'2019-03-26',20.00,1934.4600,678,1,1,'2019-05-09 16:09:00',396,302),(387,'2019-03-26',24.00,185.7500,105,1,0,'2019-05-09 16:09:01',397,303),(388,'2019-03-27',4.00,525.7900,160,1,0,'2019-05-09 16:09:01',398,304),(389,'2019-03-27',12.00,581.0900,160,1,0,'2019-05-09 16:09:01',399,305),(390,'2019-03-27',32.30,356.1100,160,1,0,'2019-05-09 16:09:01',400,306),(391,'2019-03-27',8.00,622.6900,160,1,0,'2019-05-09 16:09:02',401,307),(392,'2019-03-27',20.00,2160.6600,640,1,1,'2019-05-09 16:09:02',402,308),(393,'2019-03-27',15.60,228.3600,132,1,0,'2019-05-09 16:09:03',403,-498),(394,'2019-03-28',4.00,516.6900,160,1,0,'2019-05-09 16:09:03',404,309),(395,'2019-03-28',8.00,630.1900,160,1,0,'2019-05-09 16:09:03',405,310),(396,'2019-03-28',10.00,2553.1800,715,1,1,'2019-05-09 16:09:04',406,311),(397,'2019-03-28',12.00,1148.5600,411,1,0,'2019-05-09 16:09:05',408,312),(398,'2019-03-28',16.30,280.2500,48,1,0,'2019-05-09 16:09:05',410,-528),(399,'2019-03-29',24.00,277.0900,160,1,0,'2019-05-09 16:09:06',411,313),(400,'2019-03-29',20.00,1613.8700,480,1,1,'2019-05-09 16:09:06',412,314),(401,'2019-03-29',10.00,512.9300,206,1,0,'2019-05-09 16:09:07',415,315),(402,'2019-03-29',5.00,226.0000,104,1,0,'2019-05-09 16:09:08',416,316),(403,'2019-03-30',20.00,1016.9800,320,1,1,'2019-05-09 16:09:08',417,317),(404,'2019-03-30',8.00,537.2900,160,1,0,'2019-05-09 16:09:08',418,318),(405,'2019-03-30',32.30,371.9900,160,1,1,'2019-05-09 16:09:09',419,319),(406,'2019-03-30',24.10,570.4800,320,1,1,'2019-05-09 16:09:09',420,320),(407,'2019-03-30',30.30,1932.6900,641,1,1,'2019-05-09 16:09:09',421,321),(408,'2019-03-30',20.90,578.5300,300,1,1,'2019-05-09 16:09:10',422,-549),(409,'2019-03-29',21.10,78.8000,144,1,0,'2019-05-09 16:09:10',423,-548),(410,'2019-03-30',32.30,293.9100,153,1,1,'2019-05-09 16:09:11',424,322),(411,'2019-04-02',21.80,1025.4700,414,1,0,'2019-05-09 16:09:11',425,-540),(412,'2019-04-01',20.00,515.2900,160,1,1,'2019-05-09 16:09:11',426,323),(413,'2019-04-01',30.30,727.8700,291,1,0,'2019-05-09 16:09:12',427,324),(414,'2019-04-01',12.00,563.5900,160,1,0,'2019-05-09 16:09:13',429,325),(415,'2019-04-01',10.00,608.1900,160,1,0,'2019-05-09 16:09:13',430,326),(416,'2019-04-01',4.00,530.7900,160,1,0,'2019-05-09 16:09:13',431,327),(417,'2019-04-02',19.10,127.8700,72,1,0,'2019-05-09 16:09:14',432,-664),(418,'2019-04-02',8.00,1525.1000,434,1,1,'2019-05-09 16:09:14',433,328),(419,'2019-04-03',12.00,577.7900,160,1,0,'2019-05-09 16:09:15',435,329),(420,'2019-04-03',20.00,852.6100,321,1,1,'2019-05-09 16:09:15',436,330),(421,'2019-04-03',10.00,598.8900,160,1,0,'2019-05-09 16:09:15',437,331),(422,'2019-04-03',24.00,269.2900,160,1,0,'2019-05-09 16:09:16',438,332),(423,'2019-03-31',24.10,56.4400,40,1,1,'2019-05-09 16:09:16',439,333),(424,'2019-04-03',20.00,1551.8700,480,1,1,'2019-05-09 16:09:16',440,334),(425,'2019-04-04',10.00,2409.3600,640,1,1,'2019-05-09 16:09:18',441,335),(426,'2019-04-04',12.00,576.5900,160,1,1,'2019-05-09 16:09:19',442,336),(427,'2019-04-04',4.00,534.3900,160,1,0,'2019-05-09 16:09:19',443,337),(428,'2019-04-04',20.00,252.5800,147,1,0,'2019-05-09 16:09:20',444,338),(429,'2019-04-05',8.00,411.4100,136,1,0,'2019-05-09 16:09:21',445,339),(430,'2019-04-05',12.00,577.3900,160,1,0,'2019-05-09 16:09:21',446,340),(431,'2019-04-05',30.30,448.2900,160,1,0,'2019-05-09 16:09:22',447,341),(432,'2019-04-05',4.00,500.5300,169,1,0,'2019-05-09 16:09:22',448,342),(433,'2019-04-05',20.00,1701.3200,539,1,1,'2019-05-09 16:09:22',449,343),(434,'2019-04-05',21.10,88.2000,147,1,0,'2019-05-09 16:09:23',450,-547),(435,'2019-04-05',21.10,87.8000,118,1,0,'2019-05-09 16:09:24',451,-547),(436,'2019-04-05',24.10,266.2900,160,1,0,'2019-05-09 16:09:25',452,344),(437,'2019-04-05',8.00,632.4900,160,1,0,'2019-05-09 16:09:25',453,345),(438,'2019-04-05',10.00,604.5900,160,1,0,'2019-05-09 16:09:25',454,346),(439,'2019-04-06',30.30,1330.7700,480,1,1,'2019-05-09 16:09:26',455,347),(440,'2019-04-06',8.00,533.4900,160,1,0,'2019-05-09 16:09:26',456,348),(441,'2019-04-06',24.00,174.6500,194,1,0,'2019-05-09 16:09:27',457,349),(442,'2019-04-06',10.00,1736.6700,480,1,1,'2019-05-09 16:09:27',458,350),(443,'2019-04-06',20.00,1620.5700,480,1,1,'2019-05-09 16:09:29',460,351),(444,'2019-04-06',16.30,182.9100,36,1,0,'2019-05-09 16:09:30',462,-527),(445,'2019-04-06',16.30,245.2200,48,1,0,'2019-05-09 16:09:30',463,-527),(446,'2019-04-06',20.00,592.8200,269,1,1,'2019-05-09 16:09:30',464,352),(447,'2019-04-06',32.30,331.0900,160,1,0,'2019-05-09 16:09:31',465,353),(448,'2019-04-06',4.00,511.4900,160,1,0,'2019-05-09 16:09:31',466,354),(449,'2019-04-08',8.00,552.6900,160,1,0,'2019-05-09 16:09:31',467,355),(450,'2019-04-08',12.00,578.6900,160,1,0,'2019-05-09 16:09:32',468,356),(451,'2019-04-08',30.30,387.0400,148,1,0,'2019-05-09 16:09:32',469,357),(452,'2019-04-08',21.10,14.0000,11,1,0,'2019-05-09 16:09:32',470,-547),(453,'2019-04-09',8.00,75.4500,24,1,0,'2019-05-09 16:09:33',471,358),(454,'2019-04-09',18.40,1071.9900,384,1,1,'2019-05-09 16:09:33',472,-543),(455,'2019-04-09',10.00,498.5400,173,1,0,'2019-05-09 16:09:33',473,359),(456,'2019-04-09',12.00,578.8900,160,1,0,'2019-05-09 16:09:33',474,360),(457,'2019-04-10',20.00,1601.8700,480,1,1,'2019-05-09 16:09:34',475,361),(458,'2019-04-09',21.80,981.9500,396,1,0,'2019-05-09 16:09:34',476,-540),(459,'2019-04-10',4.00,537.2900,160,1,0,'2019-05-09 16:09:35',477,362),(460,'2019-04-10',4.00,509.2900,160,1,0,'2019-05-09 16:09:35',478,363),(461,'2019-04-10',15.60,284.2600,157,1,0,'2019-05-09 16:09:35',479,-498),(462,'2019-04-11',8.40,10.9000,6,1,0,'2019-05-09 16:09:36',480,-410),(463,'2019-04-11',40.20,44.4100,278,1,0,'2019-05-09 16:09:36',481,-536),(464,'2019-04-11',7.10,289.6000,116,1,0,'2019-05-09 16:09:36',482,-534),(465,'2019-04-11',16.30,30.6400,6,1,0,'2019-05-09 16:09:36',483,-527),(466,'2019-04-11',30.30,1239.2100,500,1,1,'2019-05-09 16:09:37',484,364),(467,'2019-04-11',4.00,515.4900,160,1,0,'2019-05-09 16:09:37',485,365),(468,'2019-04-11',20.00,1040.2900,519,1,1,'2019-05-09 16:09:38',486,366),(469,'2019-04-11',12.00,45.7800,14,1,0,'2019-05-09 16:09:41',487,367),(470,'2019-04-12',90.10,2.4000,0,1,0,'2019-05-09 16:09:41',488,-536),(471,'2019-04-12',13.80,0.0000,30,1,0,'2019-05-09 16:09:41',489,-535),(472,'2019-04-11',8.00,562.1100,146,1,1,'2019-05-09 16:09:42',491,368),(473,'2019-04-11',16.30,212.3500,42,1,0,'2019-05-09 16:09:42',492,-527),(474,'2019-04-11',20.70,32.4800,12,1,0,'2019-05-09 16:09:42',493,-545),(475,'2019-04-12',32.30,337.1900,160,1,1,'2019-05-09 16:09:42',494,369),(476,'2019-04-12',8.00,612.3900,160,1,0,'2019-05-09 16:09:43',495,370),(477,'2019-04-12',12.00,181.1700,66,1,0,'2019-05-09 16:09:43',496,371),(478,'2019-04-12',20.70,169.4700,62,1,0,'2019-05-09 16:09:43',497,-545),(479,'2019-04-12',32.30,327.3900,160,1,1,'2019-05-09 16:09:43',498,372),(480,'2019-04-12',21.10,30.9000,21,1,0,'2019-05-09 16:09:44',499,-546),(481,'2019-04-12',21.10,41.2000,29,1,0,'2019-05-09 16:09:44',500,-546),(482,'2019-04-13',21.10,29.5000,20,1,0,'2019-05-09 16:09:44',501,-546),(483,'2019-04-12',8.00,525.2100,136,1,0,'2019-05-09 16:09:45',502,373),(484,'2019-04-12',4.00,513.7900,160,1,0,'2019-05-09 16:09:45',503,374),(485,'2019-04-12',10.00,310.2500,110,1,0,'2019-05-09 16:09:45',504,375),(486,'2019-04-12',12.00,473.6900,160,1,0,'2019-05-09 16:09:45',505,376),(487,'2019-04-12',24.10,155.3500,121,1,0,'2019-05-09 16:09:46',506,377),(488,'2019-04-13',16.30,125.1400,24,1,0,'2019-05-09 16:09:46',507,-527),(489,'2019-04-13',21.00,1163.6500,444,1,1,'2019-05-09 16:09:46',508,-546),(490,'2019-04-13',20.00,1605.1700,480,1,1,'2019-05-09 16:09:46',509,378),(491,'2019-04-13',10.00,1249.0500,340,1,1,'2019-05-09 16:09:47',510,379),(492,'2019-04-15',30.30,410.4900,160,1,1,'2019-05-09 16:09:47',511,380),(493,'2019-04-13',32.40,1403.7000,522,1,1,'2019-05-09 16:09:47',512,-544),(494,'2019-04-15',20.00,1588.6700,480,1,1,'2019-05-09 16:09:48',513,381),(495,'2019-04-15',10.00,1072.1100,336,1,0,'2019-05-09 16:09:48',514,382),(496,'2019-04-15',32.40,917.8100,360,1,0,'2019-05-09 16:09:48',515,-544),(497,'2019-04-16',20.00,2133.9600,640,1,1,'2019-05-09 16:09:49',516,383),(498,'2019-04-16',10.00,1784.7700,480,1,1,'2019-05-09 16:09:49',517,384),(499,'2019-04-16',32.30,118.4500,54,1,0,'2019-05-09 16:09:49',518,385),(500,'2019-04-22',14.90,184.9400,120,1,0,'2019-05-09 16:09:50',519,-490),(501,'2019-04-22',32.30,336.6900,160,1,0,'2019-05-09 16:09:50',520,386),(502,'2019-04-22',8.00,615.2900,160,1,0,'2019-05-09 16:09:50',521,387),(503,'2019-04-22',4.00,459.5100,172,1,0,'2019-05-09 16:09:51',522,388),(504,'2019-04-22',20.00,1595.8700,480,1,1,'2019-05-09 16:09:51',523,389),(505,'2019-04-22',16.30,272.0200,54,1,0,'2019-05-09 16:09:51',524,-527),(506,'2019-04-23',30.30,400.2900,160,1,0,'2019-05-09 16:09:51',525,390),(507,'2019-04-23',10.00,595.3900,160,1,0,'2019-05-09 16:09:52',526,391),(508,'2019-04-23',12.00,583.0900,160,1,0,'2019-05-09 16:09:52',527,392),(509,'2019-04-23',16.30,122.5600,24,1,0,'2019-05-09 16:09:52',528,-526),(510,'2019-04-23',20.70,102.3400,24,1,0,'2019-05-09 16:09:52',529,-545),(511,'2019-04-24',10.00,593.5900,160,1,0,'2019-05-09 16:09:52',530,393),(512,'2019-04-24',8.00,297.2300,82,1,0,'2019-05-09 16:09:52',531,394),(513,'2019-04-24',32.40,1073.6000,396,1,0,'2019-05-09 16:09:52',532,-544),(514,'2019-04-26',20.00,2159.8000,640,1,0,'2019-05-09 16:09:53',533,395),(515,'2019-04-26',32.30,1069.3500,480,1,0,'2019-05-09 16:09:53',534,396),(516,'2019-04-26',10.00,597.6500,160,1,0,'2019-05-09 16:09:53',535,397),(517,'2019-04-26',8.00,616.6900,160,1,0,'2019-05-09 16:09:54',536,398),(518,'2019-04-26',12.00,582.0900,160,1,0,'2019-05-09 16:09:54',537,399),(519,'2019-04-26',10.00,593.7900,160,1,0,'2019-05-09 16:09:54',538,400),(520,'2019-04-26',30.30,405.3500,160,1,0,'2019-05-09 16:09:55',539,401),(521,'2019-04-26',4.00,237.9500,80,1,0,'2019-05-09 16:09:55',540,402),(522,'2019-04-26',16.30,30.1400,6,1,0,'2019-05-09 16:09:55',541,-526),(523,'2019-04-27',20.00,1616.3000,481,1,0,'2019-05-09 16:09:55',542,403),(524,'2019-04-27',20.00,234.6800,70,1,0,'2019-05-09 16:09:55',543,404),(525,'2019-04-26',30.30,1233.7700,480,1,0,'2019-05-09 16:09:56',544,413),(526,'2019-04-26',24.10,261.2900,160,1,0,'2019-05-09 16:09:56',545,414),(527,'2019-04-29',16.30,61.8700,12,1,0,'2019-05-09 16:09:56',546,-526),(528,'2019-04-26',4.00,494.0500,160,1,0,'2019-05-09 16:09:56',547,416),(529,'2019-04-26',16.30,245.8800,48,1,0,'2019-05-09 16:09:56',548,-526),(530,'2019-04-26',24.00,278.3500,160,1,0,'2019-05-09 16:09:57',549,418),(531,'2019-04-29',8.00,620.5900,160,1,0,'2019-05-09 16:09:57',550,419),(532,'2019-04-29',4.00,496.5300,160,1,0,'2019-05-09 16:09:57',551,420),(533,'2019-04-29',30.30,417.8700,163,1,0,'2019-05-09 16:09:58',552,421),(534,'2019-04-29',10.00,130.0000,41,1,0,'2019-05-09 16:09:58',553,431),(535,'2019-04-09',18.40,169.0000,83,1,1,'2019-05-09 16:09:58',554,-543),(536,'2019-04-30',32.40,287.0000,232,1,0,'2019-05-09 16:09:58',555,-510),(537,'2019-04-29',20.00,1612.5100,480,1,0,'2019-05-09 16:09:59',556,433),(538,'2019-04-30',8.00,1855.3700,480,1,0,'2019-05-09 16:09:59',557,434),(539,'2019-04-30',10.00,597.5100,160,1,0,'2019-05-09 16:09:59',558,435),(540,'2019-04-30',10.00,1934.9400,528,1,0,'2019-05-09 16:09:59',559,436),(541,'2019-04-30',20.00,1972.6900,611,1,0,'2019-05-09 16:10:00',560,437),(542,'2019-04-30',20.70,63.7400,9,1,0,'2019-05-09 16:10:01',561,-545),(543,'2019-05-02',24.00,276.0900,160,1,0,'2019-05-09 16:10:02',562,439),(544,'2019-05-02',20.00,503.1700,163,1,0,'2019-05-09 16:10:02',563,440),(545,'2019-05-02',10.00,534.4200,176,1,0,'2019-05-09 16:10:02',564,441),(546,'2019-05-02',16.30,126.0400,24,1,0,'2019-05-09 16:10:02',565,-400),(547,'2019-05-02',32.30,415.5900,160,1,0,'2019-05-09 16:10:03',566,443),(548,'2019-05-02',12.00,590.1900,160,1,0,'2019-05-09 16:10:03',567,444),(549,'2019-05-03',4.00,537.2900,179,1,0,'2019-05-09 16:10:03',568,445),(550,'2019-05-03',10.00,603.3900,160,1,0,'2019-05-09 16:10:04',569,446),(551,'2019-05-03',12.00,562.2900,160,1,0,'2019-05-09 16:10:04',570,447),(552,'2019-05-03',32.30,407.2900,160,1,0,'2019-05-09 16:10:04',571,448),(553,'2019-05-03',20.00,2022.5200,664,1,0,'2019-05-09 16:10:05',572,449),(554,'2019-05-03',16.30,123.9400,12,1,0,'2019-05-09 16:10:05',574,-400),(555,'2019-05-03',20.00,394.3000,128,1,0,'2019-05-09 16:10:05',575,451),(556,'2019-05-06',10.00,1792.8500,480,1,0,'2019-05-09 16:10:06',576,452),(557,'2019-05-06',20.00,1635.3500,480,1,0,'2019-05-09 16:10:06',578,453),(558,'2019-05-06',4.00,496.4500,160,1,0,'2019-05-09 16:10:07',579,454),(559,'2019-05-06',21.00,254.0000,175,1,0,'2019-05-09 16:10:07',580,-400),(560,'2019-05-06',21.00,1159.1800,444,1,0,'2019-05-09 16:10:07',581,-400),(561,'2019-05-06',30.30,1228.0700,480,1,0,'2019-05-09 16:10:07',582,456),(562,'2019-05-06',30.30,410.9900,160,1,0,'2019-05-09 16:10:08',583,457),(563,'2019-05-06',8.00,204.1000,77,1,0,'2019-05-09 16:10:08',584,458),(564,'2019-05-06',20.70,679.9400,600,1,0,'2019-05-09 16:10:08',585,-400),(565,'2019-05-06',10.00,596.2900,160,1,0,'2019-05-09 16:10:09',586,460),(566,'2019-05-06',32.40,463.0000,294,1,0,'2019-05-09 16:10:09',587,-510),(567,'2019-05-06',16.30,60.7700,12,1,0,'2019-05-09 16:10:09',588,-400),(568,'2019-05-07',24.00,286.5400,167,1,0,'2019-05-09 16:10:09',589,463),(569,'2019-05-07',8.00,574.8500,151,1,0,'2019-05-09 16:10:09',590,464),(570,'2019-05-07',24.10,340.4900,160,1,0,'2019-05-09 16:10:09',591,465),(571,'2019-05-07',4.00,490.7300,160,1,0,'2019-05-09 16:10:10',592,466),(572,'2019-05-07',10.00,1723.1100,480,1,0,'2019-05-09 16:10:10',593,467);
/*!40000 ALTER TABLE `salidash` ENABLE KEYS */;
UNLOCK TABLES;

--
-- Table structure for table `salidash_destino`
--

DROP TABLE IF EXISTS `salidash_destino`;
/*!40101 SET @saved_cs_client     = @@character_set_client */;
/*!40101 SET character_set_client = utf8 */;
CREATE TABLE `salidash_destino` (
  `idsalidash_destino` int(11) NOT NULL AUTO_INCREMENT,
  `destino` int(11) NOT NULL,
  `clave_tela` varchar(15) COLLATE utf8_spanish2_ci DEFAULT NULL,
  `peso` decimal(15,4) NOT NULL,
  `bobinas` decimal(7,0) NOT NULL,
  `numero` int(11) NOT NULL,
  `id_presenta` int(11) NOT NULL,
  `id_salidash` int(11) DEFAULT NULL,
  PRIMARY KEY (`idsalidash_destino`),
  KEY `fk_salida_destino_destino_idx` (`destino`),
  KEY `fk_salida_destino_presenta_idx` (`id_presenta`),
  CONSTRAINT `fk_salida_destino_destino` FOREIGN KEY (`destino`) REFERENCES `origen` (`idorigen`) ON DELETE NO ACTION ON UPDATE NO ACTION,
  CONSTRAINT `fk_salida_destino_presenta` FOREIGN KEY (`id_presenta`) REFERENCES `presentacion` (`idpresentacion`) ON DELETE NO ACTION ON UPDATE NO ACTION
) ENGINE=InnoDB AUTO_INCREMENT=592 DEFAULT CHARSET=utf8 COLLATE=utf8_spanish2_ci;
/*!40101 SET character_set_client = @saved_cs_client */;

--
-- Dumping data for table `salidash_destino`
--

LOCK TABLES `salidash_destino` WRITE;
/*!40000 ALTER TABLE `salidash_destino` DISABLE KEYS */;
INSERT INTO `salidash_destino` VALUES (1,2,'CAI180',2169.2200,720,720,5,1),(2,2,'CAI180',1047.3600,458,458,5,2),(3,3,'FRN1090',186.7500,125,125,5,3),(4,3,'FRA1416',642.5700,160,160,5,4),(5,3,'CAI200',592.5900,160,160,5,5),(6,3,'GAB1518',570.6900,160,160,5,6),(7,3,'MAN2015',132.9700,46,46,4,7),(8,3,'CAN1514',644.8900,160,160,5,8),(9,3,'LMA180',506.0900,160,160,5,9),(10,3,'BPZ280',544.7900,198,198,3,10),(11,2,'CAI180',377.6300,144,144,5,11),(12,7,'',269.9900,160,160,5,12),(13,3,'CAI200',570.7900,160,160,5,13),(14,2,'CAI180',1874.3500,695,695,5,14),(15,3,'GAB1518',568.8900,160,160,5,15),(16,3,'CUA160',597.1900,160,160,5,16),(17,3,'FRA1012',575.8900,160,160,5,17),(18,3,'GAB1518',584.1900,160,160,5,18),(19,3,'CAI180',572.9900,160,160,5,19),(20,3,'CAN1514',644.0900,160,160,5,20),(21,2,'CAI180',1546.1700,480,480,5,21),(22,3,'MPR150',366.0100,210,210,2,22),(23,3,'MAN2015',95.5000,32,32,4,23),(24,3,'ZAA1090',57.3200,30,30,2,24),(25,3,'ETT160',241.8500,143,143,5,25),(26,3,'DPA180',181.2100,36,36,3,26),(27,2,'CAI180',2040.4600,640,640,5,27),(28,2,'CAI180',906.8600,247,247,5,28),(29,3,'ETT160',171.4500,162,162,5,29),(30,3,'CAI200',573.5900,160,160,5,30),(31,2,'CAI180',613.0800,192,192,5,31),(32,3,'GAB1518',583.4900,160,160,5,32),(33,3,'BPA280',465.6900,160,160,5,33),(34,3,'MAN2015',459.5200,160,160,4,34),(35,2,'CAI180',1548.9300,480,480,5,35),(36,3,'GAB1518',323.0200,119,119,5,36),(37,3,'CAI200',525.0100,157,157,5,37),(38,2,'CAI180',132.4900,80,80,5,38),(39,2,'CAI180',2271.3600,640,640,5,39),(40,2,'CAI180',1024.0800,320,320,5,40),(41,2,'CAI180',502.5900,160,160,5,41),(42,2,'CAI180',1589.6000,537,537,5,42),(43,3,'BPA280',477.7900,160,160,5,43),(44,3,'FRN1090',510.8900,160,160,5,44),(45,3,'CUA160',580.1900,160,160,5,45),(46,3,'FRA1412',569.1900,160,160,5,46),(47,3,'LPM1510',561.4900,160,160,5,47),(48,3,'FRN1090',512.6900,160,160,5,48),(49,3,'CAI180',564.0900,160,160,5,49),(50,3,'YUT100',584.5900,160,160,5,50),(51,3,'CAI200',570.7900,160,160,5,51),(52,2,'CAI180',1032.4800,320,320,5,52),(53,3,'CUA70',555.0900,160,160,5,53),(54,2,'CAI180',1038.9800,320,320,5,54),(55,3,'DPA180',173.0100,36,36,3,55),(56,3,'FPM1090',28.6500,15,15,2,56),(57,2,'CAI180',732.2900,227,227,5,57),(58,2,'CAI180',1016.1100,536,536,2,58),(59,3,'CAI200',155.1000,46,46,5,59),(60,3,'FPN1090',100.0000,160,160,4,60),(61,2,'CAI180',704.3500,228,228,5,61),(62,2,'CAI180',704.3500,228,228,5,61),(63,3,'IND200',574.4900,160,160,5,62),(64,2,'CAI180',984.5700,525,525,2,63),(65,3,'FRN1090',108.6200,69,69,5,64),(66,3,'GAB1518',581.3900,160,160,5,65),(67,2,'CAI180',2393.7600,640,640,5,66),(68,3,'BPZ280',444.1500,162,162,3,67),(69,3,'ETT160',225.8400,129,129,5,68),(70,3,'CAI180',571.4900,160,160,5,69),(71,3,'CAN1514',476.8400,147,147,5,70),(72,2,'CAI180',476.6900,160,160,5,71),(73,3,'FRA1412',572.5900,160,160,5,72),(74,3,'BPA180',48.5900,18,18,3,73),(75,3,'BPA180',57.0000,18,18,3,74),(76,2,'CAI180',959.4800,320,320,5,75),(77,2,'CAI180',519.8900,160,160,5,76),(78,2,'CAI180',519.8900,160,160,5,76),(79,2,'CAI180',1557.5700,480,480,5,77),(80,3,'FRA1012',575.8900,160,160,5,78),(81,2,'CAI180',1199.8000,477,477,5,79),(82,3,'LBC150',576.1900,160,160,5,80),(83,3,'IND200',544.1900,160,160,5,81),(84,7,'',228.6900,149,149,5,82),(85,3,'CAI180',575.0900,160,160,5,83),(86,3,'FRA1012',573.2900,160,160,5,84),(87,3,'IND200',418.8900,160,160,5,85),(88,3,'GAB1518',577.5400,195,195,5,86),(89,2,'CAI180',596.0000,312,312,2,87),(90,3,'ZAA1090',355.6000,186,186,2,88),(91,3,'BPZ280',532.9700,198,198,3,89),(92,3,'AMT1511',192.5000,113,113,5,90),(93,2,'CAI180',1384.8700,480,480,5,91),(94,3,'DPA180',60.2000,12,12,3,92),(95,2,'CAI180',1055.6800,320,320,5,93),(96,2,'CAI180',1055.6800,320,320,5,93),(97,7,'',242.0800,204,204,5,94),(98,2,'CAI180',119.4300,47,47,5,95),(99,3,'FRA1412',563.1900,160,160,5,96),(100,3,'GAB1518',576.5900,160,160,5,97),(101,3,'LBC150',520.1900,160,160,5,98),(102,3,'FRN1090',177.2000,78,78,5,99),(103,3,'DPA180',58.2700,12,12,3,100),(104,2,'CAI180',784.1400,240,240,5,101),(105,2,'CAI180',784.1300,240,240,5,101),(106,3,'CUA160',566.4900,160,160,5,102),(107,3,'TPU175',574.3900,160,160,5,103),(108,3,'DPA180',122.3400,24,24,3,104),(109,7,'',244.6900,160,160,5,105),(110,3,'CUA70',569.5900,160,160,5,106),(111,3,'CAI200',571.9900,160,160,5,107),(112,2,'CAI180',2120.7600,640,640,5,108),(113,2,'CAI180',450.6600,168,168,3,109),(114,2,'CAI180',380.2500,228,228,5,110),(115,2,'CAI180',1056.1800,320,320,5,111),(116,7,'',37.3000,36,36,5,112),(117,7,'',70.6500,80,80,5,112),(118,3,'LBC150',411.2400,117,117,5,113),(119,2,'CAI180',1804.9700,480,480,5,114),(120,3,'MAR150',512.5900,160,160,5,115),(121,3,'BPA280',473.0900,160,160,5,116),(122,3,'GAB1518',573.4900,160,160,5,117),(123,3,'IND200',588.0900,160,160,5,118),(124,3,'FRN1090',538.9900,160,160,5,119),(125,3,'AMT1511',409.0000,240,240,5,120),(126,2,'CAI180',1592.7700,480,480,5,121),(127,3,'CUA160',608.2900,160,160,5,122),(128,3,'ETT160',16.5900,18,18,5,123),(129,3,'LCA1512',20.5000,11,11,2,124),(130,3,'CAN100',576.2900,160,160,5,125),(131,2,'CAI180',526.3900,160,160,5,126),(132,3,'ETT160',122.4600,103,103,5,127),(133,3,'BPA280',446.7900,160,160,5,128),(134,3,'BPA280',477.8900,160,160,5,129),(135,3,'LPM1510',597.9900,160,160,5,130),(136,9,'',139.2000,54,54,3,131),(137,3,'MAN2015',171.8300,60,60,2,132),(138,3,'MAN2015',171.8300,60,60,2,133),(139,3,'CAI200',567.4900,160,160,5,134),(140,2,'CAI180',2008.3800,489,489,5,135),(141,7,'',148.6100,101,101,5,136),(142,2,'CAI180',1599.8300,480,480,5,137),(143,3,'POD290',756.6000,296,296,3,138),(144,2,'CAI180',265.2000,104,104,3,139),(145,7,'',252.9900,160,160,5,140),(146,2,'CAI180',306.8700,96,96,5,141),(147,2,'CAI180',1820.5700,648,648,5,142),(148,3,'IND200',600.9900,160,160,5,143),(149,2,'CAI180',1430.2700,480,480,5,144),(150,2,'CAI180',1062.3700,374,374,5,145),(151,3,'LPM1510',586.3900,160,160,5,146),(152,3,'MAR150',235.7600,72,72,5,147),(153,3,'DPA180',181.4400,36,36,3,148),(154,3,'CAI180',565.7900,160,160,5,149),(155,3,'CAI200',444.5900,160,160,5,150),(156,3,'LBC150',570.0900,160,160,5,151),(157,3,'GAB1518',614.0900,160,160,5,152),(158,3,'MAR150',566.8900,160,160,5,153),(159,3,'TPU175',574.0900,160,160,5,154),(160,3,'PER280',474.0900,160,160,5,155),(161,3,'IND200',608.1900,160,160,5,156),(162,2,'CAI180',2012.7600,640,640,5,157),(163,2,'CAI180',517.3900,160,160,5,158),(164,3,'FRA1012',566.6900,160,160,5,159),(165,3,'LBC150',573.7900,160,160,5,160),(166,7,'',237.4900,160,160,5,161),(167,3,'FRN1090',1066.2800,320,320,5,162),(168,3,'CUA160',603.7900,160,160,5,163),(169,3,'CUA70',318.0700,107,107,5,164),(170,3,'FRC1412',78.1500,46,46,2,165),(171,2,'CAI180',1679.6000,500,500,3,166),(172,3,'TPU175',613.9900,160,160,5,167),(173,3,'CAI200',570.0900,160,160,5,168),(174,7,'',237.9900,160,160,5,169),(175,2,'CAI180',2290.5600,640,640,5,170),(176,3,'CAN1514',614.1900,160,160,5,171),(177,3,'PER280',478.1900,160,160,5,172),(178,2,'CAI180',1584.6500,483,483,5,173),(179,3,'CAI180',569.2900,160,160,5,174),(180,3,'CUA160',583.2900,160,160,5,175),(181,3,'LPM1510',595.8900,160,160,5,176),(182,7,'',215.2900,160,160,5,177),(183,3,'GAB1518',597.0900,160,160,5,178),(184,3,'CAI200',568.8900,160,160,5,179),(185,7,'',178.6900,160,160,5,180),(186,2,'CAI180',1919.3600,640,640,5,181),(187,3,'DPA180',119.6100,24,24,3,182),(188,2,'CAI180',2072.7600,640,640,5,183),(189,3,'CAN1514',602.8900,160,160,5,184),(190,3,'MAN2015',140.1900,48,48,2,185),(191,3,'CPR200',144.0000,32,32,5,186),(192,3,'POD290',43.6200,41,41,2,187),(193,3,'ETT160',265.4900,160,160,5,188),(194,3,'BPA280',480.5900,160,160,5,189),(195,3,'MAR150',567.3900,160,160,5,190),(196,2,'CAI180',1593.8700,480,480,5,191),(197,2,'CAI180',1554.9700,480,480,5,192),(198,2,'CAI180',506.3600,270,270,2,193),(199,2,'CAI180',1427.9200,480,480,2,194),(200,7,'',89.3000,151,151,5,195),(201,3,'CAI200',565.3900,160,160,5,196),(202,3,'CUA160',591.4900,160,160,5,197),(203,2,'CAI180',533.4900,160,160,5,198),(204,3,'GAB1518',615.2900,160,160,5,199),(205,3,'CAN1514',605.7900,160,160,5,200),(206,3,'DPA180',92.5200,18,18,3,201),(207,3,'LCF1521',324.9900,180,180,2,202),(208,3,'CPR200',428.4000,122,122,5,203),(209,3,'PAO320',92.5800,87,87,2,204),(210,3,'CAI200',575.7400,158,158,5,205),(211,2,'CAI180',1555.0700,480,480,5,206),(212,2,'CAI180',867.2000,527,527,5,207),(213,3,'LON150',563.3900,160,160,5,208),(214,3,'CAN1514',610.5900,160,160,5,209),(215,3,'LMA180',500.0900,160,160,5,210),(216,2,'CAI180',1610.3700,480,480,5,211),(217,3,'PMA180',57.0000,18,18,3,212),(218,3,'GAB1518',587.7900,160,160,5,213),(219,3,'CAN1514',502.8900,160,160,5,214),(220,2,'CAI180',782.8500,240,240,5,215),(221,2,'CAI180',781.3200,240,240,5,215),(222,2,'CAI180',183.5500,121,121,5,216),(223,2,'CAI180',1446.1700,480,480,5,217),(224,3,'CUA160',1191.2800,320,320,5,218),(225,3,'MAR150',580.9900,160,160,5,219),(226,3,'GAB1518',241.6200,64,64,5,220),(227,2,'CAI180',2369.4500,769,769,5,221),(228,3,'ATE1218',211.8900,42,42,3,222),(229,3,'DPA180',211.8900,42,42,3,223),(230,3,'LON150',513.1900,160,160,5,224),(231,3,'CAI200',197.2600,94,94,5,225),(232,3,'IND200',602.5900,160,160,5,226),(233,2,'CAI180',304.3000,201,201,5,227),(234,3,'MAN2015',245.2600,84,84,2,228),(235,3,'CUA160',621.2900,160,160,5,229),(236,3,'CPR200',132.1100,50,50,5,230),(237,3,'CUA160',598.3900,160,160,5,231),(238,3,'LON150',334.0600,94,94,5,232),(239,3,'PER280',474.1500,160,160,5,233),(240,3,'CUA70',273.2900,73,73,5,234),(241,3,'MAR150',576.3900,160,160,5,235),(242,3,'CAI200',520.7900,160,160,5,236),(243,3,'CAN1514',615.6900,160,160,5,237),(244,3,'DPA180',123.3400,24,24,3,238),(245,7,'',221.4000,365,365,4,239),(246,7,'',337.0000,414,414,4,240),(247,2,'CAI180',1321.0800,504,504,3,241),(248,2,'CAI180',1589.4700,480,480,5,242),(249,2,'CAI180',516.6900,160,160,5,243),(250,2,'CAI180',1024.8700,348,348,2,244),(251,3,'FRA1412',580.5900,160,160,5,245),(252,3,'LON150',569.0900,160,160,5,246),(253,2,'CAI180',1420.5300,440,440,5,247),(254,3,'CUA70',601.3900,160,160,5,248),(255,3,'CAN100',519.7900,160,160,5,249),(256,3,'IND200',589.2500,160,160,5,250),(257,2,'CAI180',1243.1900,485,485,5,251),(258,3,'BPA280',476.8900,160,160,5,252),(259,7,'',232.0300,160,160,5,253),(260,2,'CAI180',1700.1100,536,536,5,254),(261,2,'CAI180',2375.2600,640,640,5,255),(262,3,'CAN100',615.4900,160,160,5,256),(263,3,'CAI200',569.9900,160,160,5,257),(264,3,'LCF1521',199.0100,117,117,2,258),(265,2,'CAI180',1415.2000,522,522,2,259),(266,7,'',255.9400,178,178,5,260),(267,3,'FRA1490',2005.6400,640,640,5,261),(268,3,'DPA180',300.0000,60,60,3,262),(269,3,'CAI200',519.6900,160,160,5,263),(270,2,'CAI180',1908.2800,640,640,5,264),(271,3,'CAN1514',607.4900,160,160,5,265),(272,7,'',435.0000,443,443,4,266),(273,3,'ETT160',171.6700,95,95,5,267),(274,3,'ETP160',54.7900,30,30,2,268),(275,3,'CCR185',522.3900,160,160,5,269),(276,2,'CAI180',2067.2600,640,640,5,270),(277,3,'CAN100',613.5900,160,160,5,271),(278,3,'FRA1412',588.0900,160,160,5,272),(279,2,'CAI180',1224.0000,432,432,2,273),(280,7,'',229.2700,160,160,5,274),(281,3,'PER280',482.4900,160,160,5,275),(282,3,'CCR185',528.9900,160,160,5,276),(283,2,'CAI180',2247.3200,745,745,5,277),(284,3,'MAR150',583.7900,160,160,5,278),(285,3,'FRA1412',582.2100,160,160,5,279),(286,3,'DPA180',102.7800,21,21,3,280),(287,3,'ATE1218',102.7800,21,21,3,281),(288,7,'',231.8900,160,160,5,282),(289,3,'GAB1518',601.2900,160,160,5,283),(290,3,'CCR185',521.8900,160,160,5,284),(291,2,'CAI180',1611.5700,480,480,5,285),(292,3,'CAN1514',606.4900,160,160,5,286),(293,3,'CAI180',527.6900,160,160,5,287),(294,3,'CAI200',527.6900,160,160,5,287),(295,3,'MAR150',494.7200,150,150,5,287),(296,5,'',1024.8700,348,348,2,288),(297,2,'CAI180',1923.6800,640,640,5,289),(298,3,'PER280',477.7300,160,160,5,290),(299,2,'CAI180',541.8400,268,268,5,291),(300,3,'DPA180',366.0000,72,72,3,292),(301,3,'CCR185',446.1600,159,159,5,293),(302,3,'FRA1090',386.6500,196,196,5,294),(303,3,'CAN1514',1215.8800,320,320,5,295),(304,2,'CAI180',1478.3300,480,480,5,296),(305,8,'',1024.8700,348,348,2,297),(306,2,'CAI180',1782.3700,480,480,5,298),(307,3,'CAI180',584.8900,160,160,5,299),(308,2,'CAI180',992.1500,300,300,5,300),(309,2,'CAI180',656.0800,349,349,2,301),(310,2,'',304.8100,179,179,2,302),(311,3,'ETT160',241.4900,160,160,5,303),(312,3,'FRC1412',59.4000,36,36,2,304),(313,3,'MPR150',254.0000,150,150,2,305),(314,2,'CAI180',205.9500,100,100,5,306),(315,2,'CAI180',1464.4000,481,481,5,307),(316,3,'PER280',439.5000,179,179,5,308),(317,2,'CAI180',2134.4600,640,640,5,309),(318,3,'MAR150',584.3900,160,160,5,310),(319,7,'',191.6400,175,175,5,311),(320,2,'CAI180',1855.9700,480,480,5,312),(321,3,'CCR185',1603.6200,493,493,5,313),(322,2,'CAI180',423.4600,170,170,5,314),(323,2,'CAI180',1859.2600,563,563,5,315),(324,3,'CUA160',1186.4200,320,320,5,316),(325,2,'CAI180',1165.1800,320,320,5,317),(326,2,'CAI180',675.4000,373,373,5,318),(327,7,'',231.3900,160,160,5,319),(328,3,'DPA1818',242.8000,48,48,3,320),(329,3,'CAI180',571.1900,160,160,5,321),(330,3,'CUA160',58.2800,49,49,5,322),(331,2,'CAI180',2314.2900,630,630,5,323),(332,2,'CAI180',1284.6200,504,504,3,324),(333,3,'FRA1090',526.3900,160,160,5,325),(334,2,'CAI180',1570.6700,480,480,5,326),(335,3,'DPA180',121.4000,24,24,3,327),(336,3,'ATE120',121.4000,24,24,3,328),(337,7,'',233.6300,160,160,5,329),(338,3,'GAB1518',602.4900,160,160,5,330),(339,3,'FRA1090',535.8900,160,160,5,331),(340,2,'CAI180',1581.9700,480,480,5,332),(341,3,'ATE120',149.9000,30,30,3,333),(342,7,'',624.2900,252,252,2,334),(343,3,'MAN2015',171.9300,60,60,2,335),(344,2,'CAI180',1478.2700,480,480,5,336),(345,3,'PER280',483.6900,160,160,5,337),(346,3,'FRN1090',213.5900,131,131,5,338),(347,2,'CAI180',617.7900,160,160,5,339),(348,9,'',310.0000,133,100,4,340),(349,2,'CAI180',1520.1200,528,528,2,341),(350,3,'MPR150',135.9600,90,90,2,342),(351,3,'CAI200',888.4800,275,275,5,343),(352,2,'CAI180',1671.6700,480,480,5,344),(353,2,'CAI180',1948.3600,594,594,5,345),(354,2,'CAI180',247.2400,76,76,5,346),(355,3,'LON150',583.6900,181,181,5,347),(356,3,'PER280',753.0100,245,245,5,348),(357,3,'GAB1518',593.4900,160,160,5,349),(358,2,'CAI180',2107.5600,640,640,5,350),(359,3,'CAI180',576.6900,160,160,5,351),(360,2,'CAI180',1557.1700,480,480,5,352),(361,3,'CCR185',542.6900,160,160,5,353),(362,3,'CAI200',581.4900,160,160,5,354),(363,3,'DPA180',183.0000,36,36,3,355),(364,3,'ATE1218',183.0000,36,36,3,356),(365,2,'CAI180',560.6100,255,255,5,357),(366,3,'GPM133',290.2000,132,132,5,357),(367,3,'MAR150',579.8900,160,160,5,358),(368,3,'DPA180',240.0000,48,48,3,359),(369,3,'LON150',512.1200,176,176,5,360),(370,3,'PER280',759.4800,320,320,5,361),(371,3,'CAN100',605.9900,160,160,5,362),(372,2,'CAI180',1607.9100,480,480,5,363),(373,2,'CAI180',1484.5000,450,450,5,364),(374,3,'LOR160',588.0000,360,88,4,365),(375,7,'',980.8900,396,396,2,366),(376,2,'',86.0000,72,72,2,367),(377,2,'',588.6000,216,216,3,368),(378,3,'BPA180',391.4900,160,160,5,369),(379,3,'CAN100',658.3600,237,237,5,370),(380,3,'CUA160',612.2100,209,209,5,371),(381,7,'',230.4900,160,160,5,372),(382,2,'CAI180',1666.4300,486,486,5,373),(383,3,'ETT160',311.4300,165,165,5,374),(384,3,'LON150',531.5900,160,160,5,375),(385,3,'MAR150',453.3900,139,139,5,376),(386,2,'CAI180',1595.5700,480,480,5,377),(387,3,'BPA180',115.7400,71,71,5,378),(388,3,'LMA180',433.8000,123,123,5,379),(389,3,'CAI200',581.2900,160,160,5,380),(390,3,'YUT160',621.3900,160,160,5,381),(391,3,'MAN2015',216.0000,48,48,2,382),(392,2,'CAI180',1292.9800,504,504,3,383),(393,3,'ATE1218',33.9900,12,12,3,384),(394,3,'MPM1090',81.2000,0,0,5,385),(395,2,'CAI180',1934.4600,678,678,5,386),(396,7,'',185.7500,105,105,5,387),(397,3,'LON150',525.7900,160,160,5,388),(398,3,'MAR150',581.0900,160,160,5,389),(399,3,'AMT1511',356.1100,160,160,5,390),(400,3,'YUT160',622.6900,160,160,5,391),(401,2,'CAI180',2160.6600,640,640,5,392),(402,3,'MPR150',228.3600,132,132,2,393),(403,3,'LON150',516.6900,160,160,5,394),(404,3,'CAN1514',630.1900,160,160,5,395),(405,2,'CAI180',2423.5600,640,640,5,396),(406,3,'CUA160',129.6200,75,75,5,396),(407,3,'MAR150',701.4300,251,251,5,397),(408,3,'CAI200',447.1300,160,160,5,397),(409,3,'DPA180',280.2500,48,48,3,398),(410,7,'',277.0900,160,160,5,399),(411,2,'CAI180',537.9600,160,160,5,400),(412,2,'CAI180',537.9600,160,160,5,400),(413,2,'CAI180',537.9500,160,160,5,400),(414,3,'CUA160',512.9300,206,206,5,401),(415,3,'CCR185',226.0000,104,104,5,402),(416,2,'CAI180',1016.9800,320,320,5,403),(417,3,'YUT160',537.2900,160,160,5,404),(418,2,'CAI180',371.9900,160,160,5,405),(419,2,'CAI180',570.4800,320,320,5,406),(420,2,'CAI180',1932.6900,641,641,5,407),(421,2,'CAI180',578.5300,300,300,2,408),(422,3,'',78.8000,144,144,3,409),(423,2,'CAI180',293.9100,153,153,5,410),(424,7,'',1025.4700,414,414,2,411),(425,2,'CAI180',515.2900,160,160,5,412),(426,3,'BPA180',400.2000,160,160,5,413),(427,3,'PER280',327.6700,131,131,5,413),(428,3,'MAR150',563.5900,160,160,5,414),(429,3,'CUA160',608.1900,160,160,5,415),(430,3,'LON1535',530.7900,160,160,5,416),(431,3,'MAN2015',127.8700,72,72,2,417),(432,2,'CAI180',1447.7900,412,412,5,418),(433,3,'YUT180',77.3100,22,22,5,418),(434,3,'GAB1525',577.7900,160,160,5,419),(435,2,'CAI180',852.6100,321,321,5,420),(436,3,'GAB1518',598.8900,160,160,5,421),(437,7,'',269.2900,160,160,5,422),(438,2,'CAI180',56.4400,40,40,5,423),(439,2,'CAI180',1551.8700,480,480,5,424),(440,2,'CAI180',2409.3600,640,640,5,425),(441,2,'CAI180',576.5900,160,160,5,426),(442,3,'LON1535',534.3900,160,160,5,427),(443,3,'FRA1090',252.5800,147,147,5,428),(444,3,'YUT180',411.4100,136,136,5,429),(445,3,'MAR150',577.3900,160,160,5,430),(446,3,'PER280',448.2900,160,160,5,431),(447,3,'LON150',500.5300,169,169,5,432),(448,2,'CAI180',1701.3200,539,539,5,433),(449,3,'MAN205',88.2000,147,147,2,434),(450,3,'MAN205',87.8000,118,118,2,435),(451,3,'ETT160',266.2900,160,160,5,436),(452,3,'CAN1514',632.4900,160,160,5,437),(453,3,'CUA160',604.5900,160,160,5,438),(454,2,'CAI180',1330.7700,480,480,5,439),(455,3,'CAN1514',533.4900,160,160,5,440),(456,7,'',174.6500,194,194,5,441),(457,2,'CAI180',1157.7800,320,320,5,442),(458,2,'CAI180',578.8900,160,160,5,442),(459,2,'CAI180',1080.3800,320,320,5,443),(460,2,'CAI180',540.1900,160,160,5,443),(461,3,'DPA180',182.9100,36,36,3,444),(462,3,'ATE1218',245.2200,48,48,3,445),(463,2,'CAI180',592.8200,269,269,5,446),(464,3,'GPM133',331.0900,160,160,5,447),(465,3,'LON150',511.4900,160,160,5,448),(466,3,'YUT180',552.6900,160,160,5,449),(467,3,'MAR150',578.6900,160,160,5,450),(468,3,'PER280',387.0400,148,148,5,451),(469,3,'',14.0000,11,11,2,452),(470,3,'CAN100',75.4500,24,24,5,453),(471,2,'CAI180',1071.9900,384,384,2,454),(472,3,'CUA160',498.5400,173,173,5,455),(473,3,'CAI200',578.8900,160,160,5,456),(474,2,'CAI180',1601.8700,480,480,5,457),(475,7,'',981.9500,396,396,2,458),(476,3,'LON150',537.2900,160,160,5,459),(477,3,'LON1535',509.2900,160,160,5,460),(478,1,'',284.2600,157,157,2,461),(479,8,'',10.9000,6,6,2,462),(480,8,'',44.4100,278,278,2,463),(481,8,'',289.6000,116,116,4,464),(482,3,'DPA180',30.6400,6,6,3,465),(483,2,'CAI180',1239.2100,500,500,5,466),(484,3,'LMA150',515.4900,160,160,5,467),(485,2,'CAI180',1040.2900,519,519,5,468),(486,3,'MAR150',45.7800,14,14,5,469),(487,3,'TELAX',2.4000,0,0,5,470),(488,3,'TELAX',0.0000,30,30,2,471),(489,2,'CAI180',562.1100,146,146,5,472),(490,3,'DPA180',212.3500,42,42,3,473),(491,3,'MAN2015',32.4800,12,12,2,474),(492,2,'CAI180',337.1900,160,160,5,475),(493,3,'CAN100',612.3900,160,160,5,476),(494,3,'MAR150',181.1700,66,66,5,477),(495,3,'MAN2015',169.4700,62,62,2,478),(496,2,'CAI180',327.3900,160,160,5,479),(497,3,'MAN205',30.9000,21,21,3,480),(498,3,'MAN205',41.2000,29,29,3,481),(499,3,'MAN205',29.5000,20,20,3,482),(500,3,'CAN100',525.2100,136,136,5,483),(501,3,'CCR185',513.7900,160,160,5,484),(502,3,'CUA160',310.2500,110,110,5,485),(503,3,'CAI180',473.6900,160,160,5,486),(504,3,'ETT160',155.3500,121,121,5,487),(505,3,'DPA180',125.1400,24,24,3,488),(506,2,'CAI180',1163.6500,444,444,3,489),(507,2,'CAI180',1605.1700,480,480,5,490),(508,2,'CAI180',1249.0500,340,340,5,491),(509,2,'CAI180',410.4900,160,160,5,492),(510,2,'CAI180',1403.7000,522,522,2,493),(511,2,'CAI180',1588.6700,480,480,5,494),(512,3,'CUA160',1072.1100,336,336,5,495),(513,7,'',917.8100,360,360,2,496),(514,2,'CAI180',2133.9600,640,640,5,497),(515,2,'CAI180',1784.7700,480,480,5,498),(516,3,'GPM133',118.4500,54,54,5,499),(517,3,'FRC1412',184.9400,120,120,2,500),(518,3,'GPM133',336.6900,160,160,5,501),(519,3,'YUT180',615.2900,160,160,5,502),(520,3,'LON150',459.5100,172,172,5,503),(521,2,'CAI180',1595.8700,480,480,5,504),(522,3,'DPA180',272.0200,54,54,3,505),(523,3,'PER280',400.2900,160,160,5,506),(524,3,'CUA160',595.3900,160,160,5,507),(525,3,'MAR150',583.0900,160,160,5,508),(526,3,'DPA180',122.5600,24,24,3,509),(527,3,'MAN2015',102.3400,24,24,2,510),(528,3,'GAB1518',593.5900,160,160,5,511),(529,3,'CAN100',297.2300,82,82,5,512),(530,2,'CAI180',1073.6000,396,396,2,513),(531,2,'CAI180',2159.8000,640,640,5,514),(532,2,'CAI180',1069.3500,480,480,5,515),(533,3,'GAB1530',597.6500,160,160,5,516),(534,3,'CAN1514',616.6900,160,160,5,517),(535,3,'EXP180',582.0900,160,160,5,518),(536,3,'CUA160',593.7900,160,160,5,519),(537,3,'BPA180',405.3500,160,160,5,520),(538,3,'LON150',237.9500,80,80,5,521),(539,3,'DPA180',30.1400,6,6,3,522),(540,2,'CAI180',1616.3000,481,481,5,523),(541,2,'CAI180',234.6800,70,70,5,524),(542,2,'CAI180',1233.7700,480,480,5,525),(543,3,'ETT160',261.2900,160,160,5,526),(544,3,'DPA180',61.8700,12,12,3,527),(545,3,'LON150',494.0500,160,160,5,528),(546,3,'ATE1218',245.8800,48,48,3,529),(547,7,'',278.3500,160,160,5,530),(548,3,'YUT180',620.5900,160,160,5,531),(549,3,'LON150',496.5300,160,160,5,532),(550,3,'PER280',417.8700,163,163,5,533),(551,3,'CUA70',130.0000,41,41,5,534),(552,2,'CAI180',169.0000,83,83,4,535),(553,2,'CAI180',287.0000,232,232,4,536),(554,2,'CAI180',1612.5100,480,480,5,537),(555,2,'CAI180',1855.3700,480,480,5,538),(556,3,'CUA160',597.5100,160,160,5,539),(557,2,'CAI180',1934.9400,528,528,5,540),(558,2,'CAI180',1972.6900,611,611,5,541),(559,3,'MAN2015',63.7400,9,9,2,542),(560,7,'',276.0900,160,160,5,543),(561,3,'CAI1814',503.1700,163,163,5,544),(562,2,'CAI180',534.4200,176,176,5,545),(563,3,'DPA180',126.0400,24,24,3,546),(564,3,'GPM133',415.5900,160,160,5,547),(565,3,'MAR150',590.1900,160,160,5,548),(566,3,'LON150',537.2900,179,179,5,549),(567,3,'GAB1530',603.3900,160,160,5,550),(568,3,'MAR150',562.2900,160,160,5,551),(569,3,'GPM133',407.2900,160,160,5,552),(570,2,'CAI180',1011.2600,332,332,5,553),(571,2,'CAI180',1011.2600,332,332,5,553),(572,3,'ATE1218',123.9400,12,12,3,554),(573,3,'CAI1814',394.3000,128,128,5,555),(574,2,'CAI180',896.4200,240,240,5,556),(575,2,'CAI180',896.4300,240,240,5,556),(576,2,'CAI180',1635.3500,480,480,5,557),(577,3,'LON1535',496.4500,160,160,5,558),(578,2,'CAI180',254.0000,175,175,4,559),(579,2,'CAI180',1159.1800,444,444,3,560),(580,2,'CAI180',1228.0700,480,480,5,561),(581,2,'CAI180',410.9900,160,160,5,562),(582,3,'YUT180',204.1000,77,77,5,563),(583,3,'MAN2015',679.9400,600,504,4,564),(584,3,'GAB1530',596.2900,160,160,5,565),(585,7,'',463.0000,294,294,4,566),(586,3,'DPA180',60.7700,12,12,3,567),(587,7,'',286.5400,167,167,5,568),(588,3,'CAN1514',574.8500,151,151,5,569),(589,3,'ETT160',340.4900,160,160,5,570),(590,3,'LMA150',490.7300,160,160,5,571),(591,2,'CAI180',1723.1100,480,480,5,572);
/*!40000 ALTER TABLE `salidash_destino` ENABLE KEYS */;
UNLOCK TABLES;

--
-- Table structure for table `salidash_detalle`
--

DROP TABLE IF EXISTS `salidash_detalle`;
/*!40101 SET @saved_cs_client     = @@character_set_client */;
/*!40101 SET character_set_client = utf8 */;
CREATE TABLE `salidash_detalle` (
  `idsalidash_detalle` int(11) NOT NULL AUTO_INCREMENT,
  `id_salida` int(11) NOT NULL,
  `id_entrada` int(11) NOT NULL,
  `id_presenta` int(11) NOT NULL,
  `numero` int(11) NOT NULL,
  `bobinas` int(11) NOT NULL,
  `peso` decimal(15,4) NOT NULL,
  PRIMARY KEY (`idsalidash_detalle`),
  KEY `fk_salida_presenta_idx` (`id_presenta`),
  KEY `FK_salida_idsalida_idx` (`id_salida`),
  KEY `FK_salida_identrada_idx` (`id_entrada`),
  CONSTRAINT `FK_salida_identrada` FOREIGN KEY (`id_entrada`) REFERENCES `entradash` (`identradash`) ON DELETE NO ACTION ON UPDATE NO ACTION,
  CONSTRAINT `FK_salida_idsalida` FOREIGN KEY (`id_salida`) REFERENCES `salidash` (`idsalidash`) ON DELETE NO ACTION ON UPDATE NO ACTION,
  CONSTRAINT `FK_salida_presenta` FOREIGN KEY (`id_presenta`) REFERENCES `presentacion` (`idpresentacion`) ON DELETE NO ACTION ON UPDATE NO ACTION
) ENGINE=InnoDB AUTO_INCREMENT=877 DEFAULT CHARSET=utf8 COLLATE=utf8_spanish2_ci;
/*!40101 SET character_set_client = @saved_cs_client */;

--
-- Dumping data for table `salidash_detalle`
--

LOCK TABLES `salidash_detalle` WRITE;
/*!40000 ALTER TABLE `salidash_detalle` DISABLE KEYS */;
INSERT INTO `salidash_detalle` VALUES (1,1,30,1,92,160,571.6900),(2,1,31,1,93,160,574.8900),(3,1,34,1,96,160,566.3900),(4,1,35,1,97,240,456.2500),(5,2,32,1,94,160,472.2900),(6,2,41,1,103,160,421.4900),(7,2,42,1,104,138,153.5800),(8,3,38,1,100,125,186.7500),(9,4,6,1,19,160,642.5700),(10,5,5,1,2,160,592.5900),(11,6,33,1,95,160,570.6900),(12,7,87,4,1,46,132.9700),(13,8,9,1,24,160,644.8900),(14,9,36,1,98,160,506.0900),(15,10,91,3,11,198,544.7900),(16,11,45,1,3,144,377.6300),(17,12,3,1,30,160,269.9900),(18,13,19,1,61,160,570.7900),(19,14,25,1,81,160,520.4500),(20,14,37,1,99,160,468.0900),(21,14,39,1,101,160,345.5700),(22,14,40,1,102,55,31.0500),(23,14,44,1,2,160,509.1900),(24,15,29,1,87,160,568.8900),(25,16,12,1,30,160,597.1900),(26,17,15,1,51,160,575.8900),(27,18,24,1,79,160,584.1900),(28,19,17,1,55,160,572.9900),(29,20,11,1,29,160,644.0900),(30,21,50,1,8,160,516.5900),(31,21,55,1,13,160,514.1900),(32,21,56,1,14,160,515.3900),(33,22,84,2,14,210,366.0100),(34,23,87,4,0,32,95.5000),(35,24,92,2,2,30,57.3200),(36,25,68,1,23,143,241.8500),(37,26,85,3,3,36,181.2100),(38,27,57,1,15,160,516.2900),(39,27,58,1,16,160,493.3900),(40,27,64,1,19,160,507.5900),(41,27,67,1,22,160,523.1900),(42,28,13,1,31,87,327.8700),(43,28,51,1,9,160,578.9900),(44,29,71,1,26,162,171.4500),(45,30,16,1,53,160,573.5900),(46,31,72,1,27,160,542.3900),(47,31,73,1,28,32,70.6900),(48,32,53,1,11,160,583.4900),(49,33,70,1,25,160,465.6900),(50,34,87,4,1,160,459.5200),(51,35,48,1,6,160,517.2900),(52,35,76,1,31,160,512.4900),(53,35,78,1,33,160,519.1500),(54,36,101,1,34,119,323.0200),(55,37,20,1,62,157,525.0100),(56,38,74,1,29,80,132.4900),(57,39,43,1,1,160,580.5900),(58,39,46,1,4,160,580.4900),(59,39,47,1,5,160,583.9900),(60,39,52,1,10,160,526.2900),(61,40,103,1,36,160,506.3900),(62,40,105,1,38,160,517.6900),(63,41,110,1,40,160,502.5900),(64,42,59,1,17,160,475.3900),(65,42,104,1,37,160,472.7900),(66,42,118,1,45,160,474.9900),(67,42,119,1,46,57,166.4300),(68,43,129,1,56,160,477.7900),(69,44,121,1,48,160,510.8900),(70,45,54,1,12,160,580.1900),(71,46,123,1,50,160,569.1900),(72,47,49,1,7,160,561.4900),(73,48,126,1,53,160,512.6900),(74,49,120,1,47,160,564.0900),(75,50,117,1,44,160,584.5900),(76,51,18,1,57,160,570.7900),(77,52,112,1,42,160,521.7900),(78,52,113,1,43,160,510.6900),(79,53,102,1,35,160,555.0900),(80,54,127,1,54,160,518.7900),(81,54,128,1,55,160,520.1900),(82,55,85,3,3,36,173.0100),(83,56,93,2,1,15,28.6500),(84,57,133,1,58,160,512.9900),(85,57,134,1,59,67,219.3000),(86,58,94,2,36,536,1016.1100),(87,59,137,1,62,46,155.1000),(88,60,115,4,0,160,100.0000),(89,61,144,1,65,160,525.5900),(90,61,145,1,66,160,480.8900),(91,61,146,1,67,90,352.2800),(92,61,147,1,68,46,49.9400),(93,62,77,1,32,160,574.4900),(94,63,92,2,35,524,980.2500),(95,63,93,2,0,1,4.3200),(96,64,152,1,74,69,108.6200),(97,65,27,1,84,160,581.3900),(98,66,7,1,20,160,595.1900),(99,66,8,1,22,160,599.8900),(100,66,10,1,26,160,599.5900),(101,66,14,1,32,160,599.0900),(102,67,140,3,9,162,444.1500),(103,68,148,1,70,129,225.8400),(104,69,124,1,51,160,571.4900),(105,70,132,1,57,147,476.8400),(106,71,159,1,81,160,476.6900),(107,72,125,1,52,160,572.5900),(108,73,140,3,1,18,48.5900),(109,74,90,3,1,18,57.0000),(110,75,143,1,69,160,481.0900),(111,75,153,1,75,160,478.3900),(112,76,158,1,80,160,517.8900),(113,76,161,1,83,160,521.8900),(114,77,151,1,73,160,511.2900),(115,77,173,1,95,160,519.5900),(116,77,174,1,96,160,526.6900),(117,78,136,1,61,160,575.8900),(118,79,162,1,84,160,512.2900),(119,79,163,1,85,157,251.0500),(120,79,165,1,87,160,436.4600),(121,80,122,1,49,160,576.1900),(122,81,75,1,30,160,544.1900),(123,82,169,1,91,149,228.6900),(124,83,135,1,60,160,575.0900),(125,84,138,1,63,160,573.2900),(126,85,181,1,103,160,418.8900),(127,86,182,1,104,160,551.9900),(128,86,183,1,105,35,25.5500),(129,87,93,2,21,312,596.0000),(130,88,93,2,13,186,355.6000),(131,89,140,3,11,198,532.9700),(132,90,130,1,204,113,192.5000),(133,91,171,1,93,160,468.1900),(134,91,175,1,97,160,460.4900),(135,91,185,1,107,160,456.1900),(136,92,85,3,1,12,60.2000),(137,93,184,1,106,160,538.8900),(138,93,187,1,109,160,542.4900),(139,93,188,1,110,160,527.9900),(140,93,189,1,111,160,501.9900),(141,94,177,1,99,204,242.0800),(142,95,186,1,108,47,119.4300),(143,96,149,1,71,160,563.1900),(144,97,69,1,24,160,576.5900),(145,98,111,1,41,160,520.1900),(146,99,180,1,102,78,177.2000),(147,100,85,3,1,12,58.2700),(148,101,191,1,113,160,537.5900),(149,101,193,1,115,160,535.2900),(150,101,194,1,116,160,495.3900),(151,102,65,1,20,160,566.4900),(152,103,106,1,39,160,574.3900),(153,104,85,3,2,24,122.3400),(154,105,176,1,98,160,244.6900),(155,106,63,1,18,160,569.5900),(156,107,150,1,72,160,571.9900),(157,108,196,1,118,160,531.5900),(158,108,197,1,119,160,533.1900),(159,108,199,1,121,160,534.4900),(160,108,201,1,123,160,521.4900),(161,109,89,3,14,168,450.6600),(162,110,207,1,129,160,269.5900),(163,110,208,1,130,68,110.6600),(164,111,203,1,125,160,533.6900),(165,111,205,1,127,160,522.4900),(166,112,155,1,77,36,37.3000),(167,112,178,1,100,80,70.6500),(168,113,211,1,133,117,411.2400),(169,114,156,1,78,160,588.0900),(170,114,166,1,88,160,610.6900),(171,114,167,1,89,160,606.1900),(172,115,139,1,64,160,512.5900),(173,116,200,1,122,160,473.0900),(174,117,66,1,21,160,573.4900),(175,118,160,1,82,160,588.0900),(176,119,204,1,126,160,538.9900),(177,120,131,1,205,240,409.0000),(178,121,209,1,131,160,536.4900),(179,121,217,1,139,160,517.9900),(180,121,225,1,147,160,538.2900),(181,122,170,1,92,160,608.2900),(182,123,227,1,149,18,16.5900),(183,124,82,2,1,11,20.5000),(184,125,202,1,124,160,576.2900),(185,126,210,1,132,160,526.3900),(186,127,237,1,157,103,122.4600),(187,128,192,1,114,160,446.7900),(188,129,233,1,153,160,477.8900),(189,130,154,1,76,160,597.9900),(190,131,239,3,3,54,139.2000),(191,132,238,2,5,60,171.8300),(192,133,238,2,5,60,171.8300),(193,134,234,1,154,160,567.4900),(194,135,218,1,140,160,510.4900),(195,135,221,1,143,160,446.8900),(196,135,226,1,148,160,517.2900),(197,135,236,1,156,160,522.6900),(198,136,242,1,160,101,148.6100),(199,137,214,1,136,160,535.9500),(200,137,216,1,138,160,533.0900),(201,137,231,1,151,160,530.7900),(202,138,239,3,17,296,756.6000),(203,139,239,3,6,104,265.2000),(204,140,248,1,166,160,252.9900),(205,141,252,1,170,96,306.8700),(206,142,212,1,134,160,513.3900),(207,142,213,1,135,160,541.8900),(208,142,232,1,152,169,245.8300),(209,142,246,1,164,159,519.4600),(210,143,179,1,101,160,600.9900),(211,144,220,1,142,160,477.7900),(212,144,241,1,159,160,477.5900),(213,144,254,1,172,160,474.8900),(214,145,215,1,137,160,520.3900),(215,145,222,1,144,160,469.0900),(216,145,223,1,145,54,72.8900),(217,146,253,1,171,160,586.3900),(218,147,250,1,168,72,235.7600),(219,148,85,3,3,36,181.4400),(220,149,251,1,169,160,565.7900),(221,150,249,1,167,160,444.5900),(222,151,190,1,112,160,570.0900),(223,152,172,1,94,160,614.0900),(224,153,245,1,163,160,566.8900),(225,154,195,1,117,160,574.0900),(226,155,206,1,128,160,474.0900),(227,156,168,1,90,160,608.1900),(228,157,263,1,9,160,515.9900),(229,157,266,1,12,160,505.2900),(230,157,269,1,15,160,490.4900),(231,157,276,1,22,160,500.9900),(232,158,260,1,6,160,517.3900),(233,159,247,1,165,160,566.6900),(234,160,198,1,120,160,573.7900),(235,161,267,1,13,160,237.4900),(236,162,284,1,173,160,527.7900),(237,162,286,1,174,160,538.4900),(238,163,287,1,175,160,603.7900),(239,164,278,1,24,107,318.0700),(240,165,83,2,3,34,57.1500),(241,165,114,2,1,12,21.0000),(242,166,229,3,63,500,1679.6000),(243,167,281,1,27,160,613.9900),(244,168,224,1,146,160,570.0900),(245,169,259,1,5,160,237.9900),(246,170,157,1,79,160,586.7900),(247,170,255,1,1,160,593.1900),(248,170,275,1,21,160,597.6900),(249,170,279,1,25,160,512.8900),(250,171,277,1,23,160,614.1900),(251,172,293,1,35,160,478.1900),(252,173,282,1,28,160,523.8900),(253,173,283,1,29,163,520.1700),(254,173,288,1,30,160,540.5900),(255,174,230,1,150,160,569.2900),(256,175,265,1,11,160,583.2900),(257,176,262,1,8,160,595.8900),(258,177,272,1,18,160,215.2900),(259,178,274,1,20,160,597.0900),(260,179,244,1,162,160,568.8900),(261,180,264,1,10,160,178.6900),(262,181,219,1,141,160,473.6900),(263,181,268,1,14,160,482.0900),(264,181,270,1,16,160,482.1900),(265,181,280,1,26,160,481.3900),(266,182,295,3,3,24,119.6100),(267,183,290,1,32,160,522.1900),(268,183,297,1,37,160,539.2900),(269,183,299,1,39,160,531.5900),(270,183,300,1,40,160,479.6900),(271,184,298,1,38,160,602.8900),(272,185,238,2,4,48,140.1900),(273,186,1,1,213,32,144.0000),(274,187,314,2,2,41,43.6200),(275,188,305,1,45,160,265.4900),(276,189,313,1,53,160,480.5900),(277,190,240,1,158,160,567.3900),(278,191,306,1,46,160,535.7900),(279,191,307,1,47,160,534.8900),(280,191,311,1,51,160,523.1900),(281,192,308,1,48,160,516.3900),(282,192,309,1,49,160,504.5900),(283,192,312,1,52,160,533.9900),(284,193,93,2,18,270,506.3600),(285,194,86,2,40,480,1427.9200),(286,195,273,1,19,151,89.3000),(287,196,235,1,155,160,565.3900),(288,197,257,1,3,160,591.4900),(289,198,315,1,54,160,533.4900),(290,199,164,1,86,160,615.2900),(291,200,303,1,43,160,605.7900),(292,201,295,3,3,18,92.5200),(293,202,321,2,12,180,324.9900),(294,203,337,1,74,122,428.4000),(295,204,314,2,6,87,92.5800),(296,205,336,1,73,158,575.7400),(297,206,316,1,55,160,528.1900),(298,206,318,1,57,160,501.3900),(299,206,319,1,58,160,525.4900),(300,207,243,1,161,47,73.4300),(301,207,291,1,33,160,266.5900),(302,207,325,1,63,160,264.3900),(303,207,333,1,71,160,262.7900),(304,208,4,1,92,160,563.3900),(305,209,296,1,36,160,610.5900),(306,210,327,1,65,160,500.0900),(307,211,302,1,42,160,539.7900),(308,211,304,1,44,160,539.4900),(309,211,329,1,67,160,531.0900),(310,212,334,3,1,18,57.0000),(311,213,271,1,17,160,587.7900),(312,214,317,1,56,160,502.8900),(313,215,292,1,34,160,512.1900),(314,215,349,1,86,160,533.5900),(315,215,350,1,87,160,518.3900),(316,216,344,1,81,121,183.5500),(317,217,310,1,50,160,483.3900),(318,217,320,1,59,160,482.6900),(319,217,330,1,68,160,480.0900),(320,218,256,1,2,160,602.2900),(321,218,258,1,4,160,588.9900),(322,219,331,1,69,160,580.9900),(323,220,358,1,95,64,241.6200),(324,221,323,1,61,129,328.3900),(325,221,324,1,62,160,464.2900),(326,221,338,1,75,160,519.0900),(327,221,340,1,77,160,529.6900),(328,221,356,1,93,160,527.9900),(329,222,295,3,4,42,211.8900),(330,223,295,3,3,42,211.8900),(331,224,26,1,83,160,513.1900),(332,225,352,1,89,94,197.2600),(333,226,361,1,98,160,602.5900),(334,227,332,1,70,201,304.3000),(335,228,238,2,7,84,245.2600),(336,229,365,1,97,160,621.2900),(337,230,343,1,80,50,132.1100),(338,231,366,1,102,160,598.3900),(339,232,107,1,201,54,195.2500),(340,232,108,1,202,40,138.8100),(341,233,373,1,108,160,474.1500),(342,234,359,1,96,73,273.2900),(343,235,326,1,64,160,576.3900),(344,236,351,1,88,160,520.7900),(345,237,322,1,60,160,615.6900),(346,238,295,3,2,24,123.3400),(347,239,62,4,1,365,221.4000),(348,240,382,4,1,414,337.0000),(349,241,387,3,42,504,1321.0800),(350,242,354,1,91,160,529.1900),(351,242,355,1,92,160,532.6900),(352,242,357,1,94,160,527.5900),(353,243,353,1,90,160,516.6900),(354,244,376,2,29,348,1024.8700),(355,245,339,1,76,160,580.5900),(356,246,109,1,203,160,569.0900),(357,247,379,1,113,160,534.4900),(358,247,385,1,118,160,504.5900),(359,247,393,1,121,120,381.4500),(360,248,377,1,111,160,601.3900),(361,249,347,1,84,160,519.7900),(362,250,381,1,115,160,589.2500),(363,251,363,1,100,160,531.1900),(364,251,384,1,117,165,199.9700),(365,251,403,1,129,160,512.0300),(366,252,404,1,130,160,476.8900),(367,253,402,1,128,160,232.0300),(368,254,399,1,125,160,594.1900),(369,254,405,1,131,36,81.5000),(370,254,406,1,132,180,430.4300),(371,254,407,1,133,160,593.9900),(372,255,369,1,104,160,600.2900),(373,255,374,1,109,160,589.3900),(374,255,375,1,110,160,594.2900),(375,255,398,1,124,160,591.2900),(376,256,289,1,31,160,615.4900),(377,257,341,1,78,160,569.9900),(378,258,80,2,1,12,19.6900),(379,258,414,2,7,105,179.3200),(380,259,415,2,58,522,1415.2000),(381,260,411,1,137,178,255.9400),(382,261,362,1,99,160,534.8900),(383,261,409,1,135,160,436.7100),(384,261,410,1,136,160,541.7900),(385,261,412,1,138,160,492.2500),(386,262,295,3,5,60,300.0000),(387,263,345,1,82,160,519.6900),(388,264,395,1,123,160,480.8900),(389,264,413,1,139,160,479.0900),(390,264,418,1,142,160,477.4100),(391,264,429,1,153,160,470.8900),(392,265,335,1,72,160,607.4900),(393,266,437,4,1,443,435.0000),(394,267,438,1,203,95,171.6700),(395,268,88,2,2,30,54.7900),(396,269,23,1,77,160,522.3900),(397,270,371,1,106,160,530.9900),(398,270,372,1,107,160,521.7900),(399,270,380,1,114,160,514.1900),(400,270,420,1,144,160,500.2900),(401,271,426,1,150,160,613.5900),(402,272,430,1,154,160,588.0900),(403,273,86,2,17,204,601.4800),(404,273,294,2,19,228,622.5200),(405,274,408,1,134,160,229.2700),(406,275,446,1,167,160,482.4900),(407,276,21,1,68,160,528.9900),(408,277,417,1,141,160,514.8700),(409,277,428,1,152,105,238.3200),(410,277,436,1,160,160,482.8900),(411,277,442,1,163,160,483.2900),(412,277,443,1,164,160,527.9500),(413,278,435,1,159,160,583.7900),(414,279,445,1,166,160,582.2100),(415,280,368,3,3,21,102.7800),(416,281,368,3,3,21,102.7800),(417,282,431,1,155,160,231.8900),(418,283,400,1,126,160,601.2900),(419,284,22,1,74,160,521.8900),(420,285,416,1,140,160,539.1900),(421,285,419,1,143,160,541.3900),(422,285,447,1,204,160,530.9900),(423,286,434,1,158,160,606.4900),(424,287,444,1,165,160,580.8900),(425,287,454,1,4,160,512.7900),(426,287,455,1,5,150,456.4200),(427,289,452,1,2,160,533.8900),(428,289,459,1,9,160,517.2900),(429,289,460,1,10,160,522.6700),(430,289,463,1,13,160,349.8300),(431,290,470,1,19,160,477.7300),(432,291,383,1,116,114,220.5600),(433,291,423,1,147,154,321.2800),(434,292,368,3,6,72,366.0000),(435,293,28,1,85,159,446.1600),(436,294,464,1,14,196,386.6500),(437,295,328,1,66,160,608.0900),(438,295,468,1,17,160,607.7900),(439,296,364,1,101,160,478.6500),(440,296,461,1,11,160,517.7900),(441,296,465,1,15,160,481.8900),(442,297,477,2,29,348,1024.8700),(443,298,378,1,112,160,589.0900),(444,298,456,1,6,160,594.1900),(445,298,457,1,7,160,599.0900),(446,299,451,1,1,160,584.8900),(447,300,471,1,20,160,612.1900),(448,300,479,1,27,140,379.9600),(449,301,396,2,5,79,145.8000),(450,301,450,2,18,270,510.2800),(451,302,487,2,12,179,304.8100),(452,303,433,1,157,160,241.4900),(453,304,397,2,3,36,59.4000),(454,305,142,2,8,124,195.9900),(455,305,449,2,2,26,58.0100),(456,306,480,1,28,100,205.9500),(457,307,425,1,149,160,522.8900),(458,307,427,1,151,161,415.1200),(459,307,453,1,3,160,526.3900),(460,308,476,1,25,179,439.5000),(461,309,462,1,12,160,529.0900),(462,309,469,1,18,160,528.6900),(463,309,483,1,31,160,547.2900),(464,309,485,1,33,160,529.3900),(465,310,440,1,161,160,584.3900),(466,311,432,1,156,175,191.6400),(467,312,474,1,23,160,609.0900),(468,312,497,1,42,160,627.3900),(469,312,498,1,43,160,619.4900),(470,313,484,1,32,160,540.9900),(471,313,493,1,38,160,482.1900),(472,313,495,1,40,160,540.9900),(473,313,506,1,51,13,39.4500),(474,314,504,1,49,170,423.4600),(475,315,490,1,35,160,535.7900),(476,315,491,1,36,160,537.2900),(477,315,492,1,37,160,521.3900),(478,315,494,1,39,83,264.7900),(479,316,391,1,119,160,591.5300),(480,316,392,1,120,160,594.8900),(481,317,348,1,85,160,579.5900),(482,317,441,1,162,160,585.5900),(483,318,473,1,22,139,269.3900),(484,318,501,1,46,160,285.1900),(485,318,508,1,53,74,120.8200),(486,319,424,1,148,160,231.3900),(487,320,368,3,4,48,242.8000),(488,321,346,1,83,160,571.1900),(489,322,466,1,16,49,58.2800),(490,323,370,1,105,160,591.8900),(491,323,394,1,122,160,592.0900),(492,323,401,1,127,160,604.1900),(493,323,458,1,8,150,526.1200),(494,324,488,3,42,504,1284.6200),(495,325,496,1,41,160,528.3900),(496,326,499,1,44,160,524.5900),(497,326,510,1,55,160,532.1900),(498,326,511,1,56,160,513.8900),(499,327,368,3,2,24,121.4000),(500,328,368,3,2,24,121.4000),(501,329,421,1,145,160,233.6300),(502,330,367,1,103,160,602.4900),(503,331,475,1,24,160,535.8900),(504,332,500,1,45,160,538.1900),(505,332,502,1,47,160,531.7900),(506,332,503,1,48,160,511.9900),(507,333,530,3,5,30,149.9000),(508,334,415,2,28,252,606.8000),(509,334,448,2,0,0,17.4900),(510,335,519,2,5,60,171.9300),(511,336,505,1,50,160,485.6900),(512,336,517,1,62,160,487.5900),(513,336,533,1,75,160,504.9900),(514,337,301,1,41,160,483.6900),(515,338,526,1,69,131,213.5900),(516,339,509,1,54,160,617.7900),(517,340,96,2,3,33,79.4600),(518,340,832,4,0,100,230.5400),(519,341,486,2,39,468,1396.8100),(520,341,520,2,5,60,123.3100),(521,342,449,2,6,90,135.9600),(522,343,535,1,77,115,313.4900),(523,343,540,1,82,160,574.9900),(524,344,472,1,21,160,639.6900),(525,344,482,1,30,160,530.6900),(526,344,524,1,67,160,501.2900),(527,345,481,1,29,160,535.3900),(528,345,512,1,57,160,527.2900),(529,345,514,1,59,114,354.2900),(530,345,518,1,63,160,531.3900),(531,346,539,1,81,76,247.2400),(532,347,489,1,34,160,527.4900),(533,347,507,1,52,21,56.2000),(534,348,261,1,7,160,481.9900),(535,348,545,1,85,85,271.0200),(536,349,532,1,74,160,593.4900),(537,350,529,1,72,160,531.9900),(538,350,537,1,79,160,532.4900),(539,350,547,1,87,160,528.1900),(540,350,548,1,88,160,514.8900),(541,351,546,1,86,160,576.6900),(542,352,553,1,93,160,517.6900),(543,352,557,1,97,160,528.2900),(544,352,558,1,98,160,511.1900),(545,353,538,1,80,160,542.6900),(546,354,562,1,102,160,581.4900),(547,355,530,3,3,36,183.0000),(548,356,530,3,3,36,183.0000),(549,357,549,1,89,160,327.8900),(550,357,572,1,111,67,159.8300),(551,357,573,1,112,160,363.0900),(552,358,564,1,104,160,579.8900),(553,359,530,3,4,48,240.0000),(554,360,570,1,109,176,512.1200),(555,361,569,1,108,160,501.8900),(556,361,592,1,130,160,257.5900),(557,362,521,1,64,160,605.9900),(558,363,584,1,122,160,538.7900),(559,363,590,1,128,160,535.1900),(560,363,591,1,129,160,533.9300),(561,364,525,1,68,130,282.2200),(562,364,578,1,116,160,604.8900),(563,364,580,1,118,160,597.3900),(564,365,97,2,17,272,588.0000),(565,366,448,2,44,396,980.8900),(566,367,99,2,5,72,86.0000),(567,368,99,2,0,0,64.4000),(568,368,566,3,12,216,524.2000),(569,369,585,1,123,160,391.4900),(570,370,478,1,26,86,231.5400),(571,370,523,1,66,57,181.2300),(572,370,536,1,78,94,245.5900),(573,371,528,1,71,160,592.2900),(574,371,534,1,76,49,19.9200),(575,372,422,1,146,160,230.4900),(576,373,531,1,73,166,471.0500),(577,373,571,1,110,160,596.3900),(578,373,577,1,115,160,598.9900),(579,374,560,1,100,165,311.4300),(580,375,563,1,103,160,531.5900),(581,376,568,1,107,139,453.3900),(582,377,565,1,105,160,525.2900),(583,377,574,1,113,160,531.8900),(584,377,576,1,114,160,538.3900),(585,378,593,1,131,71,115.7400),(586,379,581,1,119,123,433.8000),(587,380,567,1,106,160,581.2900),(588,381,513,1,58,160,621.3900),(589,382,519,2,4,48,216.0000),(590,383,575,3,42,504,1292.9800),(591,384,530,3,1,12,33.9900),(592,385,390,5,0,0,81.2000),(593,386,597,1,135,160,540.2900),(594,386,601,1,139,160,530.6900),(595,386,602,1,140,160,536.6900),(596,386,606,1,144,198,326.7900),(597,387,611,1,149,105,185.7500),(598,388,554,1,94,160,525.7900),(599,389,561,1,101,160,581.0900),(600,390,610,1,148,160,356.1100),(601,391,527,1,70,160,622.6900),(602,392,598,1,136,160,533.4900),(603,392,600,1,138,160,548.0900),(604,392,609,1,147,160,545.9900),(605,392,613,1,151,160,533.0900),(606,393,541,2,10,157,228.3600),(607,394,544,1,84,160,516.6900),(608,395,620,1,157,160,630.1900),(609,396,583,1,121,160,605.0900),(610,396,588,1,126,160,606.2900),(611,396,589,1,127,160,605.8900),(612,396,595,1,133,160,606.2900),(613,396,603,1,141,75,129.6200),(614,397,616,1,153,91,61.7800),(615,397,617,1,154,160,526.3900),(616,397,618,1,155,160,560.3900),(617,398,530,3,4,48,280.2500),(618,399,623,1,160,160,277.0900),(619,400,621,1,158,160,542.7900),(620,400,624,1,161,160,545.6900),(621,400,626,1,163,160,525.3900),(622,401,604,1,142,206,512.9300),(623,402,2,1,200,64,134.4000),(624,402,60,1,200,40,91.6000),(625,403,631,1,168,160,485.0900),(626,403,634,1,171,160,531.8900),(627,404,633,1,170,160,537.2900),(628,405,628,1,165,160,371.9900),(629,406,599,1,137,160,287.1900),(630,406,632,1,169,160,283.2900),(631,407,608,1,146,160,508.1900),(632,407,614,1,152,161,483.2200),(633,407,625,1,162,160,494.2900),(634,407,635,1,172,160,446.9900),(635,408,542,2,20,300,578.5300),(636,409,648,3,3,144,78.8000),(637,410,649,1,184,153,293.9100),(638,411,448,2,46,414,1025.4700),(639,412,646,1,182,160,515.2900),(640,413,607,1,145,131,281.5800),(641,413,647,1,183,160,446.2900),(642,414,612,1,150,160,563.5900),(643,415,594,1,132,160,608.1900),(644,416,550,1,90,160,530.7900),(645,417,519,2,6,72,127.8700),(646,418,627,1,164,160,522.3900),(647,418,630,1,167,22,80.3900),(648,418,645,1,181,92,317.4300),(649,418,660,1,159,160,604.8900),(650,419,555,1,95,160,577.7900),(651,420,516,1,61,161,336.1200),(652,420,556,1,96,160,516.4900),(653,421,664,1,14,160,598.8900),(654,422,640,1,176,160,269.2900),(655,423,666,1,185,40,56.4400),(656,424,638,1,175,160,513.5900),(657,424,643,1,179,160,515.0900),(658,424,655,1,6,160,523.1900),(659,425,587,1,125,160,601.9900),(660,425,657,1,8,160,602.9900),(661,425,658,1,9,160,600.1900),(662,425,667,1,16,160,604.1900),(663,426,543,1,83,160,576.5900),(664,427,663,1,13,160,534.3900),(665,428,522,1,65,147,252.5800),(666,429,637,1,174,136,411.4100),(667,430,551,1,91,160,577.3900),(668,431,579,1,117,160,448.2900),(669,432,675,1,24,169,500.5300),(670,433,641,1,177,160,519.5900),(671,433,642,1,178,160,523.7900),(672,433,659,1,10,160,502.9900),(673,433,662,1,12,59,154.9500),(674,434,678,2,3,147,88.2000),(675,435,677,2,3,118,87.8000),(676,436,672,1,21,160,266.2900),(677,437,582,1,120,160,632.4900),(678,438,586,1,124,160,604.5900),(679,439,656,1,7,160,455.1900),(680,439,665,1,15,160,436.8900),(681,439,673,1,22,160,438.6900),(682,440,636,1,173,160,533.4900),(683,441,644,1,180,194,174.6500),(684,442,668,1,17,160,601.2900),(685,442,669,1,18,160,607.6900),(686,442,670,1,19,160,527.6900),(687,443,671,1,20,160,540.4900),(688,443,676,1,25,160,528.9900),(689,443,686,1,31,160,551.0900),(690,444,688,3,3,36,182.9100),(691,445,688,3,4,48,245.2200),(692,446,652,1,3,157,247.6200),(693,446,694,1,39,112,345.2000),(694,447,690,1,34,160,331.0900),(695,448,684,1,29,160,511.4900),(696,449,653,1,4,160,552.6900),(697,450,552,1,92,160,578.6900),(698,451,697,1,41,148,387.0400),(699,452,677,2,1,11,14.0000),(700,453,654,1,5,24,75.4500),(701,454,294,2,32,384,1071.9900),(702,455,691,1,35,173,498.5400),(703,456,700,1,42,160,578.8900),(704,457,689,1,33,160,529.9900),(705,457,698,1,38,160,535.0900),(706,457,702,1,44,160,536.7900),(707,458,448,2,44,396,981.9500),(708,459,661,1,11,160,537.2900),(709,460,708,1,50,160,509.2900),(710,461,449,2,8,124,231.5900),(711,461,541,2,1,8,52.6700),(712,462,79,2,1,6,10.9000),(713,463,100,2,1,278,44.4100),(714,464,832,4,1,116,289.6000),(715,465,688,3,1,6,30.6400),(716,466,559,1,99,180,410.1300),(717,466,687,1,32,160,423.2900),(718,466,703,1,45,160,405.7900),(719,467,683,1,26,160,515.4900),(720,468,515,1,60,158,186.1200),(721,468,596,1,134,169,451.2500),(722,468,605,1,143,30,80.8400),(723,468,650,1,1,162,322.0800),(724,469,706,1,48,14,45.7800),(725,470,95,5,0,0,2.4000),(726,471,81,2,4,30,0.0000),(727,472,720,1,62,146,562.1100),(728,473,688,3,4,42,212.3500),(729,474,520,2,1,12,32.4800),(730,475,707,1,49,160,337.1900),(731,476,730,1,66,160,612.3900),(732,477,716,1,58,66,181.1700),(733,478,520,2,6,62,169.4700),(734,479,732,1,68,160,327.3900),(735,480,735,3,1,21,30.9000),(736,481,735,3,1,29,41.2000),(737,482,735,3,1,20,29.5000),(738,483,737,1,69,136,525.2100),(739,484,701,1,43,160,513.7900),(740,485,692,1,36,110,310.2500),(741,486,715,1,57,160,473.6900),(742,487,719,1,61,121,155.3500),(743,488,688,3,2,24,125.1400),(744,489,699,3,37,444,1163.6500),(745,490,728,1,64,160,538.4900),(746,490,743,1,75,160,531.2900),(747,490,744,1,76,160,535.3900),(748,491,681,1,28,160,606.5900),(749,491,738,1,70,20,45.6700),(750,491,740,1,72,160,596.7900),(751,492,754,1,86,160,410.4900),(752,493,695,2,58,522,1403.7000),(753,494,750,1,82,160,529.1900),(754,494,751,1,83,160,528.0900),(755,494,752,1,84,160,531.3900),(756,495,685,1,30,160,602.4900),(757,495,739,1,71,176,469.6200),(758,496,695,2,40,360,917.8100),(759,497,717,1,59,160,530.2900),(760,497,757,1,88,160,526.3900),(761,497,760,1,89,160,537.8900),(762,497,761,1,90,160,539.3900),(763,498,674,1,23,160,591.7900),(764,498,680,1,27,160,598.6900),(765,498,741,1,73,160,594.2900),(766,499,765,1,94,54,118.4500),(767,500,774,2,8,120,184.9400),(768,501,772,1,101,160,336.6900),(769,502,763,1,92,160,615.2900),(770,503,711,1,53,172,459.5100),(771,504,769,1,98,160,532.1900),(772,504,770,1,99,160,526.5900),(773,504,771,1,100,160,537.0900),(774,505,688,3,6,54,272.0200),(775,506,766,1,95,160,400.2900),(776,507,729,1,65,160,595.3900),(777,508,704,1,46,160,583.0900),(778,509,775,3,4,24,122.5600),(779,510,520,2,2,24,102.3400),(780,511,781,1,106,160,593.5900),(781,512,746,1,78,69,267.8800),(782,512,777,1,103,13,29.3500),(783,513,695,2,13,117,298.2900),(784,513,797,2,31,279,775.3100),(785,514,790,1,115,160,537.5900),(786,514,791,1,116,160,545.1900),(787,514,799,1,123,160,543.6900),(788,514,800,1,124,160,533.3300),(789,515,762,1,91,160,341.0900),(790,515,788,1,113,160,357.3900),(791,515,804,1,128,160,370.8700),(792,516,801,1,125,160,597.6500),(793,517,756,1,87,160,616.6900),(794,518,712,1,54,160,582.0900),(795,519,731,1,67,160,593.7900),(796,520,796,1,121,160,405.3500),(797,521,805,1,129,80,237.9500),(798,522,775,3,1,6,30.1400),(799,523,713,1,55,160,541.9900),(800,523,749,1,81,161,535.6200),(801,523,753,1,85,160,538.6900),(802,524,813,1,1,70,234.6800),(803,525,718,1,60,160,411.8900),(804,525,742,1,74,160,410.4900),(805,525,785,1,110,160,411.3900),(806,526,710,1,52,160,261.2900),(807,527,775,3,1,12,61.8700),(808,528,802,1,126,160,494.0500),(809,529,775,3,4,48,245.8800),(810,530,619,1,156,160,278.3500),(811,531,747,1,79,160,620.5900),(812,532,818,1,134,160,496.5300),(813,533,828,1,143,163,417.8700),(814,534,831,1,2904,41,130.0000),(815,535,61,4,1,83,169.0000),(816,536,808,4,1,232,287.0000),(817,537,819,1,135,160,547.6900),(818,537,827,1,142,160,529.6300),(819,537,829,1,144,160,535.1900),(820,538,748,1,80,160,619.5900),(821,538,755,1,77,160,616.5900),(822,538,768,1,97,160,619.1900),(823,539,803,1,127,160,597.5100),(824,540,727,1,63,160,590.1900),(825,540,792,1,117,160,590.2900),(826,540,798,1,122,160,602.5300),(827,540,830,1,145,48,151.9300),(828,541,779,1,105,160,525.4900),(829,541,782,1,107,160,533.3900),(830,541,783,1,108,160,550.3900),(831,541,826,1,141,131,363.4200),(832,542,520,2,1,9,63.7400),(833,543,629,1,166,160,276.0900),(834,544,651,1,2,163,503.1700),(835,545,693,1,37,176,534.4200),(836,546,775,3,2,24,126.0400),(837,547,844,1,153,160,415.5900),(838,548,709,1,51,160,590.1900),(839,549,833,1,146,160,480.8800),(840,549,852,1,3,19,56.4100),(841,550,794,1,119,160,603.3900),(842,551,714,1,56,160,562.2900),(843,552,815,1,131,160,407.2900),(844,553,764,1,93,184,390.5700),(845,553,850,1,1,160,538.8900),(846,553,853,1,4,160,532.5900),(847,553,854,1,5,160,560.4700),(848,554,775,3,1,12,123.9400),(849,555,778,1,104,128,394.3000),(850,556,787,1,112,160,599.8700),(851,556,789,1,114,160,591.2900),(852,556,795,1,120,160,601.6900),(853,557,816,1,132,160,532.2100),(854,557,855,1,6,160,544.7900),(855,557,859,1,10,160,558.3500),(856,558,793,1,118,160,496.4500),(857,559,809,4,1,175,254.0000),(858,560,871,3,37,444,1159.1800),(859,561,821,1,137,160,404.8900),(860,561,846,1,155,160,411.3900),(861,561,860,1,11,160,411.7900),(862,562,868,1,19,160,410.9900),(863,563,858,1,9,77,204.1000),(864,564,520,2,8,96,253.9400),(865,564,810,4,1,504,426.0000),(866,565,784,1,109,160,596.2900),(867,566,808,4,1,294,463.0000),(868,567,775,3,1,12,60.7700),(869,568,879,1,27,167,286.5400),(870,569,862,1,13,151,574.8500),(871,570,878,1,26,160,340.4900),(872,571,786,1,111,160,490.7300),(873,572,814,1,130,160,532.1900),(874,572,823,1,139,160,593.8600),(875,572,824,1,140,160,597.0600),(876,567,776,3,0,0,0.7000);
/*!40000 ALTER TABLE `salidash_detalle` ENABLE KEYS */;
UNLOCK TABLES;

--
-- Table structure for table `usuarios`
--

DROP TABLE IF EXISTS `usuarios`;
/*!40101 SET @saved_cs_client     = @@character_set_client */;
/*!40101 SET character_set_client = utf8 */;
CREATE TABLE `usuarios` (
  `idusuario` int(11) NOT NULL AUTO_INCREMENT,
  `usuario` varchar(20) COLLATE utf8_spanish2_ci NOT NULL,
  `password` varchar(32) COLLATE utf8_spanish2_ci NOT NULL,
  `num_emp` int(11) NOT NULL,
  `nombre` varchar(45) COLLATE utf8_spanish2_ci NOT NULL,
  `apaterno` varchar(45) COLLATE utf8_spanish2_ci NOT NULL,
  `amaterno` varchar(45) COLLATE utf8_spanish2_ci NOT NULL,
  PRIMARY KEY (`idusuario`),
  KEY `supervisor` (`num_emp`)
) ENGINE=InnoDB AUTO_INCREMENT=3 DEFAULT CHARSET=utf8 COLLATE=utf8_spanish2_ci;
/*!40101 SET character_set_client = @saved_cs_client */;

--
-- Dumping data for table `usuarios`
--

LOCK TABLES `usuarios` WRITE;
/*!40000 ALTER TABLE `usuarios` DISABLE KEYS */;
INSERT INTO `usuarios` VALUES (1,'ADORANTES','c8dfece5cc68249206e4690fc4737a8d',2341,'ANTONIO','DORANTES','FONZ'),(2,'APEREZ','cfcd208495d565ef66e7dff9f98764da',2336,'ARTURO','PEREZ','SANCHEZ');
/*!40000 ALTER TABLE `usuarios` ENABLE KEYS */;
UNLOCK TABLES;

--
-- Table structure for table `vale_entrada`
--

DROP TABLE IF EXISTS `vale_entrada`;
/*!40101 SET @saved_cs_client     = @@character_set_client */;
/*!40101 SET character_set_client = utf8 */;
CREATE TABLE `vale_entrada` (
  `idvale_entrada` int(11) NOT NULL AUTO_INCREMENT,
  `idvale` int(11) NOT NULL,
  `id_entrada` int(11) NOT NULL,
  PRIMARY KEY (`idvale_entrada`)
) ENGINE=InnoDB DEFAULT CHARSET=utf8 COLLATE=utf8_spanish2_ci;
/*!40101 SET character_set_client = @saved_cs_client */;

--
-- Dumping data for table `vale_entrada`
--

LOCK TABLES `vale_entrada` WRITE;
/*!40000 ALTER TABLE `vale_entrada` DISABLE KEYS */;
/*!40000 ALTER TABLE `vale_entrada` ENABLE KEYS */;
UNLOCK TABLES;

--
-- Table structure for table `vale_hilo`
--

DROP TABLE IF EXISTS `vale_hilo`;
/*!40101 SET @saved_cs_client     = @@character_set_client */;
/*!40101 SET character_set_client = utf8 */;
CREATE TABLE `vale_hilo` (
  `idvale_hilo` int(11) NOT NULL AUTO_INCREMENT,
  `supervisor` int(11) NOT NULL,
  `fecha` date NOT NULL,
  `hora` datetime NOT NULL DEFAULT CURRENT_TIMESTAMP,
  `turno` tinyint(4) NOT NULL DEFAULT '1',
  `estado` tinyint(4) NOT NULL DEFAULT '-1',
  `hilo` decimal(5,2) NOT NULL,
  PRIMARY KEY (`idvale_hilo`),
  KEY `fk_vale_hilo_idx` (`hilo`),
  KEY `fk_vale_super_idx` (`supervisor`),
  CONSTRAINT `fk_vale_hilo` FOREIGN KEY (`hilo`) REFERENCES `articulo` (`hilo`) ON DELETE NO ACTION ON UPDATE NO ACTION,
  CONSTRAINT `fk_vale_super` FOREIGN KEY (`supervisor`) REFERENCES `usuarios` (`num_emp`) ON DELETE NO ACTION ON UPDATE NO ACTION
) ENGINE=InnoDB DEFAULT CHARSET=utf8 COLLATE=utf8_spanish2_ci COMMENT='Almacena todos los vales de hilo realizados';
/*!40101 SET character_set_client = @saved_cs_client */;

--
-- Dumping data for table `vale_hilo`
--

LOCK TABLES `vale_hilo` WRITE;
/*!40000 ALTER TABLE `vale_hilo` DISABLE KEYS */;
/*!40000 ALTER TABLE `vale_hilo` ENABLE KEYS */;
UNLOCK TABLES;

--
-- Table structure for table `vale_hilo_detalle`
--

DROP TABLE IF EXISTS `vale_hilo_detalle`;
/*!40101 SET @saved_cs_client     = @@character_set_client */;
/*!40101 SET character_set_client = utf8 */;
CREATE TABLE `vale_hilo_detalle` (
  `idvale_hilo_detalle` int(11) NOT NULL AUTO_INCREMENT,
  `Bobinas` int(11) NOT NULL,
  `kilos` decimal(15,4) NOT NULL,
  `destino` tinyint(4) NOT NULL,
  `tela` varchar(15) COLLATE utf8_spanish2_ci DEFAULT NULL,
  `idvale_hilo` int(11) NOT NULL,
  `presenta` int(11) NOT NULL,
  `presenta_cant` int(11) NOT NULL,
  PRIMARY KEY (`idvale_hilo_detalle`),
  KEY `FK_id_valehilo_idx` (`idvale_hilo`),
  CONSTRAINT `FK_id_valehilo` FOREIGN KEY (`idvale_hilo`) REFERENCES `vale_hilo` (`idvale_hilo`) ON DELETE NO ACTION ON UPDATE NO ACTION
) ENGINE=InnoDB DEFAULT CHARSET=utf8 COLLATE=utf8_spanish2_ci COMMENT='Guarda la informacion detallada del vale de hilo';
/*!40101 SET character_set_client = @saved_cs_client */;

--
-- Dumping data for table `vale_hilo_detalle`
--

LOCK TABLES `vale_hilo_detalle` WRITE;
/*!40000 ALTER TABLE `vale_hilo_detalle` DISABLE KEYS */;
/*!40000 ALTER TABLE `vale_hilo_detalle` ENABLE KEYS */;
UNLOCK TABLES;
/*!40103 SET TIME_ZONE=@OLD_TIME_ZONE */;

/*!40101 SET SQL_MODE=@OLD_SQL_MODE */;
/*!40014 SET FOREIGN_KEY_CHECKS=@OLD_FOREIGN_KEY_CHECKS */;
/*!40014 SET UNIQUE_CHECKS=@OLD_UNIQUE_CHECKS */;
/*!40101 SET CHARACTER_SET_CLIENT=@OLD_CHARACTER_SET_CLIENT */;
/*!40101 SET CHARACTER_SET_RESULTS=@OLD_CHARACTER_SET_RESULTS */;
/*!40101 SET COLLATION_CONNECTION=@OLD_COLLATION_CONNECTION */;
/*!40111 SET SQL_NOTES=@OLD_SQL_NOTES */;

-- Dump completed on 2019-05-10 10:16:09
